# vtk DataFile Version 3.0
facet tags
ASCII
DATASET UNSTRUCTURED_GRID
POINTS 5943 double
8.779930115000000868e-02 9.127256393000000856e-02 3.906350613000000166e-02
8.502587383004359123e-02 8.984961123034859720e-02 4.379069557927980222e-02
8.839035279703709447e-02 9.161652119482789625e-02 4.282991113783719828e-02
8.523417310121209067e-02 9.255860922258481172e-02 4.136287827563089881e-02
8.609067678153480008e-02 9.159896565429340165e-02 4.619409751892469829e-02
8.800518589946700054e-02 8.827745570014589038e-02 4.339975887509349428e-02
8.366806451561908942e-02 8.864304387172800004e-02 4.100019481228690116e-02
8.230138945212570056e-02 9.197251776895230824e-02 4.359062886677370074e-02
9.143980980000000758e-02 9.032987594999999925e-02 4.151882647999999981e-02
8.350706099999999354e-02 9.160552025000000265e-02 3.684115409999999535e-02
8.302600195885359580e-02 9.053780013413670336e-02 4.754265053749259784e-02
9.030250549000000404e-02 9.068187714000000565e-02 4.587852001000000679e-02
8.600182615929030661e-02 8.628048396382539953e-02 4.505142232175190359e-02
8.810828979086030022e-02 8.809416248796930748e-02 3.945440803617589892e-02
8.179553284194490681e-02 9.247552998099560495e-02 3.992796158564959619e-02
8.490301018013560186e-02 8.797259653570831117e-02 3.641877912353380653e-02
8.093224648395519472e-02 8.892842889823020236e-02 4.441675275330300016e-02
8.377939290004050854e-02 8.772892253877280500e-02 4.783351821564500034e-02
8.928984395042310895e-02 8.823441454262899442e-02 4.709029287057230062e-02
8.710856664792790416e-02 8.670703691373210509e-02 4.911453915518149832e-02
9.151289119351910251e-02 8.721293261330680113e-02 4.527932704855560514e-02
9.100399578197450323e-02 8.947425978809460390e-02 3.760545415519899598e-02
9.145467044933200396e-02 8.660948394724460320e-02 4.072735477791340070e-02
8.614213526633240914e-02 8.594028296496669661e-02 3.972397467082080386e-02
8.272508652532770124e-02 8.544444132861091223e-02 4.500455521969549955e-02
8.476096626179011051e-02 8.464636115834069108e-02 4.211153825317560245e-02
8.147425512559530736e-02 8.897849963549270269e-02 3.881231644316449764e-02
8.722310065999999695e-02 8.972469330000000520e-02 3.464229345000000015e-02
7.865595118093079985e-02 9.204853460675270493e-02 4.118579014966690377e-02
8.575872982919879872e-02 8.888934272564900929e-02 5.090323377893989781e-02
7.952676959679549906e-02 9.116128105639070833e-02 4.536180957117449952e-02
8.906279285604069840e-02 9.008702520388919832e-02 4.888729936344240329e-02
8.927891182668290515e-02 8.472781903683200555e-02 4.741906344959249953e-02
9.458910941999999766e-02 8.897571564000000821e-02 4.449062824000000332e-02
8.857705375351079824e-02 8.540077902034950985e-02 4.272377624586240485e-02
7.961157141848519692e-02 9.193664578683240218e-02 3.758308503725900362e-02
8.301384926000000830e-02 8.973563194000000465e-02 3.247531176000000019e-02
8.165354420775790267e-02 8.871485548636430518e-02 3.533182752581630337e-02
8.323029060380431055e-02 8.437958141831720937e-02 3.851604214359449774e-02
8.022837741524989352e-02 8.562141704268140530e-02 4.082994371716940074e-02
7.858236838582781381e-02 8.842290646202019544e-02 4.152225369631300234e-02
8.032385886750249837e-02 8.887177588850690702e-02 5.061773815950900562e-02
8.009985454429670304e-02 8.790315991608339818e-02 4.848042712311319974e-02
9.278869629000000008e-02 8.859016418000000004e-02 4.895133495000000140e-02
8.391277702166140273e-02 8.475468118030081432e-02 4.845218602627480303e-02
8.732043177535800393e-02 8.326203265759068994e-02 4.638955967084660431e-02
8.816478863931349885e-02 8.651653375788449785e-02 3.677644664316140344e-02
9.505471230000001048e-02 8.802298546000000834e-02 3.985468863999999667e-02
8.897393300884219591e-02 8.403458292568230514e-02 3.919940176789839942e-02
8.595209073600069971e-02 8.795369074331629844e-02 3.051328215946389963e-02
8.046748443834950137e-02 8.592722836031700673e-02 4.754614440483260346e-02
7.843542099000000434e-02 8.622355460999998888e-02 4.407725333999999717e-02
7.522296428999999951e-02 9.028871535999999365e-02 4.245699883000000202e-02
8.276004468217340593e-02 8.654160176776520830e-02 5.139637476568720276e-02
7.804557101491679805e-02 8.789464312128721091e-02 4.570191816807520069e-02
9.072361575640799924e-02 8.566036280788380530e-02 4.970956730329910422e-02
8.251216888000000027e-02 8.469620704999999972e-02 5.131536484000000231e-02
8.656069442442090867e-02 8.281759135575930686e-02 5.115491373955759896e-02
9.348512237489189913e-02 8.513646410191480496e-02 4.722264376865909635e-02
9.526494905606540387e-02 8.663333010350181274e-02 4.251747749361090012e-02
9.103469694250920785e-02 8.421133952185479166e-02 4.434206888305840255e-02
9.096923617493070380e-02 8.797163852224140768e-02 3.434692916367260151e-02
9.392091648508649193e-02 8.497998979338770853e-02 3.859830910815000016e-02
9.054787216311520337e-02 8.494477145475380631e-02 3.581843840430919829e-02
9.176408239987919602e-02 8.337047019291241035e-02 4.125113611292179766e-02
8.777699492862470199e-02 8.651885593670180508e-02 3.371348166478629893e-02
8.554270542923730902e-02 8.441693638166440639e-02 3.436789334982980060e-02
8.651938814199949812e-02 8.340323007207260664e-02 4.001435270582209824e-02
8.820565333652430340e-02 8.290564237944030024e-02 4.261751885231050696e-02
7.915056823930560759e-02 8.890514771205569600e-02 3.672034485944170035e-02
7.904771605074580043e-02 9.069203300956350799e-02 3.341833815621340215e-02
8.288761330476630829e-02 8.587527761485370947e-02 3.345067409662919738e-02
7.698625694852420653e-02 8.977705412582939748e-02 3.973630741116850051e-02
8.298709642382900986e-02 8.649943826626550758e-02 5.551663538702260314e-02
9.122333114398169240e-02 8.785595328798349868e-02 5.248139463335529942e-02
8.545511793648710719e-02 8.497244776562860868e-02 5.365545223523380397e-02
7.658127785000000409e-02 9.009651184000000423e-02 4.689767360999999579e-02
9.048907052430620046e-02 8.121566219325709879e-02 4.873022782570060607e-02
9.606130110732929994e-02 8.698213538034420267e-02 4.806769291805940147e-02
9.449304275472410197e-02 8.374425240149399596e-02 4.264597373854440293e-02
9.394672868877670946e-02 8.698921582829750865e-02 3.565585331839889877e-02
9.162295989952309871e-02 8.277466294806559710e-02 3.741545468355780141e-02
8.678841124312360045e-02 8.216752146626059294e-02 3.625613060255909736e-02
7.528798081571960732e-02 9.116876306647650474e-02 3.716573895451819737e-02
8.156585760110179883e-02 8.542025200271309571e-02 2.946199343007750021e-02
8.916072677786840428e-02 8.763545887577779692e-02 3.204205146137209526e-02
7.873812441750299707e-02 8.705088237847001531e-02 3.396634480753240454e-02
7.857465683799350065e-02 8.488194983426951279e-02 3.691830478377219893e-02
7.575155491650470418e-02 8.553519846236859459e-02 3.985587083531579727e-02
7.492389185974070165e-02 8.727295422446640361e-02 4.416179955919029981e-02
7.487718696992479162e-02 8.760480981100621234e-02 4.020012291343789956e-02
7.963634061853820667e-02 8.560252099665779935e-02 5.373166623079549814e-02
8.823676320858230004e-02 8.565436853150579233e-02 5.244772246407300442e-02
7.848805515216089601e-02 8.492284088569321265e-02 5.023966000232879536e-02
7.667261384077980746e-02 8.773642800495701222e-02 4.921347837050350088e-02
9.499363898999999001e-02 8.626899719000000188e-02 5.201334476000000345e-02
9.126035424993110545e-02 8.106966728179199055e-02 4.458292907230669566e-02
9.836262702999999663e-02 8.633442879000000070e-02 4.299792289999999906e-02
9.668190002500000324e-02 8.579555034999999941e-02 3.684562086999999819e-02
9.871844859774100978e-02 8.525420123332830280e-02 3.945366394534890325e-02
9.022836950466850414e-02 8.154278645629491062e-02 3.992242561190099959e-02
8.158957388919989284e-02 8.373838058460129907e-02 3.528579849686249575e-02
8.266486168000000689e-02 8.776773453000000225e-02 2.860239267000000071e-02
8.403871830568630796e-02 8.431769098584580846e-02 3.091337219695050251e-02
8.734476445958730406e-02 8.405124873460290136e-02 3.055017171711620072e-02
7.890033244999999917e-02 8.907776833000000116e-02 2.999381065000000096e-02
7.689015214621049144e-02 8.452241138944320553e-02 4.589001736147980265e-02
8.206191485697139631e-02 8.412792892290069102e-02 5.394705288370189866e-02
8.898260116999999469e-02 8.558767319000000484e-02 5.649916171999999626e-02
7.755043905841770002e-02 8.604568961079429867e-02 5.154197492366419803e-02
7.409467635752610415e-02 8.757074703429709728e-02 4.703430653834549807e-02
9.081281270528419880e-02 8.420600888614200585e-02 5.280677707705080243e-02
9.300817699618479928e-02 8.265954595021010598e-02 5.002801410792859921e-02
9.312952336739099835e-02 8.212962108241129988e-02 4.611943443486040545e-02
8.422953015230211227e-02 8.177394713349510347e-02 5.374009620150820010e-02
9.603921790540351222e-02 8.226504774689150090e-02 4.969265697645740276e-02
9.644204625433229483e-02 8.340096362070360814e-02 4.548437676674139951e-02
9.476205877203260075e-02 8.310746406013019838e-02 3.500170070856199744e-02
9.280938442531140586e-02 8.575279493581688950e-02 3.183903099892920058e-02
9.566537286925350103e-02 8.067131006022749962e-02 3.932653408165100173e-02
8.925303582893411025e-02 8.292061884217710732e-02 3.356796753254150112e-02
8.423152485500240427e-02 8.119932169428990820e-02 3.184839534113050041e-02
7.648240523909520527e-02 8.832179089320529863e-02 3.416647717838949827e-02
8.559796332999999868e-02 8.650518417000001292e-02 2.773988247000000115e-02
7.916320566121010094e-02 8.257497435265150065e-02 3.220744064609179502e-02
8.916673904298420827e-02 8.614790092636591401e-02 2.928630051792369821e-02
7.383650066416660995e-02 8.725676950092639550e-02 3.569872788641190176e-02
7.432433715255569451e-02 8.515594758347150295e-02 4.335803742050320375e-02
7.393697262000001325e-02 9.016458511000000065e-02 4.502488136000000474e-02
7.234934509342989817e-02 8.939132347187539462e-02 4.067702213988560328e-02
8.017446370158799740e-02 8.355861322118589285e-02 5.602853219492700404e-02
8.612823377226590249e-02 8.338309331218529685e-02 5.877191458455970074e-02
8.401727043358669933e-02 8.220199172024000855e-02 5.655576539695929966e-02
8.773864900818469093e-02 8.295699153786699476e-02 5.526816649073280213e-02
7.795470118259451020e-02 8.229461676394539404e-02 5.057336606555389719e-02
7.515459625097210827e-02 8.557660114236501081e-02 4.722855517415639609e-02
9.357256647345940648e-02 8.515615220637640093e-02 5.597163501671180430e-02
9.215480864112840509e-02 8.099222394696679872e-02 5.318459293748470373e-02
9.429572691310920962e-02 7.856266195596429969e-02 4.716698726590699831e-02
9.889103261844199577e-02 8.391289594402140395e-02 5.061305649397290080e-02
9.826478634545830759e-02 8.259182595401780291e-02 4.125946753744420131e-02
9.403736593492560691e-02 7.911744670568640614e-02 4.238314441822299550e-02
9.658802710776810685e-02 8.449586987673671223e-02 3.385303791940459661e-02
9.779608590446339789e-02 8.139328243082910586e-02 3.712933019993169825e-02
9.291016857615720659e-02 8.187364227416979445e-02 3.316814943059179926e-02
9.273621559000000403e-02 7.952516079000000737e-02 3.814507961000000724e-02
9.051726170385901438e-02 8.037647340994370782e-02 3.599806871191090635e-02
7.531562992116519473e-02 9.022814158883470104e-02 3.194038573061980246e-02
7.916770935000000398e-02 8.670640944999999378e-02 2.579233407999999977e-02
8.328655243000000763e-02 8.572583199000000098e-02 2.529914618000000254e-02
7.830429171997450866e-02 8.440273446253160339e-02 2.978205045483069829e-02
8.148877607766449871e-02 8.075152736406249199e-02 2.971750716873760093e-02
8.430148515979420110e-02 8.275971494510409032e-02 2.762696412786400102e-02
7.593440413890149843e-02 8.660679990223149605e-02 3.225232202536420373e-02
7.512634543452230418e-02 8.432413187618049977e-02 3.526887238673030028e-02
7.260177960042481227e-02 8.480357093610689512e-02 4.091103623452600063e-02
7.097807699876688969e-02 8.527889645923049378e-02 4.224627703720450211e-02
7.910445120735891400e-02 8.238186161244130667e-02 5.353047628832310195e-02
7.729846588641990646e-02 8.308703320627870703e-02 5.394724119562729903e-02
8.107126571018540007e-02 8.210094353472149886e-02 5.354843689927400036e-02
7.589362413349680370e-02 8.284973278569900124e-02 4.994392324118630128e-02
7.490558123314469685e-02 8.579967482893789688e-02 4.918460634498320050e-02
9.408731958721319732e-02 8.341950401680280069e-02 5.315519540927599734e-02
8.973101176502701337e-02 8.031980336807240106e-02 5.202871933078440092e-02
8.776008545063480881e-02 8.057013661650949676e-02 5.486948983231830501e-02
9.720487209273720453e-02 8.334232889230390462e-02 5.476078722418070699e-02
9.876036112784650212e-02 8.513875673966660174e-02 4.712114831308530233e-02
9.646117028183059938e-02 7.998610785863040362e-02 4.343153712161799962e-02
9.866324380434750296e-02 8.400218938630790722e-02 3.601511550763800140e-02
8.827797889500001161e-02 7.951809167999999983e-02 3.177818775499999943e-02
7.217621208940269706e-02 8.473926783969089327e-02 3.771785964676779845e-02
8.988662022586339784e-02 8.275284961713279264e-02 2.959683285183569920e-02
8.749795914000001174e-02 8.454627037000000955e-02 2.544862508999999953e-02
7.219303488500000698e-02 8.358136415500000416e-02 4.600271344250000255e-02
7.091481686000000728e-02 8.701252936999999410e-02 4.406372547000000223e-02
7.008183987987789965e-02 8.601357240966030215e-02 3.853909779745860048e-02
7.185259038972610646e-02 8.983581521910249945e-02 3.764726089331910108e-02
8.081398338660579495e-02 8.099839204764910927e-02 5.620782078362829975e-02
8.265058902870570101e-02 8.224125747173410828e-02 5.937934998582920093e-02
8.891556353641189014e-02 8.278320026293249645e-02 5.977250995450369975e-02
9.149377880561759824e-02 8.273551542916370016e-02 5.594260775122359558e-02
7.519998679759530569e-02 8.221313182235910622e-02 4.799006290456130086e-02
7.211265880830630692e-02 8.455923827864039732e-02 4.737864774767370363e-02
9.246749476778960697e-02 7.875486107608979658e-02 5.065839978716490249e-02
9.736088147084240307e-02 7.938975056625501014e-02 5.207100501476580323e-02
9.947250957284529960e-02 8.054739336672529781e-02 4.578777612482360510e-02
1.014966773500480118e-01 8.306536593256401424e-02 4.174615859660840700e-02
9.651489630966050837e-02 8.272053658520350794e-02 3.037481464794470135e-02
1.014737693744589969e-01 8.213916132998339004e-02 3.745596244302690225e-02
9.963103874399260873e-02 8.184907132420930764e-02 3.332706906630600319e-02
9.633865671757989302e-02 7.863513227786549098e-02 3.515730208187360650e-02
9.684713846571639528e-02 7.605872147121890692e-02 3.865070291715790030e-02
7.137064756645319918e-02 8.946619205811209841e-02 3.460815248010239847e-02
8.095901301250739424e-02 8.292868689910100344e-02 2.737002122965019948e-02
7.490330145181919863e-02 8.476136686949771459e-02 2.873345398324180303e-02
7.888657113847639957e-02 8.012787086460460007e-02 2.831015932883240022e-02
7.343881442973780593e-02 8.500372111703760614e-02 3.202431400774499726e-02
9.268485432421809389e-02 8.366247941042240233e-02 2.799569632105750050e-02
7.406494429191880224e-02 8.792089114190350385e-02 2.779959156799969786e-02
7.119837697775040219e-02 8.309844384212780599e-02 3.398579222331669925e-02
7.276155906566980636e-02 8.211617883508000315e-02 4.557370923687260184e-02
7.128992653379399858e-02 8.354257277726530317e-02 4.273014389210300079e-02
6.947651886296909995e-02 8.684028368982049662e-02 4.171661695931010161e-02
7.895871200322869543e-02 8.014802724282640844e-02 5.711603121059909832e-02
8.568663796398419408e-02 7.896393393623291068e-02 6.081032836829020072e-02
8.765427904140220272e-02 8.096339208282909983e-02 5.827610747604259483e-02
8.241020862742040598e-02 8.051941736574100283e-02 5.574946291280809957e-02
7.434162206339729739e-02 8.326353823543089505e-02 5.091899110213050222e-02
9.205083525188230420e-02 8.326179143041570474e-02 5.929589408878330192e-02
7.951901988463530579e-02 7.912814204750130698e-02 5.449254920732329865e-02
7.641009004539270344e-02 8.040905688761529335e-02 5.297770484613659875e-02
7.368920344068551065e-02 7.868306638977209944e-02 4.926651470981630032e-02
9.542058241192130641e-02 8.106828710670849203e-02 5.516798977694590406e-02
9.121552660941330271e-02 7.762640946975721268e-02 5.447595478590579882e-02
9.143278554798570101e-02 7.963302116262940822e-02 5.718848385974939497e-02
8.504158405126389930e-02 7.975412780312540750e-02 5.650873159723769634e-02
9.688881097755469574e-02 7.635573484118041154e-02 4.472148100325029629e-02
1.005727873667009997e-01 8.055632692383869753e-02 5.426604753834050193e-02
1.001999207723209967e-01 7.891077974333239597e-02 4.862829470659970482e-02
1.013104167271609984e-01 8.301627523617699511e-02 4.640382662059200358e-02
9.712326377227020746e-02 7.851177737835039749e-02 4.834917046187929557e-02
9.948866049411719814e-02 7.880881876440619382e-02 4.210508011429400094e-02
1.014207971081190068e-01 7.873318437252720126e-02 3.924054537891669830e-02
9.598731559516900103e-02 8.005434302876109076e-02 3.132852500080129943e-02
9.225071037168490473e-02 7.957571062888600666e-02 3.081740082754230031e-02
9.944165199349440376e-02 7.642457970460370120e-02 3.740858297413849481e-02
9.297239549486370491e-02 7.785065581948609481e-02 3.381939768835760113e-02
8.710297342639450324e-02 8.079727158914989937e-02 2.859675712909650128e-02
7.177573258055940097e-02 8.904332176921890551e-02 3.070878352875270126e-02
6.945799937757030085e-02 8.545254580749249429e-02 3.503740510982869538e-02
8.126834100558789908e-02 8.241000734475369127e-02 2.446671568938020222e-02
7.743311220516128912e-02 8.252039077850958915e-02 2.718506207880529851e-02
8.489800521652880738e-02 8.373182478611661261e-02 2.291600434275800277e-02
7.470549106999999078e-02 8.238811493000000596e-02 3.187519788999999826e-02
8.350703715999999166e-02 7.784351110500001281e-02 2.677614569499999972e-02
7.038258313999999627e-02 8.321202278000000563e-02 3.991017103499999719e-02
6.889074283732360415e-02 8.376020591952980376e-02 4.464942722417460097e-02
6.905725717500001137e-02 8.816489219999999738e-02 3.815722704000000520e-02
6.678345401541220527e-02 8.511761699131889514e-02 4.067037822567620003e-02
7.713150933494959671e-02 7.768700077720300246e-02 5.527690448545630186e-02
8.259906278581689854e-02 7.947520249223780087e-02 5.912515744456300210e-02
8.631796113534619119e-02 8.142950873860821392e-02 6.218786411915829676e-02
9.526154327848469772e-02 8.238299687384240122e-02 5.835413630178680477e-02
7.610573704315751198e-02 7.704799366888240297e-02 5.263105220123210498e-02
7.363293130201239989e-02 8.050210875181530723e-02 4.999929365953560689e-02
9.500603244046521012e-02 7.800292804707290029e-02 5.426067137124910428e-02
1.019125207808489891e-01 8.107334294633290750e-02 5.030945050889759629e-02
9.965429447251850092e-02 7.888910449619519760e-02 3.601679636434560600e-02
7.020221075676061351e-02 8.595444984298360180e-02 3.191060076453180322e-02
6.768644332999999846e-02 8.296309470999999047e-02 3.637574195999999926e-02
8.011836782537780366e-02 8.414768570017649996e-02 2.200928112036349901e-02
7.432777881267479958e-02 8.337197340065601037e-02 2.542495112676010013e-02
8.568823953469609234e-02 8.084844659210459195e-02 2.497654466086380101e-02
9.147664070000000036e-02 8.216103553999999642e-02 2.452191591000000073e-02
8.867475353374050517e-02 8.154360587619539913e-02 2.563143939415670272e-02
6.905171146231239843e-02 8.215800609930640208e-02 4.343339952793120323e-02
6.773071320402100637e-02 8.201215992007010458e-02 3.892245963623700011e-02
6.672521759503470540e-02 8.234199939746809915e-02 4.034608457307270468e-02
7.465902754365799643e-02 7.912508833858500346e-02 5.388723171563700176e-02
8.022275391951701196e-02 7.794855821286980624e-02 5.837692441176150354e-02
8.402542990439469672e-02 7.866591656192639670e-02 6.285158758031360315e-02
8.960474710301651047e-02 7.828724235452019786e-02 6.090211406258949633e-02
7.079572090479090141e-02 8.056969326542280652e-02 4.901081563630530630e-02
9.851966845209149393e-02 8.020199565698189759e-02 5.869557856700839682e-02
9.611870201057989838e-02 7.444142090891650576e-02 5.131074787361870199e-02
8.712152363459699234e-02 7.770296052536529441e-02 5.869521920639469981e-02
9.765077473515500206e-02 7.513574744653241100e-02 4.757998644548300238e-02
1.006124682339559900e-01 7.629116122472630324e-02 5.227395530089639503e-02
9.715830188547490420e-02 7.882135433485520926e-02 5.637806471570149663e-02
1.040502330600990011e-01 7.940126222871980721e-02 4.744978025156449536e-02
1.033780032071670019e-01 8.091626287879061241e-02 4.422797761467249511e-02
1.042302703999999913e-01 7.970216750999999100e-02 4.079036236000000565e-02
9.673498146667500186e-02 7.965514101848331086e-02 2.597695914169190212e-02
1.000245445802670080e-01 7.957525006461159400e-02 2.985495478719079818e-02
1.024457669519709957e-01 7.933352993149000998e-02 3.338634665648209515e-02
9.894647759143100629e-02 7.726187347950989881e-02 3.329073667254169727e-02
9.833097421239619940e-02 7.253332310037190200e-02 3.464392804412800425e-02
9.520069825356861082e-02 7.459994060240550395e-02 3.253713621176329562e-02
9.660961553243190003e-02 7.726978885392880858e-02 3.034647081814939931e-02
8.968804835999999447e-02 7.683028697999999546e-02 2.898560643500000186e-02
6.734077754735119659e-02 8.744783296204611256e-02 3.295492906436089942e-02
6.617510006070949358e-02 8.348734790746820122e-02 3.642186817680349853e-02
7.771161560710250493e-02 8.413152158400859226e-02 2.414803257666810199e-02
7.501099411524189686e-02 8.541743334601549498e-02 2.332903457538250055e-02
7.076856912578219361e-02 8.389343108387530001e-02 2.844914590572720017e-02
7.408125178699440094e-02 8.021965942925460280e-02 2.825077522529400101e-02
8.815829830736059136e-02 8.194017368315020811e-02 2.206960353604740105e-02
7.068174095557000491e-02 8.137091747960539800e-02 3.067485077537950022e-02
8.926117589519529105e-02 7.913966836148479678e-02 2.677375686703810029e-02
6.740931222841820003e-02 8.135292968311050310e-02 3.315669824796010218e-02
6.700474049269969368e-02 8.382895918433920512e-02 3.154217049014230306e-02
7.167986317099650506e-02 8.038872229387448998e-02 4.751881202080279754e-02
6.820029311390969629e-02 7.965543703381679219e-02 4.274827084841380243e-02
6.922070210353620245e-02 7.992908863847821010e-02 4.571983397628989754e-02
6.452633542282269763e-02 8.517229041750860874e-02 3.700777880991339835e-02
8.006671480248199468e-02 7.705571803387351038e-02 6.082515825872199938e-02
7.676324999149181094e-02 7.686225588514659923e-02 5.757843703264290541e-02
8.776435545782439174e-02 7.882788386443589923e-02 6.486830873396530472e-02
8.224324825022261143e-02 7.633224930897360150e-02 6.166258988902980492e-02
8.328117371000000324e-02 7.777394772000000012e-02 5.904235840000000152e-02
9.230795355240520306e-02 7.974918899388180882e-02 5.988585547247120278e-02
7.419897471120770471e-02 7.757990196221010992e-02 5.237284602178279846e-02
9.515638772553179636e-02 7.850224109083810131e-02 5.871344045958360597e-02
9.374964325530910081e-02 7.400803585890461389e-02 5.558784390896949479e-02
9.505057465637339886e-02 7.631902329669040808e-02 5.680839624131370225e-02
9.062467017042580286e-02 7.504465523423310691e-02 5.842192265756600278e-02
1.007316831972050047e-01 7.554621910954489872e-02 4.139325252265940031e-02
1.039073978403600024e-01 7.730955928749271011e-02 5.265579181856269719e-02
9.797290056232720035e-02 7.618464038122518822e-02 5.513251792290990022e-02
1.033880986693760107e-01 7.722001012155430000e-02 4.510109404651080345e-02
1.000952462553960087e-01 7.632977290899760348e-02 4.568968876504030108e-02
1.048856820423230002e-01 7.803938303170709911e-02 3.703738095045919915e-02
1.027684908245870138e-01 7.496193563799370685e-02 3.430259016265100463e-02
9.443767919998000138e-02 7.922477114758511019e-02 2.734028039476429917e-02
1.000696402196179918e-01 7.227504042524830752e-02 3.912331740378250516e-02
9.348827432555389949e-02 7.486492368354089044e-02 3.019993046944560028e-02
6.882310152499999945e-02 8.751911640500001366e-02 2.873614907500000176e-02
8.007568534213201084e-02 8.179999626155080861e-02 2.190253522233299999e-02
7.950966728799391259e-02 8.011397052956259479e-02 2.440879719435670031e-02
7.023820148247629513e-02 8.615541277074170723e-02 2.523021007836419999e-02
7.625552186420508916e-02 8.155663371801719075e-02 2.250373107333610012e-02
7.687618979239650707e-02 7.851110321829471439e-02 2.575024093585410317e-02
8.261151618865579527e-02 7.955453538352989795e-02 2.198957022361080343e-02
6.584835240144970570e-02 8.219589762538760669e-02 4.235943828511670034e-02
6.600719668253120231e-02 7.960925916561860383e-02 4.458387453374469678e-02
6.378475350143740508e-02 8.251557122768359009e-02 3.987262551853280185e-02
7.884826878467320055e-02 7.555820814150050746e-02 5.659409976285410121e-02
7.622269356043810673e-02 7.436112632227979968e-02 5.705179884870229673e-02
8.556142083712921231e-02 7.614139592498270215e-02 6.619853866768429795e-02
9.043067163071169534e-02 8.073481048009829852e-02 6.228859901571870417e-02
8.457911968000000891e-02 7.455382823875000842e-02 6.464636981500000712e-02
8.779595843323111104e-02 7.497606486701209605e-02 6.134974266374890184e-02
9.297086219124670037e-02 7.547823684917159826e-02 5.917527228445260135e-02
9.487624977798969628e-02 8.049842820854900827e-02 6.190423251266280458e-02
7.334066226055580007e-02 7.475605085126320326e-02 5.150498561334539843e-02
7.195203951475490078e-02 7.588374743714419723e-02 5.099234935599820245e-02
7.085682063047429868e-02 7.855268981942330198e-02 4.658309563363140227e-02
7.053014125470029316e-02 7.781844152751039856e-02 4.883151162457630146e-02
7.146545172000000334e-02 7.641616344499999047e-02 5.277593136000000018e-02
9.987070084000000680e-02 7.306463718000000274e-02 4.420281410000000133e-02
1.016106320804740087e-01 7.667897816057339666e-02 5.834689306862379798e-02
1.033818092527560017e-01 7.539461896927010520e-02 4.796348038714710188e-02
1.007635640532620058e-01 7.436886920748010665e-02 4.911342912705430469e-02
1.046891002557430034e-01 7.510917250692650260e-02 4.132095599311300105e-02
1.035403992214039975e-01 7.492858040882940940e-02 3.827701934718479720e-02
1.022643139734950024e-01 7.259445333912130371e-02 3.640877656125809936e-02
9.160811344278410595e-02 7.643633807432000105e-02 2.626857110609800289e-02
8.682944937139540353e-02 7.586885991026530440e-02 2.592638391270550222e-02
8.715757736429789737e-02 7.782106873457420027e-02 2.346641309825890295e-02
6.497814569137870533e-02 8.012848727445920360e-02 3.775154162703540234e-02
6.443852900999999522e-02 8.104754447999999722e-02 3.537484168999999873e-02
8.407324187391179704e-02 8.137709034914800132e-02 1.951184867886089983e-02
7.035011506737909315e-02 8.421296925463930827e-02 2.208607866931560151e-02
7.154528448261320006e-02 8.188884413968369747e-02 2.453499400015270171e-02
7.414474765814339785e-02 7.976929975572599751e-02 2.282689739348469846e-02
9.038349570620439477e-02 7.882436004011410258e-02 2.338809220607080200e-02
7.999946162286790396e-02 7.745562564105450132e-02 2.519814350210860046e-02
6.565549296233379184e-02 7.858435213413890452e-02 4.271994044309389976e-02
6.811433180172869750e-02 7.904510279961410313e-02 4.728495127746950438e-02
6.352021273380489830e-02 7.989242948828970126e-02 3.927416514901579947e-02
7.410087056465440580e-02 7.566217551193510360e-02 5.575755446640479757e-02
7.369683955656719521e-02 7.486216731100539534e-02 5.409144634605650426e-02
7.929840207648000683e-02 7.473736567880059911e-02 5.999978480009429682e-02
8.707633819733959224e-02 7.618204177266109378e-02 6.329245494642020409e-02
8.243801753181030645e-02 7.592757812729530875e-02 6.424808401806289537e-02
8.451009750000000598e-02 7.496526718000000311e-02 6.282143593000000248e-02
9.265395236985080052e-02 7.656263414738259665e-02 6.207027936290659964e-02
7.535202573453168851e-02 7.361918098034710145e-02 5.464493944852019669e-02
9.815564496041710718e-02 7.673116131393699357e-02 5.857896458915080179e-02
9.796802512149760389e-02 7.337051964079449595e-02 5.432122438362389782e-02
1.044720227878590119e-01 7.379683454744530302e-02 5.599433655116790171e-02
1.003759566010840043e-01 7.325422892892369253e-02 5.725518423579639693e-02
1.061390547899640074e-01 7.706341026529049676e-02 4.435036152622920391e-02
1.059827362499609904e-01 7.601088682267460872e-02 4.868595888637550217e-02
1.069478209687240028e-01 7.579673642416399904e-02 4.009105387995980097e-02
1.001852569091310069e-01 7.511377844533340120e-02 2.814649754267410306e-02
9.274311142636079697e-02 7.956333942786850133e-02 2.217272942328949933e-02
9.638680308422301057e-02 7.496578477321790002e-02 2.658734918020239785e-02
1.012081601197679925e-01 7.687536577891838918e-02 3.169881396324000095e-02
9.856819420669669929e-02 7.391873150624420075e-02 3.118770111816240170e-02
1.010639793595820152e-01 7.001957176608990252e-02 3.646619496782300268e-02
9.305800850112461164e-02 7.211618567140050395e-02 2.633614600642660009e-02
6.399858524049829855e-02 8.554719945273650539e-02 3.037316671003340018e-02
6.330370900299379933e-02 8.181004799876420708e-02 3.258978710622520425e-02
7.926557358798930197e-02 8.124404112056879401e-02 1.788678240122189983e-02
7.672782716475980147e-02 8.326769974517950201e-02 2.019252826631290354e-02
7.346945348926310626e-02 8.327776541298839708e-02 2.033105560335620246e-02
6.868808937860070019e-02 8.329756367170909614e-02 2.556152853463699789e-02
7.063974597908059816e-02 7.892260420534680243e-02 2.732485683616609970e-02
7.393760899031849576e-02 7.725844945995691271e-02 2.454822899347629955e-02
8.444270078633268894e-02 7.849597387545979854e-02 1.992173344977949886e-02
8.373509086947020230e-02 7.638679116940619296e-02 2.212825915273010022e-02
6.722574064707960428e-02 7.927531267330301112e-02 2.964740994260270032e-02
6.637106097491170253e-02 8.068714327791880192e-02 2.715846885301500049e-02
6.360842519234390091e-02 8.515789587145490558e-02 3.341598677193100692e-02
6.544108953199261058e-02 8.342401361262428983e-02 2.820236926192489987e-02
6.871427833419450903e-02 7.592613191152419727e-02 4.611096475923920357e-02
6.779136646657180076e-02 7.624075942564169373e-02 4.709634052100390711e-02
6.266681917047280115e-02 8.199049276079310722e-02 3.592795498175080371e-02
6.404102320712350138e-02 7.975641877105291155e-02 4.235685921872069798e-02
8.138888076302600028e-02 7.433756635242830257e-02 6.052456913284049583e-02
7.613197643978990292e-02 7.369431617065951012e-02 5.934356339971610245e-02
8.944998816214699833e-02 7.472744675186160368e-02 6.388836796144960195e-02
8.104442432359440507e-02 7.346291143055780348e-02 6.314010204523300140e-02
7.137651679994949649e-02 7.610415427192260274e-02 4.863810058867090030e-02
6.898146925680889718e-02 7.697824717068950384e-02 4.988436426462219964e-02
9.865330465504619506e-02 7.739428147394769586e-02 6.231442039587990062e-02
9.696823205864220363e-02 7.495711513248760893e-02 6.106549815630869793e-02
1.002147608266519968e-01 7.134022504364520567e-02 4.845948229228429910e-02
1.006621571390149961e-01 7.217304712511520004e-02 5.194114596539720075e-02
9.675244186414759529e-02 7.215806115933250109e-02 5.843635148009259511e-02
9.598780724898620109e-02 7.175802863728630854e-02 5.478694897042039880e-02
9.315637884665141366e-02 7.147072937187538832e-02 5.854269309607890159e-02
1.025005116884779993e-01 7.301821713742960573e-02 4.116154053471159785e-02
1.023168428937410029e-01 7.401527205074549809e-02 4.531492342993429651e-02
1.040135745544569917e-01 7.397370794177210440e-02 5.057938339806099942e-02
1.080632646806689995e-01 7.299212318149300716e-02 4.716470892353230582e-02
1.050012887334210027e-01 7.670066808613330844e-02 3.388428573158579898e-02
1.073305525485220013e-01 7.430244603414230820e-02 3.614739363925210253e-02
1.002053432571649999e-01 7.793467564976469530e-02 2.723650206226109829e-02
9.446357008959499479e-02 7.661731970266680292e-02 2.502023449964060203e-02
1.032355826072490074e-01 7.598135437281559879e-02 2.866196199158880034e-02
1.025095008018989950e-01 7.123876007502680241e-02 3.352359114735560530e-02
9.649819568179400509e-02 7.242866611560409840e-02 3.015371597799470019e-02
1.035288237480680024e-01 7.010917942052370677e-02 3.705661334303710086e-02
8.923202324947669684e-02 7.398546083959429975e-02 2.526922029296040095e-02
8.606941654916680506e-02 7.404507654316390408e-02 2.358742120668450015e-02
6.396405797363910462e-02 7.949940763191271076e-02 3.188991079226589920e-02
7.754916785563760462e-02 7.912666761101840029e-02 2.045404555770660021e-02
6.557793952454889219e-02 8.559800283285129430e-02 2.651346723782370060e-02
7.620754987809551240e-02 7.662869465894110721e-02 2.065750098092370216e-02
8.855616194796420149e-02 7.912950965114000368e-02 1.904471928341899822e-02
8.244881656449730423e-02 7.912451880697329853e-02 1.643848960673830253e-02
6.604968685435599896e-02 7.569226543127949292e-02 4.344254564395310519e-02
6.631184770194460676e-02 7.560621215484851498e-02 4.792260321329880335e-02
6.353978105000120113e-02 7.638512589115289964e-02 4.441776661992779401e-02
6.126181351278030263e-02 8.191238765546800249e-02 3.792651983506380164e-02
6.123777356147529910e-02 7.830579909135970684e-02 4.032409453704310226e-02
7.807246572132450768e-02 7.265705111762379986e-02 5.837293685362310303e-02
7.976464570681360278e-02 7.300717472747560166e-02 6.465533176908359880e-02
7.229715244813669783e-02 7.294911861957170673e-02 5.639629841626790652e-02
7.580419735746329879e-02 7.188361851508109912e-02 5.935591985088250339e-02
8.928457195517611189e-02 7.567512238901170918e-02 6.763049173648449930e-02
8.343259702218040752e-02 7.359456435581880618e-02 6.739489803130889467e-02
9.186316809507900916e-02 7.803680425308850976e-02 6.556163978175419405e-02
8.215194687581450772e-02 7.198866530043609990e-02 6.604336595939991339e-02
8.205406542337800868e-02 7.157063085027889904e-02 6.377682740495300984e-02
8.605308991963800391e-02 7.209109317114520410e-02 6.422093557936939257e-02
8.967951184129099862e-02 7.282018834529960238e-02 6.112608530403060292e-02
6.962910713551619113e-02 7.262736219023741002e-02 4.952131313106279686e-02
7.030685873921410645e-02 7.209939028239469028e-02 5.279057609290420394e-02
7.147398848474280364e-02 7.082569544024780450e-02 5.321750774128360117e-02
6.877745533611109852e-02 7.443312122380130180e-02 4.946996465979879715e-02
9.864770576312260897e-02 6.974813143937569349e-02 5.260297897976280723e-02
1.024958246631109959e-01 6.884907946799311007e-02 4.046808370482690015e-02
1.035472212880730047e-01 7.213539932687089429e-02 5.975712408096470196e-02
1.031552994852390076e-01 7.184319890909571238e-02 5.374494393448930180e-02
1.066706345479099954e-01 7.265938932329560340e-02 5.222018568460719962e-02
1.009639407757129959e-01 7.461296853546049712e-02 6.170037058006219710e-02
1.041265464185759937e-01 7.109748143638890128e-02 4.895518606255780392e-02
1.052043303978900113e-01 7.324520199732080517e-02 4.470374715206899829e-02
1.089965490044649959e-01 7.232808639156271258e-02 4.228100710672200169e-02
1.082901294265320030e-01 7.342382043553870308e-02 3.902766755950000388e-02
1.052628342893909968e-01 7.209783312593399940e-02 3.905963875026910448e-02
1.062509889911020106e-01 7.091364975910370572e-02 3.519878464713060290e-02
1.000436095609070070e-01 7.584643555045589292e-02 2.401729497504890079e-02
9.593851566000000108e-02 7.687489033000000083e-02 2.169656276499999994e-02
1.019356901598249959e-01 7.323752241008300856e-02 2.983826602456160146e-02
1.000270349719459967e-01 6.908080216846879118e-02 3.203620271752159743e-02
9.187531137103749357e-02 7.589448466846369923e-02 2.299917833075140056e-02
6.048273838777829675e-02 7.851461400564570259e-02 3.716260311016940376e-02
6.228794295112589918e-02 7.843005693272910028e-02 3.479669100902639534e-02
6.155776619543780470e-02 8.351635466979009936e-02 3.531999889943770315e-02
7.497713159444430175e-02 8.154483525922970322e-02 1.791525558087840239e-02
7.778815798573750218e-02 7.550306837883370703e-02 2.272449144817220018e-02
7.211146424472239524e-02 7.995385853295799983e-02 2.054000623709920093e-02
6.676508935513550402e-02 8.445582843739189716e-02 2.347434201732310002e-02
6.785108812329650185e-02 8.156837454163100298e-02 2.271527748266440050e-02
6.917719073873880575e-02 7.897432066678500284e-02 2.378216969561830138e-02
7.055304265599049440e-02 7.715866664126440344e-02 2.509781397359489921e-02
7.208228623773191290e-02 7.674791660742029398e-02 2.098062307489010139e-02
8.854931376620750472e-02 7.694178533816919963e-02 2.030673716599410220e-02
8.530414175270639721e-02 7.826776685771909270e-02 1.679820088505369971e-02
8.204290339283559774e-02 7.632005136228170450e-02 1.821363071605049816e-02
8.220590641596170478e-02 7.473259627857009590e-02 2.285771775140759896e-02
7.985153471094499911e-02 7.641816900267690837e-02 2.089276791617690129e-02
9.198498275996189188e-02 7.669594359290249352e-02 1.862239072936619846e-02
6.416424312089169524e-02 7.684997254953400414e-02 4.021211510461070171e-02
6.502477763857959780e-02 7.504691510845300229e-02 4.433982593611510148e-02
6.249110058874619844e-02 7.603808672438050476e-02 4.100842589046940073e-02
7.488150453915659588e-02 7.058514321187479845e-02 5.715245679471669948e-02
7.290620121154640920e-02 7.148256148328170634e-02 5.633492809963380060e-02
7.779807344027270255e-02 7.132582697628200852e-02 6.234794636020559583e-02
9.002545994793030582e-02 7.403601852680340156e-02 6.697350345309040220e-02
8.566487257337160321e-02 7.163139731395280763e-02 6.753563273813729950e-02
9.571833555167449936e-02 7.439670648139809495e-02 6.397401303298470843e-02
9.353403806503600426e-02 7.192317452396679300e-02 6.218568073440899902e-02
6.860415081793580505e-02 7.342964165206730676e-02 5.211530093637689598e-02
9.948902896233050019e-02 7.042566315262210885e-02 5.534103278223449773e-02
1.029201396519920098e-01 7.146785359769719514e-02 4.581101553979180507e-02
1.027236204453530061e-01 7.004083259549889751e-02 5.702293019668960156e-02
1.063991476428780142e-01 7.372735136948950496e-02 3.135380345327890006e-02
1.051376921060560021e-01 7.013171698076289817e-02 4.226814117221960182e-02
9.793673324904300648e-02 7.223729420490680730e-02 2.618048224313260230e-02
9.531177438636681543e-02 7.423276884885320059e-02 2.251169509075780228e-02
1.030639533487850146e-01 6.660453838460850262e-02 3.563230618231359725e-02
9.215738926829221411e-02 7.321019838315780126e-02 2.139341581065119791e-02
6.138121343824359810e-02 8.338912725959220229e-02 3.222134661773690123e-02
6.176357704551249661e-02 8.387428085199979955e-02 2.807806720754800131e-02
6.117444717487900002e-02 8.024088958273060956e-02 2.999491748458050014e-02
5.877276421000000167e-02 8.176121711999999320e-02 3.554897308000000422e-02
7.081457969712449951e-02 8.157839458038040892e-02 1.825074134390569994e-02
6.758267744721380144e-02 7.631398966989980104e-02 2.561060869524629802e-02
7.422257262881690187e-02 7.415737565459160074e-02 2.154656113993020164e-02
8.801882377128900092e-02 7.364813214403630182e-02 1.891616582177500089e-02
8.397319023782610914e-02 7.367215784714049864e-02 1.974047934381420108e-02
6.637895714828699611e-02 7.293770185822219532e-02 4.567017863941259803e-02
6.205121121396810213e-02 7.775234584849530228e-02 3.736513772208920059e-02
6.536627168207080618e-02 7.300934111056800457e-02 4.685777110796860573e-02
7.944602392299590643e-02 7.103175600613970131e-02 6.194889714829230482e-02
7.581183135814140162e-02 7.098585386458419744e-02 6.393580277513420673e-02
7.259859561999999766e-02 7.017889022999999893e-02 5.998053074000000290e-02
8.703723365610399609e-02 7.333805150858120625e-02 6.930490352473969717e-02
9.215915166918510482e-02 7.332203040336940369e-02 6.519520986709970156e-02
7.882016822304270531e-02 6.979171244204009084e-02 6.643983324907659638e-02
9.587678909000001137e-02 7.638214588000000194e-02 6.597797394000000371e-02
9.962460198276100465e-02 7.341906342183890377e-02 6.505769698124680422e-02
1.013530277188370021e-01 6.780267384083690785e-02 4.983038585286119621e-02
9.631525484166640616e-02 6.861668095649589572e-02 5.685842727953230313e-02
9.390124447602039848e-02 6.763096090578059327e-02 6.032318719403099994e-02
9.723334556159900222e-02 7.185492634304650739e-02 6.266139865678489740e-02
1.000489800127499912e-01 6.846151553495150033e-02 5.769419292480990058e-02
9.020682403000160332e-02 6.927883239335280718e-02 6.304413401765530944e-02
1.030277026183340078e-01 6.714212063739950775e-02 4.535133503330970178e-02
9.991950782002190223e-02 7.008276236258918768e-02 6.145239176112720497e-02
1.061221265266139996e-01 7.041652773180390179e-02 5.608117601858010615e-02
1.019523133134530024e-01 6.820479840863490073e-02 5.337974407851690112e-02
1.071475439829060045e-01 7.008897404811299803e-02 4.562858078742580009e-02
1.089304829000000002e-01 7.091461182000000085e-02 3.350448846999999619e-02
1.095863892124760153e-01 7.106825414364791038e-02 3.783923014013110264e-02
1.033256763314179955e-01 7.300982851559820186e-02 2.456530782220560025e-02
1.010664121266819926e-01 7.075803295952420857e-02 2.380217708833439957e-02
9.818993142828270904e-02 7.222903514040970863e-02 2.336586317691400141e-02
1.058173009826629957e-01 7.200750123911919820e-02 2.734913782789820044e-02
1.018685839225959983e-01 6.942180622720750538e-02 3.041098487380860041e-02
1.047116618211159922e-01 7.062232598520611082e-02 3.141145895524550397e-02
1.053647074262809985e-01 6.781354074330489534e-02 3.261242011282279585e-02
9.746859204509410179e-02 6.931080438799590293e-02 2.778877019459769990e-02
1.060311035898629933e-01 6.859867669937780299e-02 3.850423605758280382e-02
8.990546935790728889e-02 7.136898294919170882e-02 2.302169012522650021e-02
9.508773981684780219e-02 7.108678696012400711e-02 2.331304239779959792e-02
6.305908590123500412e-02 8.333391846170030981e-02 2.405694924270759816e-02
6.041178557455099962e-02 7.683598844071080902e-02 3.121924104217740220e-02
5.902635001819769855e-02 7.877577910135490080e-02 3.369725790086219863e-02
6.416455442788719654e-02 7.682097672772549013e-02 2.815352035410240150e-02
7.623174279448079182e-02 7.889426041283240099e-02 1.508093632344150066e-02
7.903801291694791120e-02 7.641954851165611018e-02 1.683362276711730318e-02
6.597522598217450684e-02 8.179823540404659865e-02 1.977393881086399879e-02
7.461727474549900707e-02 7.767414045715920201e-02 1.777075292393229949e-02
7.034712914356361368e-02 7.462244684377340731e-02 2.264527652235350311e-02
7.685880296014599433e-02 7.175814416611769886e-02 1.964523875241869916e-02
8.779803939164448900e-02 7.635575103594639812e-02 1.618405307762130207e-02
8.385729115358571406e-02 7.616224718865340082e-02 1.434042569795050161e-02
8.366421420983551072e-02 7.174421915663299620e-02 2.051738747425099763e-02
6.254571387755390732e-02 8.085503515783751260e-02 2.698509184698830166e-02
6.343976463149481049e-02 7.318416196944779739e-02 4.212949410560919844e-02
6.324435555351040628e-02 7.306015812895479133e-02 4.622276941806870154e-02
6.260864120196940608e-02 7.284532587573329387e-02 4.370674503487519819e-02
5.684940385900000281e-02 7.965799331600000033e-02 3.759350692849999787e-02
6.055032151317900346e-02 7.442075099002809502e-02 4.263275479478790403e-02
5.963314182043340239e-02 7.368332238599599460e-02 4.036191468390520204e-02
7.684162854832260470e-02 6.994590369731329416e-02 5.998785411195280137e-02
6.894891739000000297e-02 7.008833885000000097e-02 5.548740863999999939e-02
7.509546367268700451e-02 6.897563618255170281e-02 6.357215090605720931e-02
9.313439925972019640e-02 7.470873767944090360e-02 6.866828866000809772e-02
9.073534012000000759e-02 7.275499582500000173e-02 7.019250392999999699e-02
8.946575790999079791e-02 7.108290789094469375e-02 6.701872753108020775e-02
8.183646205635110304e-02 7.058921946010961179e-02 6.927785158839930291e-02
8.467573609363809872e-02 7.067609752077221030e-02 7.123979675557209901e-02
8.242635727000000023e-02 6.868330956000000265e-02 6.836698532000000383e-02
6.806808771092590082e-02 6.934797212181699477e-02 5.057093473028029945e-02
6.735211142372821147e-02 7.148536801250000849e-02 5.006894835332150601e-02
6.962080673682580212e-02 6.940914215018659239e-02 5.442479703051270046e-02
7.144344710040870239e-02 6.795709225804320852e-02 5.618170183728919687e-02
6.553338507475349461e-02 7.192857820349189690e-02 4.989544471521549507e-02
9.719100475909640824e-02 6.894634149726021344e-02 6.061495175877269770e-02
9.882886397433800207e-02 6.570954635701259372e-02 5.582981957691890429e-02
1.018965470691580028e-01 7.162316665119479453e-02 6.331667269050909874e-02
1.055260444854079910e-01 6.829334840781960125e-02 5.906469361937590618e-02
1.035396836109629959e-01 6.841738482686819667e-02 6.270233696078859886e-02
1.054153414548310019e-01 6.873602425092849300e-02 5.385820644478760133e-02
1.048472738249790065e-01 6.837291241967069499e-02 5.115805137332760100e-02
1.090492770278090051e-01 6.924279962848249592e-02 5.003854957177699542e-02
1.081279447885840073e-01 6.843388606161990295e-02 4.155872924706930510e-02
1.013552058067370004e-01 7.050098037299928899e-02 2.709268500435320012e-02
9.836260195520300786e-02 7.345200606444710067e-02 2.017075283700890329e-02
1.045701661873739974e-01 6.496092347045369364e-02 3.983091330363969923e-02
1.025371694499999931e-01 6.491116523999999888e-02 3.140891909500000134e-02
9.262423376095219041e-02 6.918742184406130591e-02 2.290894845041259800e-02
5.944605808032910055e-02 7.625239372090279744e-02 3.507563693346479883e-02
7.967734961610119238e-02 7.754501701286839466e-02 1.433087418151760169e-02
8.026990026184430138e-02 7.274112570802189481e-02 2.057905646049019988e-02
7.317151571460209225e-02 7.965010024732029070e-02 1.568865315853550102e-02
6.785856700509169948e-02 7.820861204220110052e-02 2.046218607857689872e-02
6.345459731903579925e-02 7.933966012061870188e-02 2.330630994002549916e-02
6.509125695818150648e-02 7.687588638717460232e-02 2.377440523069140194e-02
7.662936498609579372e-02 7.436956790543439166e-02 1.666759246329919952e-02
7.124300009395720390e-02 7.739070819197789441e-02 1.805837529056589924e-02
7.256272031142180223e-02 7.381764680130609158e-02 1.840877898135540036e-02
8.502056407516019043e-02 7.304853220901140476e-02 1.643087456540829813e-02
8.773627281000000167e-02 6.981042385499999781e-02 2.029988706000000059e-02
6.021694180447190181e-02 7.332252389612380072e-02 3.825201750534940048e-02
5.788266155948750685e-02 7.620297215576489480e-02 4.052620803462399918e-02
7.301803554060440349e-02 6.886881952392499839e-02 6.024543603351060345e-02
7.807049714459209089e-02 6.981611025988820884e-02 6.871663556130400141e-02
8.674013242443399940e-02 6.847479187549039559e-02 6.635260106950410797e-02
8.138984940058589801e-02 6.907059378386690152e-02 6.929812711974679684e-02
8.807220786294410464e-02 7.070625049735999867e-02 7.153303871198279928e-02
7.908167333287299816e-02 6.863799046282190175e-02 6.528257499058480462e-02
9.718177177057080174e-02 7.255012615264119780e-02 6.794185366652090441e-02
9.400974763242070376e-02 7.063328089094129958e-02 6.658433138874339519e-02
7.133088538114010224e-02 6.904543537047500013e-02 5.724204886660450020e-02
6.633036941294419286e-02 7.066111116744930309e-02 5.257920652955180157e-02
1.011414425729089961e-01 6.507997395783310379e-02 5.243119661185900032e-02
1.062667515836230037e-01 6.768455159728380133e-02 4.718623687709970482e-02
9.264319092861500460e-02 6.726103853361409257e-02 6.526089446602960364e-02
9.513510846939149390e-02 6.783504946125031021e-02 6.400715774888669773e-02
1.061730946895499961e-01 6.732129214906840131e-02 4.384695444627199901e-02
1.037182016039560062e-01 6.666477516001480252e-02 5.632860451854530132e-02
1.022270324424970067e-01 6.709406777182190529e-02 5.932435446171660520e-02
1.082690484668600017e-01 6.818154523392271071e-02 5.335457447459260316e-02
1.096319398448259985e-01 7.018358939659620488e-02 4.607183344084909982e-02
1.104806433609019922e-01 6.928114227664070035e-02 4.037052752685490326e-02
1.087985321683629936e-01 6.697036317605668809e-02 3.816742600385390066e-02
1.079824342489770078e-01 7.058180605836830712e-02 2.991854167480099969e-02
1.011400130318270002e-01 7.254147787340599340e-02 2.160130422908470085e-02
9.837976708760499955e-02 6.886374823725519012e-02 2.441911705218779982e-02
9.448861879155230625e-02 7.399454588275389266e-02 1.789687882573720232e-02
1.042447244117550020e-01 6.841452379165530173e-02 2.865078218267640142e-02
9.995901805007249841e-02 6.672838575588380117e-02 2.897047406405749842e-02
1.081099165655799998e-01 6.712769878190380513e-02 3.432471175752589698e-02
1.071264843200580019e-01 6.406241644094190502e-02 3.825616642501670356e-02
1.065291027698760107e-01 6.380652410025629273e-02 3.394498864168549873e-02
9.235974248628200933e-02 7.054886743920650571e-02 1.903849480889480139e-02
9.536146851675249281e-02 7.141985545778889444e-02 1.961975723143260034e-02
5.905386792640979904e-02 8.177096033309590173e-02 2.990813038537410221e-02
5.971231986748379988e-02 8.218445206745900178e-02 2.537458813154149992e-02
5.999986963217090324e-02 7.799307676182890003e-02 2.689671411341349946e-02
5.813342119972510214e-02 7.735637642469971043e-02 2.932263750004040007e-02
5.669937530764920103e-02 7.964786195341540254e-02 3.132705230311279981e-02
5.724775622046590628e-02 7.646917508125360141e-02 3.679910538733889569e-02
5.476249405292359790e-02 7.754124679060639402e-02 3.408403275315399772e-02
8.027378931034841181e-02 7.289687826351290423e-02 1.468027659753460071e-02
6.748516243624719246e-02 7.402267829515310482e-02 2.319678043692919786e-02
6.455728251417830466e-02 7.310179010646730702e-02 2.389037758368270023e-02
7.244442781502689888e-02 7.156466384990819996e-02 1.964096814424490245e-02
6.836569770979339378e-02 7.436772073366830493e-02 1.871121555758839886e-02
9.044828467867330191e-02 7.403375463218950236e-02 1.559675999920250196e-02
8.059081836463259652e-02 7.244349804046250341e-02 1.751207421053540061e-02
6.391865985244570003e-02 7.024355080745610380e-02 4.479533171403270175e-02
6.489743959689750485e-02 6.978585156404659706e-02 4.883360556071070224e-02
6.264038116195359829e-02 6.993001952021009326e-02 4.585917736175949833e-02
7.651518800097119322e-02 6.785883235668280222e-02 6.295902231457629894e-02
7.400297453917330237e-02 6.765654754087660483e-02 6.012425349412880288e-02
7.446321893976680373e-02 6.795993219158540100e-02 6.803237761158820174e-02
7.151288567898950177e-02 7.013896776914080311e-02 6.327652742987630030e-02
6.602917207498720797e-02 6.820078220877730246e-02 5.309150500311080045e-02
8.792416267582491007e-02 6.799115908311270662e-02 6.944410860359150062e-02
7.807300568000000163e-02 6.642005444000000092e-02 6.868315219999999999e-02
6.622983395756840141e-02 6.994915907903809238e-02 4.779966953647210581e-02
6.868694706110990700e-02 6.767772988931770872e-02 5.287452559148670544e-02
9.803080421714310821e-02 6.906547050164960067e-02 6.513709559506210278e-02
1.007398127175069963e-01 6.912763722633739893e-02 6.633315775239330414e-02
1.028972654679009974e-01 6.513165816022660481e-02 4.898944964107280337e-02
9.606127986794980866e-02 6.506878440568460154e-02 5.947101063830440015e-02
9.307073090659741255e-02 6.417592350387969768e-02 6.310622174961159903e-02
9.683135357544209176e-02 6.564394243352320024e-02 6.272818405160170141e-02
1.004835754641000001e-01 6.466319491062340330e-02 5.792179595944099701e-02
9.935816683630380175e-02 6.546497499026350531e-02 6.044922372404099714e-02
1.079990278167770046e-01 6.522233377486219563e-02 5.615916026904699959e-02
1.108606682473910060e-01 6.812602987558009915e-02 4.352763730930939851e-02
1.103669411108880033e-01 6.727926958136740132e-02 4.798658042273010182e-02
1.110513382227240053e-01 6.775543029045409671e-02 3.544510263120770333e-02
1.031804892602960072e-01 7.004934188771509695e-02 2.145743436270220253e-02
1.038603717334810050e-01 6.905757679757310030e-02 2.538568398906630025e-02
9.966317995327290957e-02 6.878913716223630792e-02 2.166736199566069929e-02
1.014337648033159928e-01 6.697849242584801022e-02 2.568053087989759925e-02
9.646230676525979764e-02 6.869311519094199736e-02 2.117031764440559932e-02
1.050270766049909987e-01 6.288211533223479754e-02 3.542004553584880006e-02
1.046468068006540103e-01 6.459525933720840218e-02 2.909873964830340248e-02
9.562854561715160295e-02 6.784915348204809127e-02 2.454033953782869953e-02
9.088294170406679973e-02 6.811799150213949938e-02 2.064948421948289980e-02
6.101211088262859655e-02 7.368990210102810412e-02 2.728338466050000272e-02
5.659116051462689811e-02 7.637592130493429943e-02 3.206288107935000020e-02
7.647984904484450563e-02 7.571389984683639385e-02 1.200580826707120172e-02
7.240265184701850931e-02 7.496386011190719900e-02 1.569757669490959989e-02
7.992368781142289436e-02 7.465514174763200617e-02 1.198641324498950049e-02
6.996376838483540916e-02 7.853781757830939625e-02 1.464132377509099955e-02
6.721279061552100365e-02 7.962498293385041059e-02 1.663836027652210170e-02
6.099262410103489795e-02 8.043969496521950757e-02 2.099423979606829943e-02
6.029120054710879889e-02 7.588120234556000598e-02 2.447225599380909930e-02
7.535598595687099943e-02 7.147464631070279961e-02 1.619256369642710011e-02
8.661335213895729468e-02 7.410766850788640114e-02 1.375753365652579961e-02
8.370249817245910273e-02 7.302837320193990289e-02 1.177038617991049869e-02
8.101434464153180193e-02 6.889378969661150154e-02 1.789685691886670066e-02
8.488710607392259411e-02 6.926641416963290332e-02 1.887915190396230111e-02
8.840084436545170288e-02 6.800214150569419691e-02 1.582633221671569945e-02
6.096360576437560158e-02 7.045504760171331093e-02 4.119349556770340176e-02
6.274243831999999632e-02 6.957610130000001225e-02 4.819893360000000043e-02
6.018876399822749995e-02 7.083831731058150283e-02 4.442062173205950371e-02
5.974694334488719893e-02 6.994155096898919954e-02 4.243644054615400285e-02
5.527574538999999870e-02 7.793717383999999859e-02 3.926630735000000150e-02
5.627380847999999963e-02 7.236919880000000638e-02 4.032473087000000567e-02
5.702868483067800170e-02 7.384702919565100387e-02 3.857493716251450544e-02
7.357887578687460906e-02 6.977013029377690523e-02 6.719056559967240272e-02
7.686526215151459618e-02 6.665078046791200750e-02 7.129229788150129310e-02
7.525525759431800354e-02 6.621877363161800256e-02 6.671324706761171119e-02
6.892324846734740329e-02 6.776588560623120205e-02 5.808611916775539841e-02
9.169004048947620999e-02 6.897103627092779354e-02 6.933763475886670080e-02
8.400287379675219768e-02 6.727992048606959430e-02 7.076673406752920226e-02
9.024975322598240146e-02 6.836069817849289854e-02 6.668673596866460385e-02
8.089485019960421242e-02 6.928067081757220691e-02 7.140248752288910761e-02
8.715826749102530135e-02 6.760072432022989908e-02 7.330745968214270880e-02
8.038320988591700356e-02 6.500745849316180713e-02 7.135872584984739864e-02
9.419868270076049710e-02 7.083113666324060420e-02 7.079453733131101101e-02
7.095775604000001402e-02 6.525568008000000308e-02 5.936228275000000193e-02
6.507617640378020318e-02 6.948027009027789302e-02 5.534827832952159826e-02
1.056994473468320095e-01 6.578538118329750606e-02 5.272588309664519995e-02
1.042356908268319976e-01 6.304861227273310387e-02 4.730110035392640078e-02
8.881333624402630578e-02 6.532776816155519417e-02 6.595279981650670198e-02
1.056535386015590022e-01 6.190383477141590124e-02 4.361531648830470342e-02
1.002339093523419988e-01 6.514754158191729538e-02 6.380588757978909731e-02
1.025001023279800000e-01 6.410027115779140527e-02 6.115667676795760038e-02
1.038403828294710007e-01 6.328888477036109794e-02 5.804171458710909864e-02
1.066313305982260068e-01 6.554699149264890667e-02 4.968880725114790259e-02
1.009422231769370043e-01 6.155418957933470048e-02 5.470499267484130179e-02
1.090530667848530061e-01 6.648835458530689968e-02 4.580781657850990091e-02
1.092400974595449936e-01 6.529608461394351138e-02 4.278936595099899765e-02
1.113720750500000051e-01 6.728042125500000026e-02 3.828570603999999905e-02
1.101821613000000116e-01 6.771967411000000270e-02 3.132868051999999903e-02
1.055213527883850089e-01 6.917491180897640535e-02 2.369996948532170078e-02
9.606282861711060161e-02 7.044275581943759690e-02 1.622114779261730338e-02
1.006888967414659997e-01 6.928530727426260305e-02 1.860943264390139962e-02
1.077960457109970044e-01 6.802244763592310561e-02 2.631332352698209989e-02
1.079703566877319998e-01 6.450299560609130956e-02 3.097074141584259949e-02
1.059287643499999959e-01 6.159883499000000373e-02 3.893926262499999846e-02
1.041012858999999929e-01 6.102327824000000622e-02 3.020695447999999922e-02
5.618163996809329847e-02 7.877247716968370506e-02 2.721351008248920275e-02
5.533720474083349966e-02 7.444434700288921070e-02 3.539793768724550094e-02
5.809386828050799867e-02 7.426725489821230097e-02 3.237872941055040116e-02
5.840057300756060221e-02 7.398877621956699568e-02 2.983991833488660109e-02
7.328323299533159862e-02 7.692204920245269972e-02 1.306542733117170042e-02
6.356728766837201061e-02 7.892434543150629589e-02 1.733331441659310274e-02
6.698628855506780222e-02 7.665146000912639868e-02 1.744436539086139867e-02
6.448481459664030802e-02 7.701823261406749721e-02 1.998473498005639767e-02
6.601226235149769417e-02 7.432252434342739855e-02 2.060005245014020006e-02
6.173603093868160197e-02 7.394964539674299397e-02 2.220491755524739777e-02
6.058619423804100651e-02 7.651665442682679952e-02 2.056781391035270024e-02
7.799931347653099589e-02 7.003453112934589220e-02 1.727559908501229841e-02
6.753990486951869099e-02 7.143857274152050352e-02 2.109848169272710017e-02
6.895457515771900858e-02 7.073892302317709435e-02 1.611902344805319839e-02
8.283506117565059279e-02 6.988212740859051086e-02 1.606728228679299778e-02
8.497804159852519190e-02 7.007414978063400413e-02 1.389020089947199874e-02
5.844290995109520381e-02 6.913614378583420039e-02 3.927018026010129642e-02
6.341326292636370598e-02 7.010938442098810230e-02 5.196367896656200330e-02
7.272919199729740991e-02 6.758270071642509536e-02 6.409958672665419521e-02
7.319813728000000574e-02 6.536135674000000118e-02 6.321924210000000321e-02
7.508858463701140185e-02 6.893705835878390087e-02 7.058278934750289446e-02
6.787082534906120623e-02 7.023566751164840583e-02 5.920758973342780257e-02
6.558535459232520126e-02 6.771605734843809399e-02 5.779250750658110336e-02
9.098476291928300763e-02 6.876161433210370433e-02 7.271991106976810615e-02
8.509839394643990695e-02 6.606015112710150738e-02 6.780107135082080738e-02
7.795282125499999881e-02 6.836126327500000044e-02 7.155717611500000963e-02
8.140746249796121381e-02 6.503965558474419928e-02 6.885624259004140268e-02
9.749367543296939831e-02 6.890860921578829956e-02 6.934319322009109554e-02
9.707779843762150140e-02 6.652908314050311189e-02 6.591972028042750176e-02
9.430206096542920191e-02 6.718929773220179424e-02 6.778164012645250536e-02
6.523686036251050147e-02 6.621783303746210658e-02 4.966733334728939964e-02
6.890050410999999653e-02 6.598467826999999952e-02 5.475223540999999555e-02
9.386829577739330688e-02 6.330008102630009514e-02 6.642133899238360228e-02
9.840389072117840252e-02 6.184364618201689673e-02 5.836066226765280335e-02
1.028811076689020026e-01 6.478839042747390475e-02 6.524163345526449997e-02
1.056281677136780006e-01 6.317116034672709546e-02 6.172874929080750250e-02
1.057779732356499969e-01 6.239704368857199729e-02 5.555767219787340061e-02
1.102247784623010124e-01 6.489992158231730479e-02 5.137365166675630229e-02
1.036301313731009949e-01 6.285553206780569724e-02 5.333977611147470294e-02
1.121776308634800101e-01 6.532599577297271143e-02 4.118436065003640290e-02
1.104664108501350051e-01 6.410012407521610556e-02 3.921116109462879917e-02
1.094350852559980020e-01 6.357830945294930258e-02 3.455484594140190158e-02
1.071448118721390064e-01 6.680131954812330852e-02 2.909792682424550136e-02
1.033974851111650051e-01 6.620456963824210284e-02 2.251436717016749856e-02
9.827081733914549977e-02 6.626176733135839825e-02 2.591361052739470094e-02
9.972291208871260360e-02 6.561362863094780118e-02 2.274836022687589873e-02
9.777416632317890988e-02 6.905739846769680390e-02 1.886685295013470001e-02
1.080538220636960006e-01 6.114411740528340189e-02 3.729288192814480402e-02
1.080855277061189973e-01 6.187066090829899945e-02 4.116717011013510535e-02
1.069831514499999942e-01 5.853616714499999818e-02 3.509786367500000032e-02
1.006791151719299976e-01 6.324554185360049818e-02 2.626840527436749909e-02
9.411397707255240996e-02 6.616691071393669688e-02 2.152845068498570116e-02
9.469209055267641117e-02 6.769738328269220284e-02 1.723096805533199868e-02
9.233556667471190527e-02 7.143522009128350225e-02 1.459267531810720143e-02
5.792332303963640405e-02 7.944561062456659273e-02 2.344581067326580170e-02
5.679101611613480288e-02 7.308980575294789228e-02 3.438217316615050506e-02
5.743447264922050405e-02 7.503780812191850058e-02 2.669842415745819764e-02
5.548116054606060110e-02 7.384898094376141087e-02 3.055912109703049981e-02
5.397282050356450034e-02 7.606448539900190209e-02 3.050200563386450126e-02
5.272301673999999633e-02 7.468767643000000234e-02 3.757860661000000241e-02
8.031808852999999804e-02 7.135913849000000142e-02 9.589415193000000101e-03
7.485484140959790256e-02 7.244151106315230293e-02 1.291860138302610046e-02
6.875094680870519337e-02 7.509634675354501243e-02 1.527918449391140084e-02
6.206426860759560460e-02 7.046465941865190374e-02 2.368595219484679812e-02
7.510206828113880073e-02 6.810573444305839663e-02 1.746603782507920311e-02
7.254051097374629442e-02 6.965720220626950288e-02 1.535545079640070025e-02
8.035072168664929293e-02 6.911951545685719733e-02 1.356478927176319946e-02
8.861028982994340053e-02 6.582690670407720379e-02 1.786858062489309756e-02
9.183544921986828979e-02 6.725369129015310032e-02 1.655596400884229782e-02
6.194778674866370516e-02 6.731568674871420133e-02 4.417216249300180003e-02
6.396431585205090975e-02 6.797579669765520249e-02 4.667097517951889624e-02
6.274148983869269613e-02 6.771052078112799189e-02 4.794899610474349927e-02
5.964149952000000199e-02 6.721640110000000334e-02 4.691860199000000287e-02
6.079594282557390650e-02 6.725453490834779058e-02 4.525024796216970541e-02
5.612309254428090449e-02 6.992069543474960236e-02 3.969814677511489948e-02
5.516068463170979708e-02 7.195409340845580759e-02 3.757032581101579782e-02
7.087812463462341006e-02 6.999144658872759328e-02 7.081319935621320505e-02
7.614385724449999893e-02 6.507452988600000154e-02 7.036826729649998946e-02
7.224472518923090447e-02 6.695681356793151129e-02 7.198265423858320189e-02
6.945913832897800122e-02 6.780220951965719445e-02 6.611185744093839300e-02
7.127934144591810406e-02 6.626941447370519878e-02 6.822904204143159790e-02
6.991514514294019933e-02 7.031400046225130818e-02 6.627752467466910269e-02
6.963590056170650133e-02 6.796915563945070404e-02 6.267262324266739681e-02
6.688299062454079735e-02 6.492764346350800297e-02 5.654535947788210531e-02
7.998818873999999357e-02 6.764327525999999646e-02 7.327682495000001350e-02
9.116497950058570499e-02 6.564439780540520797e-02 6.868804639139890200e-02
8.800764464062151016e-02 6.382391567292999834e-02 6.950472301309899847e-02
8.362016394176190193e-02 6.732075530810330277e-02 7.345000848866850562e-02
8.847970011712959215e-02 6.559493364473001353e-02 7.170274715430299817e-02
7.671971321499999885e-02 6.367867946999999917e-02 6.959690093999999772e-02
6.518529793465559219e-02 6.516538758892750915e-02 5.282621278661490255e-02
6.341792591908519683e-02 6.655115230744020061e-02 5.572592955779970270e-02
1.009980104112299937e-01 6.529621941964469656e-02 6.723207777719010514e-02
9.900309267155060766e-02 6.557661376040249679e-02 6.938853088945519387e-02
1.073676248653890053e-01 6.282914541173620360e-02 4.688765266060389986e-02
1.065726449763090000e-01 6.245242852801059785e-02 5.158601047488810265e-02
9.614400194377560604e-02 6.172476301008020250e-02 6.121302440356409663e-02
9.032973043749349673e-02 6.090479605363380289e-02 6.626578856710420296e-02
9.645604623129810928e-02 6.226533671126970038e-02 6.457646410089830369e-02
9.940982395049269282e-02 6.147187371715619880e-02 6.204751619325300088e-02
1.081456602665879924e-01 6.055542445166270382e-02 5.814190079557160495e-02
1.031585142115750003e-01 6.108302375227499942e-02 5.088113547676680060e-02
1.117575402780179999e-01 6.451120646817679050e-02 4.661162112068430174e-02
1.124620234283569969e-01 6.484271025589259663e-02 3.742771855494230610e-02
1.052495294860169989e-01 6.490100521797038946e-02 2.584631432956960295e-02
9.717629124369241145e-02 6.567181932191290539e-02 1.950445768012469897e-02
9.711982250500000857e-02 6.395200490999999876e-02 2.280976772499999916e-02
1.007161278899310064e-01 6.600169425504490150e-02 1.957746853006990181e-02
1.074901092972350009e-01 6.107594569640720228e-02 3.198283925858230042e-02
1.100315949290610051e-01 6.443793571572520307e-02 2.658795355568250099e-02
1.065458750540010102e-01 6.161806668288920263e-02 2.940109393048450162e-02
1.046877368283479909e-01 6.131650414408090083e-02 2.652818322137270174e-02
5.598501096794170073e-02 7.716943454331069707e-02 2.403134749372230067e-02
5.873823038958389531e-02 7.186785325848019101e-02 2.357463739847660139e-02
6.951912760330300478e-02 7.541399375789280268e-02 1.199684516988339979e-02
6.583393985977069318e-02 7.657849157009410934e-02 1.383242530098389989e-02
6.024991220077920151e-02 7.770987908249479825e-02 1.837402751808450002e-02
6.314556640810439769e-02 7.176858037825240011e-02 1.975265903083670005e-02
5.786529111222669941e-02 7.480753562636509313e-02 2.276753382314980131e-02
5.746674998883780083e-02 7.701711816693269930e-02 2.082467007764969916e-02
6.537239846950720912e-02 7.252719120306019840e-02 1.555671948032110070e-02
7.657554925222520570e-02 6.830003962219220737e-02 1.431959359861290082e-02
7.092966923563849557e-02 6.770988503873390241e-02 1.794501001206930124e-02
6.578647436449770736e-02 7.005530096820830610e-02 1.824709609950490169e-02
8.819249225080720567e-02 7.109020684814909563e-02 1.217956062716990008e-02
8.420509416841451267e-02 7.018938845894129308e-02 9.941052299642401738e-03
8.475533071866139800e-02 6.677756588403641058e-02 1.700350314860380255e-02
8.247226662220941140e-02 6.511705829201420992e-02 1.597588516946609957e-02
5.901969812063150717e-02 6.701250660540779280e-02 4.139015616979230261e-02
5.938785044062780405e-02 6.886264419963730732e-02 5.022061690496529979e-02
5.781661986999999531e-02 6.867880820999999747e-02 4.348036765999999803e-02
5.628151897967929862e-02 6.983754505316941419e-02 3.637019599857060220e-02
6.948318934312260053e-02 6.835074628280260467e-02 6.911022996900580140e-02
7.353575841558550319e-02 6.502179882372929876e-02 6.957054444318509778e-02
7.491096496999999355e-02 6.785828114000000411e-02 7.493942737999999271e-02
6.705573874503280296e-02 6.764097135593238885e-02 6.131224266167240033e-02
6.562751260567399603e-02 6.458770868988560065e-02 5.951917904374980084e-02
9.451853404138249592e-02 6.544594112487481241e-02 7.240937280084940031e-02
8.541896811295680847e-02 6.231073136031380078e-02 6.822036286751261003e-02
8.515343636438089947e-02 6.380358785158009305e-02 7.135736492767540129e-02
9.024328682463800266e-02 6.572379390918529907e-02 7.422330575454490209e-02
7.893756327698230046e-02 6.159881212510830151e-02 6.991700926286970041e-02
7.714510251868990365e-02 6.184798111110530183e-02 7.277590348974150025e-02
7.871131842132750300e-02 6.504427463794910935e-02 7.421379022022410454e-02
6.158137123827209930e-02 6.667732265245500389e-02 5.231152275768089638e-02
5.968065018075170008e-02 6.895041283700230339e-02 5.545482413626930118e-02
6.391527145621410388e-02 6.983450658714469850e-02 5.870232139497980062e-02
6.117892442918890228e-02 6.718328633641229564e-02 5.789674452348020361e-02
1.049714273680719956e-01 5.980283243057680359e-02 4.772407238428969661e-02
9.421690606042899818e-02 5.906279077116720344e-02 6.406758713172590325e-02
1.017157174905189976e-01 6.060423391667300180e-02 5.885522317435579881e-02
1.101208801909829976e-01 6.209971068129900573e-02 4.399199487120630109e-02
9.849353498188100076e-02 6.206437068591180023e-02 6.646260524985329876e-02
1.033901405499999954e-01 6.170117139500000403e-02 6.519521475000000788e-02
1.051869395700470028e-01 5.966271274961210125e-02 5.879487107621869657e-02
1.100793171769200024e-01 6.078344595894129981e-02 5.424955362225949984e-02
1.044546826847960047e-01 5.965575507960090007e-02 5.484760857932610006e-02
1.027715428545779991e-01 6.068016830349330648e-02 6.213953017041050353e-02
1.125670988181360077e-01 6.353703211057271094e-02 3.393369751419950120e-02
1.100882005647070006e-01 6.195959491847079920e-02 3.057400236222510351e-02
1.045557597442930003e-01 6.623315990372841133e-02 1.992101436209399792e-02
1.020382909975780100e-01 6.306512965226149237e-02 2.345722623180359831e-02
1.074619865500000132e-01 6.613050937500000725e-02 2.395310640000000019e-02
9.913779546379000718e-02 6.708101627364959629e-02 1.602346235862369891e-02
1.070442936314219967e-01 5.892168410091049718e-02 4.021417009311899909e-02
1.067456535351700153e-01 5.687004326518879660e-02 3.115325711238790124e-02
1.020961497656039940e-01 5.937934971955940305e-02 2.485578860605529988e-02
9.232583894667900637e-02 6.464783020995849838e-02 1.944992158592409939e-02
5.318679354968369744e-02 7.108738647415120682e-02 3.485420148739540314e-02
5.818839438192429520e-02 7.179936394060329463e-02 2.823219723231909853e-02
5.332538267244500002e-02 7.473354573263700507e-02 2.638250819745649803e-02
5.637266908114670072e-02 7.199549328417739757e-02 3.081719276834980065e-02
5.494323071215150012e-02 7.168451064749530033e-02 2.819676793230350281e-02
5.156969315451299940e-02 7.279825176537819964e-02 3.327283829996360159e-02
5.371773595604330265e-02 7.145769728405348964e-02 3.174775110644160320e-02
7.678456980756501182e-02 7.336620748766430056e-02 1.049373769925250090e-02
7.348504238971240166e-02 7.386008168992749812e-02 1.051741657554840052e-02
7.107757905963339728e-02 7.223179969613569007e-02 1.274077568052850093e-02
6.378953606298659595e-02 7.516279613711379648e-02 1.686442525612930066e-02
6.087790833976459981e-02 7.422276071931099839e-02 1.860639639493250064e-02
6.416973621702100339e-02 6.846935308871529569e-02 2.117807595224450307e-02
5.941052299990730312e-02 6.961572823529560416e-02 2.556361578159519962e-02
5.979577722407859730e-02 7.031930145751200123e-02 1.970384641467800083e-02
5.775915615326709940e-02 7.288557787071910099e-02 2.072902295002630041e-02
7.038729142554270291e-02 6.677015430090230130e-02 1.414086025506800133e-02
8.455032651537640331e-02 6.682305020350728930e-02 1.304616425920930058e-02
7.819075221201889081e-02 6.503602610017319985e-02 1.583171669736480047e-02
8.590831677374799469e-02 6.410856868912699624e-02 1.592023625578480039e-02
9.065492898009021305e-02 6.457926311477610315e-02 1.493421173915590074e-02
9.253327492706170387e-02 6.859555529093519510e-02 1.263142415928980057e-02
5.692495759358239676e-02 6.656788194863259844e-02 4.320728687776289462e-02
5.311476614910189825e-02 7.147118478072460313e-02 4.146436343856470252e-02
6.896439069618040540e-02 6.575301057771711088e-02 6.327435358567939927e-02
7.456546307000000429e-02 6.397364616000000836e-02 7.174699783000000608e-02
7.438318036170210590e-02 6.420098504083129876e-02 7.351468035694010139e-02
6.598610433794040164e-02 7.031030864196610719e-02 6.258942820422019881e-02
6.418444282958550573e-02 6.809597451043800098e-02 6.065388566440169799e-02
8.206725296815339799e-02 6.205670773365330045e-02 6.927672947246880930e-02
8.121003325924949778e-02 6.526659621762709307e-02 7.452987087505090480e-02
8.620882604856029696e-02 6.358764239001729601e-02 7.560408627810950855e-02
9.199382114970371116e-02 6.326967820036100143e-02 7.066523471725139061e-02
9.511472925859880412e-02 6.449782955976679499e-02 6.913227738555979829e-02
6.280615155121839488e-02 6.568355765453740003e-02 4.671133227477190092e-02
6.186004825362630133e-02 6.431250180598679922e-02 4.885657524429630472e-02
6.234766986473489619e-02 6.586529708727910382e-02 5.947868281200030527e-02
1.064027316324840100e-01 5.865695543681840457e-02 4.458530402235150181e-02
9.522142546555049936e-02 5.868121989307410052e-02 6.654419619429641219e-02
9.601647170892249616e-02 6.164829225686690312e-02 6.856001366361910709e-02
1.007242671052640121e-01 5.735966698759620286e-02 5.687965050024110236e-02
1.009198402105690034e-01 6.127873147473700266e-02 6.814432557921359934e-02
1.068281520399399914e-01 5.792831613571310101e-02 6.103663572474959942e-02
1.070376013095170054e-01 5.896233805957930285e-02 5.576692486592790127e-02
1.007870701576720068e-01 5.961468499524229941e-02 6.432117341795390297e-02
1.093788187684509999e-01 6.009988215072500223e-02 5.141645769042779701e-02
1.025298614545630121e-01 5.769166852936550433e-02 5.378235974526630186e-02
1.098593263834130029e-01 6.087147032122950524e-02 4.671007258814269952e-02
1.134015022776510007e-01 6.154902584784240072e-02 4.269485894336329940e-02
1.134601940487289934e-01 6.193903593642720307e-02 3.952478393753169894e-02
1.107210822643159981e-01 6.106894110004900539e-02 3.501253587940409556e-02
1.063858975944650120e-01 6.179585171130010102e-02 2.375804881131260080e-02
1.036155160625140126e-01 6.311199833791970859e-02 2.021602201035990060e-02
9.987970077012489623e-02 6.214379585252260280e-02 1.896017860401099861e-02
9.653233532088190127e-02 6.632902429930169486e-02 1.362185869204460102e-02
1.020079254368640026e-01 6.485629628579690775e-02 1.671003329638899929e-02
1.110185078885339988e-01 5.807044933093030020e-02 3.706215815894459836e-02
1.110066622442570095e-01 6.082861276948189899e-02 3.962599762025259542e-02
1.096951831851740028e-01 5.864222738640550298e-02 3.245950097080869956e-02
1.046238912194699944e-01 5.681099350602929893e-02 2.700792984920219811e-02
9.512646919633710452e-02 6.261338407098619718e-02 2.001374155866950111e-02
9.405535524880359599e-02 6.427953341751881100e-02 1.762669834320830173e-02
5.565401413572629991e-02 7.234571840246040164e-02 2.471037253343959933e-02
5.476927753471849680e-02 7.492725437806489752e-02 2.278540490299749838e-02
7.590126223056149757e-02 7.072013237154689547e-02 8.688674780378840071e-03
7.814694935272320508e-02 6.859884761503380612e-02 1.031771381730679955e-02
8.246791177435250364e-02 6.729905967542430811e-02 1.079210166617320180e-02
6.585377323351020162e-02 7.295059703921989713e-02 1.145815927383760091e-02
6.755510000157480266e-02 7.068800967666259705e-02 1.284942458192699956e-02
6.134685573979140050e-02 7.597292799979279976e-02 1.579760943982960048e-02
5.801726418275870295e-02 7.482599445681520356e-02 1.764937522104289766e-02
5.766943889013589897e-02 6.702951444533970793e-02 2.226119959866880091e-02
6.078952260259310597e-02 6.607634243816759567e-02 2.232067427563640127e-02
7.410941568076080677e-02 6.423469186926479557e-02 1.583719232271500049e-02
7.194264917951950777e-02 6.871770102985069739e-02 1.198472032158470063e-02
6.708716806717840431e-02 6.582794958736569446e-02 1.846807671981829865e-02
6.862537056155540438e-02 6.725852534625240131e-02 1.667438070493820063e-02
6.261984428382540158e-02 6.766918700859099467e-02 1.428062994052839950e-02
8.826055415086650480e-02 6.740472255213110497e-02 1.278933756098500109e-02
8.688149368908100467e-02 6.766235831856720617e-02 9.301655129739039643e-03
7.796976846779399284e-02 6.488111626057101178e-02 1.244851270382790059e-02
8.146268668174110050e-02 6.424729376991780705e-02 1.222404963104400076e-02
5.582884692264210302e-02 6.624706981779650283e-02 3.862802986184029480e-02
5.955440609636330346e-02 6.416661668255579931e-02 4.494757213921170280e-02
5.862898588249999821e-02 6.559368550749999915e-02 4.810758352375000407e-02
5.421371000379500427e-02 6.770447105144759836e-02 4.198543412387460011e-02
5.155410750193979708e-02 7.085368015930749996e-02 3.920875370166709839e-02
5.450782023616290023e-02 6.866722814597389646e-02 3.674111567461790101e-02
6.963569394978920413e-02 6.854351537406300210e-02 7.467289569712530495e-02
6.759413157964419550e-02 6.747307103441660403e-02 7.278811543085961233e-02
6.680187676122620322e-02 7.058841146525540733e-02 6.775732131500840361e-02
7.647688388999999975e-02 6.343409060999999349e-02 7.489849091000000403e-02
7.135391608757020443e-02 6.625493782458859171e-02 7.598990317533690919e-02
7.161596548984999755e-02 6.484304344425000088e-02 7.189060823980000792e-02
6.699123415989410857e-02 6.691114105014449309e-02 6.776829177069210175e-02
6.337475776999999810e-02 6.382585049000000232e-02 5.536886214999999639e-02
8.129945921676171028e-02 6.230965289201020191e-02 7.261553572296379488e-02
8.886099396843950837e-02 6.288996133883610617e-02 7.246143886422150293e-02
8.556074708917850435e-02 6.013555154718630558e-02 7.019393293622960828e-02
7.536642075000000995e-02 6.093730450000000437e-02 7.051064967999999544e-02
5.982059002000000153e-02 6.324238299999999924e-02 5.139020442999999577e-02
5.855656518767509561e-02 6.727144753264080457e-02 5.510092936854010109e-02
6.045071485573520059e-02 6.547017979511070285e-02 5.651779470889310014e-02
1.078976717021569998e-01 5.938068765106270519e-02 4.863221145613710189e-02
1.065621448166649970e-01 5.940365312801940134e-02 5.223376016437890346e-02
9.774867534499999400e-02 5.799133778000000600e-02 6.063747167499999868e-02
9.844293762336871201e-02 5.786933875742820282e-02 6.407537918759959039e-02
9.271169341204249514e-02 5.667512673774930537e-02 6.742861089871099445e-02
9.283189414039469400e-02 5.956643875571920183e-02 7.074605908960189538e-02
1.085788734722860083e-01 5.867159552905770042e-02 4.352923937070089788e-02
1.045344638971560103e-01 5.803658144688820381e-02 6.422056592009890708e-02
1.093354188353240081e-01 5.668318190610319857e-02 5.702462080769309799e-02
1.023354659013120116e-01 5.722279295616110317e-02 6.115429085806740189e-02
1.119390959219180026e-01 6.003023902812550106e-02 5.023171533780070031e-02
1.043048539392940066e-01 5.624515485457460412e-02 5.100549200951999540e-02
1.132104498305700063e-01 5.946697074117510140e-02 4.636941438716010028e-02
1.139651080263100053e-01 6.050723943786140424e-02 3.616181652851879758e-02
1.118497777702250062e-01 6.333267437132270028e-02 3.028163865317920131e-02
1.082756042000000002e-01 6.310341834999999566e-02 2.216798782000000204e-02
1.083974561347280097e-01 6.189907233809329584e-02 2.647143407516100097e-02
9.674871991676199656e-02 6.290267101380370152e-02 1.719654826598170094e-02
1.079718980166980147e-01 5.853319727053389598e-02 2.748021832622779895e-02
1.079718641316389921e-01 5.658605124411970194e-02 3.784928553510820415e-02
1.102057075236920064e-01 5.813165650443730126e-02 4.257043401756249734e-02
1.102023244455310053e-01 5.516773038037150328e-02 3.578910801140999798e-02
1.060301448734160129e-01 5.856681785791890277e-02 2.437767296811100062e-02
9.885484286413070976e-02 6.090328548330119912e-02 2.217197968490590074e-02
9.402485815527829305e-02 6.389380930294459582e-02 1.391046770533809970e-02
5.445492452985280230e-02 6.975695816302721064e-02 3.307991032982990354e-02
5.658154158691310054e-02 6.929941573483570927e-02 2.503191043635390189e-02
5.187447522261700444e-02 7.277382136658661071e-02 2.962466929427530135e-02
5.011334673715050342e-02 6.980424137442879651e-02 3.676345754434750396e-02
7.243459233000400233e-02 7.079528644077780208e-02 8.797037420711471475e-03
6.904626393517689087e-02 7.212653780916671031e-02 1.005849560387659866e-02
8.260850906000000160e-02 6.821348190000001144e-02 8.262410759999999979e-03
6.237299689295350280e-02 7.353524051283949481e-02 1.331285334489160088e-02
6.295484460259849480e-02 6.851471360086179574e-02 1.759354628956190034e-02
6.219482902419230103e-02 7.173702388853919754e-02 1.666836065815790330e-02
5.663149427568790056e-02 6.841049059618391215e-02 1.999662977278190285e-02
6.114899380357950026e-02 6.647761281746020212e-02 1.932452051240059893e-02
7.442989155116790101e-02 6.527140776819709278e-02 1.284248108444390087e-02
7.506221072865869315e-02 6.782241929424219495e-02 1.072666492204350092e-02
6.669866134204810448e-02 6.583812754730240802e-02 1.464473489987329867e-02
7.044973263495910021e-02 6.405985446386970594e-02 1.655472312291259712e-02
8.049129036709810892e-02 6.239886267516889934e-02 1.452860424534289929e-02
8.847614568729540718e-02 6.120896483795640330e-02 1.549252233455820048e-02
9.256826546531370103e-02 6.090462498154020077e-02 1.731286874063649867e-02
9.009270062602590945e-02 6.702558859204960084e-02 1.037643372820940164e-02
5.601259656532790038e-02 6.803210862499990685e-02 4.765093983798369959e-02
5.726730086023420346e-02 6.610216051633439893e-02 5.140335794702220046e-02
5.315958023000000310e-02 6.717711448999999502e-02 4.507529736000000231e-02
5.203130895371800568e-02 6.680061063349100603e-02 3.885008078944249960e-02
6.644230253657361362e-02 7.014661117153730974e-02 7.206704796645550803e-02
6.860688210000000231e-02 6.573000431000000643e-02 7.203711986999999928e-02
7.281219322904609881e-02 6.407223551345959944e-02 7.689129685280640669e-02
7.045760155487010290e-02 6.445840797614080242e-02 7.467364116292821152e-02
6.528200766325779891e-02 6.869930936056460602e-02 6.887385244690369390e-02
6.500365158532200871e-02 6.661749983982941103e-02 6.312321787565380871e-02
6.446439393959489672e-02 6.846451207718469434e-02 6.480053421355430610e-02
8.953838528419751086e-02 6.015022843692000715e-02 6.990182769730990398e-02
8.808386384404449931e-02 5.949959573226190623e-02 7.241253553774380791e-02
9.166118622000000993e-02 6.155574321500000001e-02 7.432452678500001131e-02
8.497734037223220183e-02 6.116150016814810020e-02 7.392249667506339827e-02
8.242492563021339147e-02 5.804498026355250223e-02 7.194585710240909704e-02
7.723410161138691277e-02 5.826720601159440793e-02 7.280669572687140101e-02
7.997102220573400200e-02 5.962697326103120338e-02 7.424537696454949764e-02
7.290462521309928889e-02 6.193671423985220442e-02 7.463622860468249742e-02
8.075574457480300117e-02 6.194807367694089850e-02 7.604747867689229390e-02
9.743172645999999271e-02 6.183866501000000182e-02 7.105052947999999924e-02
6.058131613160110118e-02 6.971412641500090990e-02 6.140104978214100395e-02
5.702431849385160290e-02 6.898247506177650201e-02 5.804918888092640283e-02
6.099210213879079773e-02 6.752711492417200201e-02 6.140944961173160077e-02
5.885930814990369964e-02 6.571863907373309832e-02 5.969287923817809954e-02
1.061829437881319921e-01 5.577673995148160063e-02 4.735978891048400058e-02
9.183167640225470274e-02 5.670797055581699997e-02 6.586589296502121105e-02
9.523179632756320623e-02 5.393297539574030269e-02 6.375412613937879447e-02
1.109040320069120122e-01 5.834047783915770335e-02 4.580631514284490280e-02
1.057015236191840013e-01 5.536426163292820085e-02 5.781600177373719812e-02
1.087088453798880083e-01 5.714089598782749746e-02 5.383062344914690128e-02
1.114167422826040088e-01 5.608582078627070283e-02 5.298225154512630625e-02
1.057676158625369955e-01 5.610801913607480623e-02 5.486300881857820305e-02
1.137031649537470074e-01 5.952364600053969973e-02 3.126677608367459810e-02
1.121386617713090034e-01 6.111158522154180178e-02 2.778205748667609762e-02
9.961563061559590426e-02 6.451833300479249689e-02 1.463296026269019987e-02
1.083590037728589944e-01 5.457652790689110356e-02 4.031258314371419932e-02
1.073349721644510091e-01 5.545561040607879799e-02 4.374243711682820196e-02
1.088403780271650079e-01 5.492455365526450334e-02 2.846970101759840194e-02
1.086266946999999983e-01 5.410473823499999807e-02 3.604871273000000154e-02
1.109086693310920024e-01 5.497968522586489659e-02 3.205955260261750261e-02
1.029093598082749944e-01 5.545148722313280459e-02 2.288762000672730015e-02
5.171257425590970042e-02 6.807920945868151108e-02 3.337441570846070432e-02
5.050146461389230096e-02 6.984779486425880812e-02 3.052854382739180264e-02
5.688918582740760260e-02 6.890975425115331010e-02 2.793336506923340193e-02
5.519314470002400358e-02 6.904460971254430812e-02 2.244860550873289951e-02
5.256809606492900133e-02 7.175546502384250180e-02 2.331311814223130038e-02
5.484987120772859964e-02 6.871996243916629610e-02 3.020104491742000088e-02
5.364626498643410013e-02 6.993050967448169453e-02 2.605031954504249958e-02
4.989705651248119850e-02 6.867587799016290628e-02 3.338686627003820129e-02
7.918810430962210101e-02 6.734608973941570709e-02 7.295364150937930052e-03
6.274388181709729395e-02 6.965842211155770514e-02 1.116423744075939993e-02
5.506075029239350382e-02 7.350124647680630896e-02 1.988499738884209889e-02
5.919830444962759924e-02 7.330275106190391188e-02 1.530633013587760077e-02
5.751615070548660169e-02 6.582393536943290102e-02 2.536974262407610051e-02
5.617226124000000015e-02 7.130005359999999626e-02 1.677265762999999993e-02
6.398506164500000759e-02 6.294334888500000003e-02 1.859069347000000261e-02
7.046137594937069981e-02 6.328777370815390213e-02 1.323400476734630168e-02
6.821440325215330502e-02 6.596265925880059888e-02 1.102794161316730109e-02
7.243969923187590365e-02 6.503539033404909242e-02 1.030297109019410150e-02
8.550251101808510612e-02 6.543105625093470490e-02 7.741702980984920511e-03
8.728194165875050037e-02 6.333865781697239905e-02 1.336107520119230070e-02
7.680797745984169200e-02 6.122250608508699593e-02 1.409223740258989943e-02
8.433550591982580391e-02 6.099638199410940126e-02 1.434646644855300072e-02
9.349730746947221283e-02 6.524363265614489815e-02 1.091769491532919995e-02
8.995720757049720240e-02 6.487572398950830488e-02 1.167873341581820122e-02
5.529128551000000308e-02 6.350824355999999671e-02 4.231210709000000209e-02
5.511068061994540274e-02 6.830467158196880384e-02 5.176353015718620360e-02
5.068547249000000116e-02 6.803983687999999586e-02 4.116622447999999934e-02
5.207755181542380457e-02 6.444031529904029054e-02 4.459737854046070399e-02
5.441270557107980022e-02 6.726005737529471007e-02 3.548297619081289961e-02
8.178222527568830558e-02 5.877906519943019992e-02 6.879795104457220312e-02
8.819980371351060500e-02 5.744178899670740468e-02 6.739951074729219616e-02
9.461764740824710196e-02 6.170753588912810533e-02 7.281072860295509375e-02
7.859354354181929958e-02 5.754981564778280378e-02 6.896669762762340505e-02
7.414615301493769628e-02 5.877177559339229890e-02 7.264990695236230034e-02
7.782205680172439577e-02 5.921232759129709672e-02 7.680416057957330234e-02
5.836120487565599896e-02 6.377657490759459924e-02 4.745836494582589965e-02
5.496199566678839493e-02 6.852449725804510283e-02 5.551380677989150442e-02
5.668524585056849974e-02 6.700386018496820584e-02 5.937506565545699888e-02
1.092779595174989959e-01 5.541938597199730365e-02 4.675513462844850532e-02
9.539336556414840240e-02 5.781081749339470055e-02 6.973309316743579733e-02
9.618459297342440983e-02 5.504847408306390300e-02 6.811887686332819547e-02
9.838447001479380671e-02 5.787587026029599596e-02 6.725289056088079587e-02
9.832196487225110249e-02 5.366164092665619972e-02 6.505152760264538980e-02
1.001305421619149982e-01 5.540749450312689589e-02 6.189941240848630122e-02
1.017879200000000040e-01 5.751046181000000340e-02 6.733176708000000732e-02
9.852214775776700628e-02 5.798554382449550015e-02 7.020118498412340757e-02
1.082899834383110049e-01 5.344363183695730046e-02 5.914089550076589985e-02
1.017938609679810008e-01 5.388388713762490290e-02 6.411165615117019045e-02
1.091411822798639963e-01 5.597657310429349914e-02 4.998770778077690075e-02
1.026496669229700065e-01 5.379775729421920616e-02 5.464730064114090013e-02
1.143202818557550043e-01 5.747458049606640057e-02 4.314830182599620201e-02
1.144288100393970053e-01 5.895861460687620154e-02 3.967106412202390381e-02
1.051484767076650007e-01 6.228244709076390107e-02 1.783333221827030149e-02
1.062879435832320141e-01 5.899940694189370616e-02 1.974273724640280073e-02
1.109608374785880092e-01 6.051018157187400270e-02 2.444037245029430025e-02
1.005393504999999993e-01 5.781899451999999995e-02 2.157994031999999757e-02
9.718827378150099450e-02 5.860737869756930257e-02 1.894436607626889812e-02
9.851965276401669636e-02 6.237274038943409898e-02 1.527332799206610088e-02
9.657983307206979839e-02 6.042664246848109683e-02 1.283009757029040035e-02
1.025309776748890012e-01 6.049412187947039721e-02 1.435648059036320062e-02
1.108295836690860042e-01 5.808706079779069748e-02 2.862726018360709987e-02
1.066476750571929977e-01 5.434906204238659777e-02 2.851313714927130108e-02
1.083522419481119936e-01 5.276566662378930073e-02 3.121009585952440324e-02
1.129259732220079943e-01 5.519541415688099945e-02 3.456643893287140307e-02
1.069831090640840088e-01 5.584396774915519751e-02 2.473855247822900200e-02
1.048874458396570064e-01 5.656906686092760123e-02 2.070585647721320116e-02
5.270983189920099704e-02 6.863181837582670031e-02 2.956010267166070057e-02
5.062352045424620139e-02 6.973110294436420109e-02 2.692914921055880248e-02
7.428689490087880820e-02 6.697382880502100733e-02 7.137847277127339421e-03
7.840236954777089762e-02 6.557508214371100819e-02 9.363675218801300118e-03
6.626967347064390002e-02 6.981483093664259121e-02 9.884165364527280201e-03
6.945233100929310011e-02 6.841226942802480782e-02 8.264794743575561153e-03
6.387608585469570222e-02 6.476796160860211204e-02 1.689424298497240254e-02
5.839673533261129784e-02 6.229589345260549971e-02 2.328002854408040001e-02
5.419415521431550364e-02 6.707153297456300289e-02 2.605387971201220121e-02
6.006979484386570228e-02 6.915189435900319370e-02 1.601549204980319899e-02
5.864325269387410389e-02 6.469415268075570657e-02 1.910299577818860145e-02
5.520822665027309839e-02 6.308727653236870236e-02 1.990191781442459881e-02
6.076849461000000119e-02 6.130492687000000523e-02 2.019715308999999945e-02
6.456081029490630396e-02 6.452763217275241103e-02 1.176032409551030188e-02
7.223845061359100705e-02 6.005446814254360166e-02 1.473241812324710062e-02
7.334622601052069590e-02 6.247689822430899792e-02 1.259143586484120017e-02
8.265246848459191498e-02 6.359318052825499445e-02 6.051967475091739497e-03
7.985560077887479680e-02 6.189255235046690201e-02 1.056716807610339967e-02
9.180822334985599964e-02 6.128574182157010136e-02 1.295016536956900000e-02
5.606504815416250148e-02 6.349227487946160209e-02 4.551233768869319962e-02
5.550187678022869969e-02 6.575958683650830194e-02 4.657127439402340002e-02
5.557995865377380468e-02 6.378237620762609861e-02 4.868313379233300126e-02
5.347172469055520155e-02 6.338593544937319579e-02 3.976658894345300177e-02
6.736547292129560494e-02 6.472790113488220698e-02 7.678978271920260112e-02
6.607348835736778780e-02 6.901640331451069921e-02 7.582454453494399949e-02
6.367634640918569400e-02 6.820543018753200126e-02 7.292592977609800575e-02
6.423541780721431227e-02 6.681747278704590343e-02 7.091863729500950952e-02
6.213303244703349826e-02 7.073973605702900402e-02 6.921060064086240193e-02
7.410664692617850713e-02 6.017547811184550260e-02 7.582265102297360004e-02
7.153803076085508972e-02 6.253080219634839232e-02 7.281532729124960690e-02
6.981569529806440355e-02 6.388147021793459668e-02 7.245548500075969789e-02
6.278868379204879946e-02 6.706636534615099954e-02 6.716005864946490711e-02
6.360957766687909409e-02 7.052016904000420194e-02 6.519655081234930483e-02
8.464356574690519441e-02 5.691323696510640351e-02 6.821610189387580792e-02
8.612722059551039533e-02 5.797031306307020432e-02 7.440219529698990919e-02
8.881369930425840609e-02 5.836292534448450642e-02 7.554831387843850832e-02
8.495972632999999885e-02 5.920843601000000400e-02 7.687496185000000648e-02
7.555024855473310708e-02 5.731030195977010466e-02 6.961506070402929958e-02
5.725911118886690271e-02 6.550000764439620204e-02 5.579397023728979721e-02
5.559644230922840269e-02 6.666153079881610710e-02 5.509678414773010180e-02
6.089257552962890063e-02 6.638562496850980432e-02 6.309817198491779466e-02
9.043549803184661173e-02 5.251258551231580141e-02 6.659342539477838829e-02
9.284543547604739988e-02 5.471913843192029864e-02 7.003592700442801133e-02
9.409711124784020386e-02 5.205322442949310291e-02 6.734249753080340239e-02
9.065670129406809552e-02 5.672797884970940535e-02 7.203617206474829948e-02
9.900462511160959544e-02 5.334977922666850336e-02 5.963742041962530327e-02
1.022067461107979969e-01 5.364138173369060320e-02 5.900121799750800144e-02
1.055899005857060119e-01 5.344529500151810192e-02 6.298781312482920614e-02
1.103831086676210077e-01 5.255989804723690262e-02 5.556567325966670079e-02
1.044949834423500035e-01 5.372630837468219539e-02 6.068199854198599863e-02
1.076655906066990021e-01 5.467258958610769770e-02 5.274600778945160579e-02
1.128740948086670026e-01 5.612487637914860550e-02 4.951304745018610121e-02
1.140555840497240042e-01 5.435542058831300399e-02 4.638903588326500488e-02
1.088265327783919934e-01 5.765001844733350089e-02 2.318520515087320322e-02
1.020371532047549962e-01 5.851205007038640105e-02 1.804648122173620195e-02
9.793189474169269881e-02 5.772974056482080285e-02 1.565246791460950249e-02
9.656185321260569998e-02 6.310823225884139298e-02 1.144484940560190102e-02
9.518667726538140861e-02 6.017954326060730164e-02 1.561926501096110205e-02
1.127595314011749922e-01 5.477378315301729972e-02 3.782106592448460092e-02
1.105053715478589993e-01 5.467313580375429694e-02 2.563541969075119886e-02
1.116809575027480073e-01 5.176783651318200147e-02 3.591029422192980325e-02
1.056797647500000020e-01 5.285682201000000552e-02 2.508414507000000099e-02
5.325242166582400127e-02 6.575947741358510734e-02 3.259347365067549740e-02
4.882699190919009835e-02 6.646246299283849190e-02 3.676141869915620225e-02
8.021232532001509874e-02 6.396005487442489590e-02 7.753225878328180894e-03
5.927640925957720214e-02 7.056500652318090094e-02 1.365834368449480099e-02
5.385474903117950379e-02 6.431070729169870159e-02 2.376581593684470167e-02
5.777860725576540457e-02 6.244585181945900426e-02 2.086207738924560073e-02
5.320306655811220253e-02 6.992225395175090397e-02 1.961185677975599978e-02
5.716359308540919920e-02 6.649977549142480071e-02 1.716939741866229871e-02
5.242587089500000408e-02 6.688941240500000107e-02 1.915336489500000031e-02
6.041254149387469824e-02 6.255592930381929928e-02 1.766473028919450169e-02
6.005073940550870182e-02 6.635861644284919703e-02 1.154775187146550065e-02
7.532468133559480639e-02 6.129568688358379841e-02 1.103134375679380025e-02
7.548755869897980086e-02 6.433524399922391224e-02 9.317485146984820499e-03
6.789156361309280074e-02 6.152845931848450328e-02 1.646458504113279889e-02
8.984593331289859874e-02 6.438344284541069884e-02 8.499775557799049350e-03
8.681103731275860436e-02 6.220820108649719599e-02 9.879020197000151077e-03
8.386126153497878988e-02 6.176460093910590005e-02 8.268984527966240228e-03
8.040177233652599786e-02 5.838883959424669839e-02 1.315339388685040148e-02
8.300333922687490318e-02 5.989570290527850005e-02 1.094259622782600000e-02
9.096487383978260621e-02 5.699764904066329657e-02 1.453867092723790111e-02
8.770658054244591384e-02 5.992345126258479676e-02 1.139921121611960075e-02
9.474605538011529604e-02 6.164097771921090568e-02 9.214143694891169939e-03
5.252458691374999739e-02 6.549512803375000247e-02 4.977422237250000298e-02
5.526611805000000710e-02 6.458138942999999688e-02 5.203961372000000252e-02
4.989114285000000037e-02 6.610961436999999996e-02 4.529430865999999750e-02
4.824330680568179874e-02 6.449291819601681020e-02 4.076573940891310005e-02
5.228798965663879889e-02 6.464939182383599992e-02 3.674104841502669888e-02
6.836098671000000182e-02 6.520448208000000079e-02 7.836150169000000165e-02
6.127717460567900370e-02 6.895079769936789116e-02 6.938753354257250205e-02
6.509279928612150823e-02 6.594400664693189640e-02 7.453309335751619191e-02
6.806487254730410330e-02 6.300719111975709719e-02 7.504148057971460339e-02
7.075645797869940801e-02 6.194099179871160460e-02 7.809979058548489894e-02
6.056385148385189793e-02 6.836138706908989615e-02 6.490072098480620388e-02
8.561110314667680354e-02 5.535740904973800169e-02 7.047513637235200412e-02
9.480961799999999828e-02 5.840225697000000354e-02 7.289166450999999547e-02
8.113299370000000288e-02 5.855408668999999983e-02 7.700540066000001460e-02
7.058134062246410045e-02 5.962120088043890154e-02 7.276524408204131100e-02
8.231541940333990393e-02 5.370370363593759966e-02 6.811421045826600296e-02
7.976374006808499562e-02 5.521960660447679942e-02 7.092726800301579759e-02
7.231637068653561096e-02 5.672653692396320557e-02 7.020226915107249943e-02
7.467540862886651309e-02 5.504081869715689995e-02 7.306601912119779774e-02
7.892275507247570321e-02 5.654681337526060170e-02 7.613615939222449780e-02
5.586656696437269920e-02 6.895764521475850062e-02 6.093882902621679948e-02
5.324051014966529882e-02 6.675427826142869836e-02 5.724087919303389588e-02
5.748526220625200384e-02 6.783684095835450234e-02 6.285744741498559829e-02
1.052678483778159979e-01 5.233118457847060062e-02 5.022914108615129936e-02
1.072040939000000054e-01 5.178531170000000294e-02 4.619132042000000105e-02
1.085996796711310025e-01 5.114458714967390351e-02 4.942154391677580638e-02
1.027509960597900035e-01 5.449239063057319948e-02 6.632615785236370409e-02
1.061926076835360000e-01 5.176561760853370248e-02 5.575764728108980467e-02
1.044884992564900084e-01 4.983584318370510441e-02 5.866054770696189913e-02
1.127100153809460076e-01 5.190975751272159516e-02 5.083284538604590508e-02
1.125930895803410048e-01 5.435215214915370407e-02 4.107569291609779877e-02
1.152028638378010117e-01 5.636338563713959998e-02 3.554989184488609871e-02
1.132187376680650059e-01 5.793198802079250337e-02 2.708367307812909949e-02
1.086869937490829996e-01 5.906350841588780404e-02 1.965091401909250038e-02
1.125368107148800034e-01 5.407449131300880174e-02 2.892128257116570109e-02
1.100413866540650015e-01 5.415902600603930001e-02 4.305539368615730195e-02
1.105573864935840006e-01 5.186260465651670176e-02 2.953490489080790038e-02
1.075983029922040063e-01 5.175717839997640013e-02 2.812566595667239863e-02
1.097165108000000000e-01 4.869904995000000347e-02 3.298770428000000199e-02
1.123493530353780051e-01 4.997524162289980476e-02 3.244341853100719819e-02
1.163214423017090021e-01 5.070567493376650081e-02 3.277081739783690301e-02
1.151008298384910006e-01 5.497417646861400137e-02 3.013238036127210279e-02
1.059941414028540002e-01 5.382691699426649795e-02 2.225473845540529988e-02
1.002639968067269988e-01 5.490910606114910580e-02 1.917883852132199959e-02
4.945406876590560663e-02 6.696142979247289573e-02 3.010150295508959989e-02
5.189117365233939655e-02 6.568539199571940546e-02 2.796037238149000001e-02
5.511316341023260457e-02 6.545775851951210478e-02 2.889030321045720287e-02
5.286619874970060334e-02 6.725944642372851112e-02 2.168507822639960045e-02
5.062563896000000369e-02 6.698204040999999886e-02 2.281656265000000378e-02
4.952617033659500317e-02 6.328813348456630017e-02 3.511274242503460014e-02
7.824188163243479821e-02 6.407416184608050180e-02 6.031379183605239426e-03
6.508091450000000333e-02 6.634377955999999632e-02 9.027412534000000752e-03
6.115386154971940574e-02 6.436139525976110332e-02 1.466016495124210055e-02
5.563043594000000036e-02 6.120768069999999589e-02 2.689968586000000134e-02
5.691348079760150114e-02 6.793795166447670619e-02 1.442353163019600114e-02
5.989392473684829882e-02 6.677389578100301204e-02 1.397171669336770040e-02
6.218448276573500244e-02 5.871239474311040069e-02 1.888317707749469915e-02
6.163415449690230058e-02 6.062764899189910378e-02 1.495733011282780051e-02
6.465886537940299106e-02 6.184199675012730379e-02 1.430385616879690028e-02
6.723707526207620133e-02 6.230802259756710454e-02 1.200685957949339938e-02
7.069398244297930844e-02 5.929781141667170297e-02 1.197995369785320036e-02
7.282851269051930643e-02 6.134739105121089775e-02 9.483075625671730235e-03
6.979184150411950338e-02 6.234262862827240348e-02 9.441799239949160219e-03
6.966900348999999215e-02 6.433017254000000795e-02 7.198693156000000176e-03
8.703518769333751237e-02 6.244234523439200213e-02 6.490541639803550263e-03
7.672477625439960702e-02 5.887571515254880206e-02 1.140783334342389960e-02
7.714933411154870080e-02 6.191038005302310077e-02 8.620342351365981037e-03
8.962230144822000422e-02 5.760247848750530558e-02 1.179022109830149892e-02
8.735739349463240988e-02 5.790259881824640770e-02 1.391145111290480012e-02
5.299247265000000401e-02 6.340149403000000516e-02 4.569246291999999598e-02
5.201865267676190202e-02 6.708679175505560810e-02 4.806306101917540152e-02
5.294914843430920115e-02 6.607852579899460566e-02 5.331622965116230434e-02
5.011101139220960204e-02 6.413133676558731289e-02 4.818446877760550195e-02
5.027910101480740496e-02 6.304390849782250117e-02 3.975925330363460491e-02
5.348986925163640160e-02 6.113864727689470591e-02 4.088939170726880318e-02
6.263533780215629898e-02 7.049427741442589046e-02 7.377767973988751116e-02
6.451844573782210268e-02 6.697968198858460231e-02 7.663186422354979765e-02
6.975473977137661152e-02 6.023723680214550236e-02 7.641812495022649865e-02
7.133875434732581122e-02 5.684962409133800104e-02 7.415048901725901365e-02
6.019913256047490502e-02 7.014179876488051135e-02 6.561565497249820245e-02
8.632121121631110283e-02 5.392066276844720285e-02 6.763127034130871074e-02
8.762122896821220031e-02 5.322379057448940048e-02 7.184699858334130107e-02
9.169143612941720034e-02 5.842927539540190146e-02 7.451159608344121166e-02
8.002195959844859985e-02 5.477007880679410357e-02 7.384057180340740378e-02
7.552699463979649364e-02 5.443622693469159918e-02 6.813611196871029174e-02
5.578950964839540089e-02 6.527650035792599559e-02 5.938840614367710269e-02
5.258360033633040220e-02 6.849147563037989717e-02 5.821892810274530150e-02
5.325597479817149871e-02 6.487383623246339992e-02 5.649974153667140092e-02
5.762326968819189710e-02 6.594424863362580158e-02 6.332826168976760095e-02
1.110742861449350027e-01 5.269468632471500241e-02 4.735463136301059500e-02
8.927393469274991222e-02 5.234371970237430144e-02 6.909712938251069692e-02
9.403950228614460505e-02 4.932619268261650286e-02 6.423710107807110992e-02
9.605833145901319925e-02 5.470076739631350021e-02 7.195795822009490306e-02
9.703402551579169699e-02 5.190936193725120135e-02 7.087054501697329090e-02
9.736068753571450185e-02 5.117459728201699531e-02 6.713369685937001230e-02
9.967008582049480259e-02 5.376521452154710279e-02 6.902165696459269806e-02
9.980175689481930734e-02 5.091901004023489941e-02 6.388123571504940312e-02
9.693364384198129013e-02 5.022803203139430267e-02 6.203928988800179456e-02
1.014667738244880019e-01 5.169393769900750002e-02 6.062715366940499978e-02
1.092764072257380037e-01 5.023936163243530179e-02 5.742751415632699891e-02
1.075478728402359946e-01 4.958393753988679653e-02 5.994187298210629927e-02
1.035053172869789956e-01 5.103891043994819576e-02 6.513235751260060269e-02
1.031009947888429923e-01 5.060417324337419809e-02 6.259075502930029622e-02
1.071091930526999886e-01 5.142272996329320250e-02 5.293753664476830156e-02
1.012610400747279982e-01 4.986085883444250216e-02 5.684810652539650649e-02
1.152747951632050044e-01 5.477719143862470191e-02 4.013160674645729897e-02
1.053552334962640086e-01 5.912167137181109644e-02 1.609376626617430028e-02
1.105551932952199973e-01 5.475193341099450495e-02 1.924734849298430014e-02
9.452011039444070672e-02 5.728060039695309635e-02 1.642494515338650124e-02
9.937176168387749919e-02 6.188879152135820516e-02 1.261996856633700037e-02
9.911213021821330127e-02 5.924567093858620209e-02 1.062792030738940116e-02
9.478982439138239346e-02 5.793480258703369995e-02 1.325941095559580139e-02
1.090719509000000059e-01 4.975224494999999636e-02 4.056922912999999520e-02
1.105946781144079988e-01 5.168428131155079763e-02 4.164645751173679661e-02
1.080000019000000033e-01 5.178973675000000249e-02 4.317864418000000315e-02
1.098864755530809950e-01 4.757778551602069583e-02 3.719406648552020522e-02
1.160481762262269984e-01 5.146040316399960041e-02 3.779762593952980254e-02
1.094104065957640093e-01 5.427914474740430650e-02 2.147897648224770042e-02
1.032731617018399911e-01 5.144760621976610104e-02 2.006703955393350156e-02
1.086509352560610098e-01 5.157852032663330644e-02 2.370032168564310121e-02
5.085173571437279910e-02 6.318088758243560477e-02 3.111070042347400047e-02
4.737415402922020430e-02 6.615832653515800466e-02 3.273280828217170479e-02
5.463614255875779563e-02 6.028465964932949728e-02 2.393957254487750000e-02
5.676039859971479529e-02 5.919532878499450534e-02 2.145989059457460019e-02
5.418755839697390192e-02 6.688419774433330967e-02 1.656342630914080238e-02
5.769390340066510303e-02 6.209571559574859900e-02 1.643866696075450134e-02
5.182453460986130578e-02 6.429840773901859818e-02 1.888954799506470036e-02
5.263240932291050195e-02 6.167755515448420517e-02 2.228061130795759917e-02
5.855501780208240137e-02 5.967960500337790575e-02 1.924812115865289983e-02
6.266011577462279880e-02 6.206997980417710420e-02 9.551346791211119680e-03
6.572561732303269788e-02 6.341795113350200130e-02 8.427760903001390094e-03
7.446448930866830795e-02 6.257436339954500215e-02 5.847078132911159853e-03
6.889459574005220299e-02 5.815743368733279628e-02 1.512638866889479995e-02
8.491450237753470076e-02 6.045149448580980356e-02 5.270733870912400025e-03
8.085433267897058907e-02 6.064358947510780501e-02 7.365065714253420798e-03
7.923536161147670676e-02 5.647999915733960263e-02 9.760264800511979019e-03
7.568402254595270329e-02 5.577152358834950446e-02 1.319598141571250161e-02
8.402907116351239492e-02 5.614449461055289609e-02 1.255878034024849980e-02
9.215463327016940043e-02 5.886631387499519780e-02 1.079566673561459939e-02
5.044343875165480107e-02 6.662906786125080694e-02 5.114284802083520626e-02
5.040995786331699952e-02 6.752017374689180118e-02 5.454598564988340226e-02
5.240643024000000288e-02 6.345140457000000844e-02 4.914451121999999922e-02
4.941366097850630190e-02 6.231891529915509903e-02 4.494156052839559656e-02
5.227328777000000287e-02 6.023677826000000540e-02 3.843770981000000503e-02
5.308287014923139535e-02 6.108689039679040395e-02 4.340234055762640097e-02
6.511501792135139521e-02 6.775026691644850385e-02 7.828926677193501216e-02
5.962917295153349895e-02 6.876538128859180365e-02 7.248335932238829382e-02
6.049730410238150086e-02 6.727923368389759906e-02 7.016315031702440030e-02
6.129396610040119958e-02 6.655771125066099747e-02 7.335053310794720227e-02
6.478314931123289877e-02 6.356139736263970164e-02 7.629521786345100365e-02
6.631082812483381217e-02 6.095950611879919628e-02 7.843282652983259162e-02
6.254964172635239794e-02 6.435841841340969594e-02 7.798482773029120907e-02
5.898659580050019668e-02 7.108006054910839810e-02 7.173670608432079765e-02
7.165113481973468812e-02 5.726856992846909855e-02 7.801067826296630148e-02
6.629811286999999498e-02 6.191777705999999826e-02 8.088178634999999839e-02
5.930087270547190759e-02 6.665457582773280654e-02 6.712039572418430911e-02
5.695603924679359942e-02 6.960158874430390219e-02 6.440467071280910061e-02
8.274536133000000293e-02 5.556935310000000322e-02 7.680512427999999781e-02
8.393237301747100143e-02 5.514714909392989806e-02 7.310989675754339667e-02
8.675832363792039537e-02 5.463460744188029794e-02 7.605466308921381147e-02
9.136738569956910638e-02 5.465781342775979934e-02 7.451476824877029115e-02
7.854033357893790146e-02 5.187164581515779638e-02 6.761652442872111146e-02
7.515525849686399695e-02 5.695623163840060621e-02 7.936144793706680078e-02
7.882939815999999433e-02 5.564130306000000109e-02 7.967700005000000196e-02
5.278735937053009863e-02 6.731066398388020622e-02 6.196962204045689676e-02
5.324844684922309945e-02 6.512015598825310336e-02 6.041863993165050295e-02
5.457190758344739739e-02 6.556745919823879498e-02 6.305780576991031061e-02
9.168040628407109205e-02 4.988891471731200095e-02 6.950693259382839662e-02
9.385838742165300563e-02 5.116326654375490113e-02 7.284270019178390454e-02
1.011137622298160094e-01 5.032326811738609823e-02 6.736549333400139450e-02
1.040080906362120111e-01 4.799563379588869805e-02 5.310166009936460180e-02
1.151269955078609991e-01 5.253673379093570101e-02 4.318754023025910688e-02
1.070934166148410083e-01 5.616009904556359955e-02 1.601487393972280196e-02
1.120401068785080029e-01 5.649364698387029926e-02 2.292389144553040256e-02
1.040167453771759926e-01 5.533649349228699638e-02 1.672973716583329995e-02
1.035514747186929985e-01 5.742099239183059978e-02 1.334401304083410005e-02
1.005129666135390065e-01 5.713936499035089656e-02 1.401556701571210137e-02
9.742227180259380170e-02 5.454519387251440671e-02 1.647234633831779968e-02
1.007758552613400027e-01 5.451806050258119901e-02 1.565955943905479944e-02
9.468143653644500723e-02 5.889222392960220126e-02 9.545997234252720162e-03
9.782542521192690022e-02 5.607078961689140190e-02 1.163280879305710058e-02
1.089576750803770006e-01 4.887297030005080534e-02 2.916701608301639978e-02
1.141799023256130086e-01 5.401871238265090053e-02 2.571149164103750037e-02
1.128153627238699941e-01 5.023755228472179951e-02 2.732984641889070129e-02
1.134351379601880039e-01 4.923547035475719924e-02 3.540433939414540376e-02
1.059883697723690010e-01 4.865839521604780477e-02 2.210298757502270062e-02
1.070717766006810123e-01 5.296272162332520128e-02 1.966782319962979975e-02
4.544571260885369585e-02 6.446986106168300923e-02 3.696721201121099670e-02
4.885172366999999960e-02 6.480382919000000908e-02 2.707346201000000036e-02
6.558417613897510323e-02 5.837687283070520233e-02 1.680373861363070043e-02
5.191150864854670449e-02 6.126378192789770638e-02 2.673419602161079822e-02
5.671491894695329661e-02 5.859633868374410082e-02 2.492569356013680029e-02
5.895149280751620785e-02 5.653042863750520203e-02 2.178018340698330280e-02
5.652443408999999891e-02 6.418770790000000170e-02 1.349989294999999999e-02
5.377612590999999997e-02 6.292510985999999473e-02 1.602695226999999861e-02
5.971934778706570329e-02 5.801875935269409923e-02 1.629068483382049848e-02
5.871083467288910201e-02 6.194235172334200401e-02 1.178432179467120075e-02
6.699076820271879229e-02 5.931847619166700364e-02 1.352540480228700027e-02
7.138482994086670086e-02 5.595861006913990104e-02 1.412218765837410135e-02
7.462442819274510419e-02 5.785369443654420074e-02 9.327170962681749500e-03
8.462798700763490833e-02 5.860221837351810292e-02 8.410768889741250184e-03
8.356582559662731335e-02 5.598165988526299791e-02 1.030566864663619991e-02
7.824043071662609150e-02 5.919606269795980175e-02 7.466643190127170322e-03
8.763394080104730532e-02 5.468388708070919674e-02 1.271443184246179997e-02
9.109775683818920056e-02 5.459357325253530457e-02 1.066758296521179948e-02
8.757911470991870673e-02 5.523484233284659678e-02 9.708117500219749785e-03
8.830806690404541248e-02 5.914974592570410722e-02 8.243870432247739702e-03
9.187724437515740195e-02 6.011850698631589912e-02 6.903454486247150024e-03
5.109623908999999520e-02 6.336375236999999827e-02 5.268839359000000028e-02
4.888906919891670283e-02 6.398375166521680368e-02 5.249847088437640391e-02
4.634380360796029608e-02 6.343280781492570408e-02 4.428545598647190551e-02
4.817884031953249824e-02 6.530436099253439375e-02 4.847343888713009918e-02
4.860608978510430611e-02 6.152831017042029865e-02 4.219025295320599778e-02
6.499569195435379865e-02 6.625542688423011195e-02 7.999186840692261435e-02
6.242175812147340158e-02 6.996317640414299877e-02 7.734829271129260719e-02
6.112084394957489897e-02 6.747184292913610548e-02 7.561964649271241123e-02
6.690023248038910741e-02 5.985679463643830273e-02 7.566848560681710412e-02
5.758445371529340162e-02 7.045516860148710869e-02 6.802590029286820217e-02
6.859060526000000657e-02 5.933221817249999946e-02 7.943429350750000340e-02
5.795842574509980222e-02 6.829127984967459097e-02 6.674558790404259978e-02
8.604043145074750931e-02 5.087529019870339758e-02 7.036098920519169575e-02
8.355992558946989668e-02 5.188611902939140041e-02 7.151165369892720225e-02
6.783161850366460632e-02 5.664308509496140259e-02 7.307427620922679612e-02
8.002923659834750014e-02 5.132022856766030316e-02 7.200716706730149463e-02
7.684380958420300445e-02 5.256642863687900624e-02 7.068346412518980437e-02
7.229968982519649479e-02 5.221142084564810160e-02 7.159139844902370764e-02
7.002070309005320459e-02 5.415450633163030464e-02 7.633944429400409126e-02
7.617473920606790405e-02 5.368055279750880149e-02 7.763987724117750455e-02
5.058624508440880130e-02 6.565392992527650795e-02 5.611454948454370345e-02
5.030348215763490172e-02 6.467575727704100164e-02 5.978865807921140280e-02
5.442133174141589730e-02 6.784283665050490353e-02 6.595357470301560499e-02
1.061835752796919941e-01 4.843821106675159915e-02 4.884656052200679610e-02
1.100196069108950042e-01 5.062239366079720332e-02 4.505448365485300449e-02
1.102941001413419997e-01 4.800933797560780203e-02 4.786860903201350242e-02
8.595593929499999175e-02 4.975835323500000379e-02 6.711215257500000031e-02
8.960276201685950237e-02 5.109527467528079958e-02 7.210484492527668987e-02
8.983921845765109604e-02 4.718716873283700097e-02 6.599462187017660075e-02
9.499990655308600263e-02 4.824473971276609791e-02 6.814940033334070113e-02
9.925038693799309586e-02 4.795059708101469947e-02 5.925545335508010381e-02
1.128024659305310040e-01 5.159766711337360201e-02 4.362191198622780014e-02
1.110317492743899959e-01 4.884133293885650762e-02 5.429337164685119760e-02
1.062306382309940039e-01 4.734178300729360162e-02 5.691562398707299825e-02
1.050157407211250032e-01 4.857092433838119949e-02 6.297436011117510390e-02
1.144604077474599968e-01 5.064128883652140034e-02 4.639336285187860287e-02
1.159507591072420074e-01 5.019017303424560400e-02 4.075687440994030242e-02
9.375766074871010047e-02 5.490137062036239829e-02 1.480277241677610024e-02
9.594701408444890334e-02 5.782096533149450046e-02 7.618791845590500156e-03
9.504900986590329726e-02 5.595654367406600188e-02 9.500104861068911152e-03
9.473509782082779884e-02 5.516496244509590252e-02 1.244482776691280095e-02
1.157428013376769899e-01 5.139239563178840675e-02 2.829534114150680096e-02
1.144452348549560017e-01 4.815489538711920092e-02 3.966475256686420592e-02
1.133191702356189934e-01 4.650679563792149696e-02 3.309476335140189990e-02
1.120731252943340112e-01 4.746942731088510392e-02 2.928208633369899783e-02
1.166929668210959919e-01 4.765712815195279756e-02 3.702301131578720345e-02
1.133651817322879896e-01 5.192567974629869881e-02 2.186163879033560173e-02
1.079238714581750025e-01 4.762551745973819806e-02 2.539848800441529830e-02
1.036387601006110021e-01 5.157635263778750229e-02 1.627388002766199868e-02
5.266232778736409936e-02 6.208508767652200222e-02 3.441835119986370178e-02
4.724992299558910397e-02 6.469275617882290497e-02 2.989565439885350298e-02
5.404098882338929932e-02 6.143286696994640361e-02 3.056878742831200049e-02
4.476826352532930348e-02 6.401968972367629018e-02 3.185259479262139704e-02
4.722860396055100080e-02 6.150490038685210020e-02 3.194784051835960342e-02
5.309365754376210028e-02 5.695689894508179640e-02 2.582142232118229963e-02
4.983788013000000489e-02 6.244250298000000171e-02 2.214619636999999933e-02
5.592640835193309762e-02 5.868378619608110441e-02 1.799778398696849982e-02
5.368236065000000362e-02 5.959038019500000061e-02 1.656265318499999806e-02
5.718099824293620265e-02 5.553822116370240453e-02 1.865245136760169953e-02
6.365567184340860385e-02 5.721044421753480186e-02 1.484033254872870085e-02
6.411556002725510295e-02 5.927037242972050396e-02 1.190967147853459925e-02
6.763645241338080150e-02 5.941801627702059801e-02 9.836144802468959128e-03
7.429907516258890676e-02 5.495335917169769796e-02 1.126582941691530067e-02
6.899281226092560115e-02 5.591884874371570030e-02 1.254747245931860100e-02
7.075707707262510193e-02 5.838331510549139847e-02 8.675652855815639553e-03
7.047469040365679505e-02 5.977892285937089906e-02 6.294189694275909713e-03
6.661942055919449490e-02 6.062427247113190421e-02 7.723006428807360421e-03
8.838375081766780550e-02 5.877383821306190331e-02 5.120375890226559930e-03
8.204383962984719558e-02 6.027677717007180747e-02 4.807053888236479527e-03
7.891097276945839567e-02 6.112771444817040323e-02 5.039965531164639599e-03
8.025414262673750965e-02 5.367168655171680736e-02 1.221838526126109957e-02
9.111119133673570292e-02 5.688794545802220576e-02 8.414559018012478936e-03
4.998197969312209721e-02 6.218148108078810216e-02 4.992070807949339911e-02
4.783410034255150545e-02 6.273171854098080757e-02 4.850173011871190126e-02
5.029031975004909921e-02 6.133227751177280224e-02 4.674801079809010051e-02
5.182559967000000684e-02 5.942245722000000230e-02 4.109696865000000282e-02
4.877797898022740580e-02 5.966630527358069563e-02 3.862132838519199973e-02
6.154691718476060225e-02 6.755872928993020277e-02 7.905064691118370013e-02
5.702115900831810497e-02 6.678448081836871331e-02 6.940572219232710172e-02
5.975473742499200214e-02 7.131189880168960216e-02 7.517444450900390152e-02
5.578882421867840252e-02 6.869092512734499556e-02 7.047261346824020001e-02
6.230053183296140051e-02 6.411387835068770025e-02 7.603425418447569417e-02
6.432865142999999453e-02 6.106608867999999829e-02 7.792138099999999790e-02
6.770655614745721418e-02 5.713850189284050418e-02 7.716496768343630852e-02
6.327549026571969992e-02 6.456261730926020348e-02 8.009863269272780861e-02
8.869894939287240043e-02 5.249881737782379626e-02 7.505419904340890347e-02
8.521230588157580055e-02 5.206318792497619669e-02 7.430674032732119405e-02
6.905770921681309016e-02 5.230787675168099837e-02 7.305095532786980150e-02
8.320534407573819402e-02 4.914825842084730168e-02 6.982739706435750482e-02
7.961727265500409545e-02 5.300183880916350260e-02 7.653191346050330912e-02
8.201492357094690433e-02 5.067155409453930753e-02 7.476439052089300930e-02
7.538099288999999814e-02 5.036107063000000439e-02 6.677729845000000830e-02
7.550785426541699319e-02 5.187073917313959892e-02 7.348771225819010489e-02
7.222927826208949686e-02 5.167957379529639766e-02 6.738877254615320556e-02
7.285976972118039796e-02 5.346420732473790294e-02 7.789799370850940263e-02
5.251804723812160403e-02 6.916494327992610269e-02 6.270741906258560372e-02
4.904230016995329844e-02 6.611993275001519510e-02 6.019920550521400127e-02
4.759546540422230493e-02 6.704765821970121165e-02 5.706690070260629633e-02
5.593168168659220368e-02 6.636803999473260551e-02 6.629478190973051022e-02
1.082910195303440071e-01 4.795734500415329421e-02 4.443152505126089780e-02
1.101880925981610082e-01 4.894519320001270574e-02 5.106089118447600106e-02
8.809112505655859737e-02 4.856477571379320263e-02 6.890054558254250783e-02
9.537944868679029686e-02 4.905125601018110043e-02 7.136094528123761160e-02
9.828550168145369637e-02 4.868878803078240114e-02 6.930148963709019394e-02
9.868012601282140361e-02 4.880612289293369960e-02 6.574739010029159725e-02
9.988981182291489791e-02 4.765672167922930386e-02 6.316075083903349707e-02
1.025005035979879991e-01 4.668005155931299888e-02 6.529408622118559880e-02
1.075558830202059946e-01 4.644338003983040225e-02 5.225597941113900580e-02
1.026401774547379964e-01 4.637406829135500008e-02 5.775421206764600607e-02
1.092167285122870035e-01 4.678372871526879917e-02 5.719520068272729990e-02
1.068840072845320122e-01 4.562133026564779703e-02 6.028243198397930519e-02
9.862399503352010932e-02 5.352028856090310094e-02 1.315466392989159995e-02
1.000376881404680118e-01 5.153525143866199976e-02 1.665874467583909960e-02
1.094489235940959981e-01 4.610438324480110178e-02 4.052703631681370267e-02
1.126663038923859939e-01 4.831898995513890516e-02 4.473627648352120068e-02
1.106410930659830066e-01 4.750597971769529582e-02 2.586067429198640050e-02
1.122004624421520103e-01 4.394993463728239652e-02 3.575605148118769783e-02
1.133089095194849960e-01 4.517620918689930348e-02 3.892542439663999876e-02
1.098374383413630029e-01 4.544554645053699993e-02 2.951850619115550106e-02
1.153277036465310129e-01 4.518403303298040158e-02 3.536621128278250037e-02
1.147373642787949954e-01 4.811228552026810407e-02 3.032826572430359982e-02
1.113723889262600020e-01 5.147491341912389939e-02 1.837585613157790079e-02
1.098402681256010066e-01 4.931033066440709822e-02 2.173388809063650159e-02
1.083782219258799945e-01 4.994803848333870255e-02 1.914524578562360260e-02
5.037277830156140085e-02 5.904528331330360230e-02 3.381119602126440166e-02
4.519351660757170430e-02 6.253208984942229542e-02 3.443911270345129810e-02
4.680211944405140295e-02 6.131411838892850130e-02 3.692122143891629626e-02
5.165883372777130278e-02 5.839148053645869946e-02 2.984805719732450124e-02
5.526563545839420499e-02 5.695806539530860052e-02 2.849349296795109995e-02
5.449080211523150280e-02 5.634293013141170037e-02 2.255990670024579994e-02
5.067073414084490024e-02 5.897287587259919528e-02 2.317408416791910328e-02
5.655848464423090388e-02 6.002356364521770071e-02 1.415398305612950054e-02
5.111019042006840346e-02 6.066659018583870494e-02 1.938921477038029959e-02
6.341247784174480762e-02 5.476710259293039729e-02 1.839768361391929882e-02
5.971727038633620199e-02 5.854792646893750008e-02 1.139610334793490082e-02
7.156078648997500624e-02 5.507643112752850373e-02 9.878576693911410994e-03
6.779944751857820695e-02 5.408914219673940232e-02 1.559937843096630139e-02
8.450222975792520685e-02 5.778384191271670328e-02 4.044519716028349351e-03
8.174936446276329094e-02 5.736077662434370394e-02 6.197826737329609724e-03
8.359960775041799796e-02 5.243725941551820313e-02 8.739312127247770429e-03
8.549647706135239666e-02 5.494951314714570378e-02 6.327728197297380168e-03
7.681967321444201080e-02 5.162972419524209516e-02 1.265989405233860013e-02
7.769375913166880199e-02 5.606754782017340372e-02 6.225281010504639737e-03
7.540251691382959809e-02 5.844661364057449765e-02 4.740280308669349990e-03
8.474093356308580460e-02 5.132333337777710003e-02 1.146787402670310096e-02
9.128169017872329871e-02 5.289310753838920298e-02 1.288414184796500030e-02
4.735406070448450189e-02 6.535727396975239689e-02 5.205465061159079976e-02
4.464902498234440270e-02 6.330556787391980467e-02 4.032617089559099866e-02
4.667100913187829936e-02 6.050567570546459828e-02 4.596093029679380187e-02
4.880201513447619821e-02 6.019286292233570063e-02 4.974384364967279759e-02
5.137791157000000386e-02 5.860813618000000613e-02 4.375622749000000061e-02
5.823162788733030060e-02 6.698455702539159173e-02 7.219230695158081190e-02
5.750581168811300103e-02 6.763842078848449069e-02 7.436647455066029699e-02
5.627454996000000320e-02 7.047488212499999904e-02 7.403686761500000157e-02
5.777214695525759863e-02 6.435625543193289333e-02 7.399820868063619606e-02
5.916695950978350521e-02 6.559408797936749913e-02 7.726124860848190834e-02
5.361377716000000071e-02 7.195872784000000022e-02 7.082066536000000689e-02
6.934776096256840827e-02 5.465561989178809726e-02 8.035707478805860504e-02
6.623463153999999131e-02 5.640593529000000050e-02 8.088958740000000425e-02
6.290876388499999639e-02 6.017094612499999939e-02 7.881037950500000000e-02
6.955724333018409311e-02 5.388426277244499907e-02 6.969283611867981010e-02
8.159845903119659905e-02 4.882423443762810150e-02 6.711743290293449571e-02
7.831608150106650346e-02 4.822587943190620452e-02 6.990079802388540764e-02
7.239214293691190183e-02 5.124730786402480198e-02 7.544197949075451270e-02
7.226324606975710607e-02 5.469362028967020284e-02 8.189302765677969331e-02
7.535355304700830370e-02 5.366260458802810107e-02 8.346478885990921137e-02
8.197848328465590084e-02 5.272419469921690166e-02 8.074484834374880127e-02
4.907027285877150341e-02 6.844700060493380533e-02 6.149911218020309711e-02
5.096214709595899700e-02 6.539452663585350323e-02 6.391548126692220277e-02
4.779781100565799745e-02 6.481982253054360821e-02 5.651419018820070389e-02
4.917870609387239855e-02 6.337936084260470393e-02 5.607363343583690596e-02
5.309449214475729650e-02 6.552810543662070109e-02 6.628178932069420104e-02
1.135102573824890021e-01 4.741374756403540086e-02 4.901616558429940096e-02
9.181545826437180480e-02 4.556207097827080083e-02 6.920059706701280067e-02
8.781071108950709581e-02 4.768658482725329772e-02 7.194348764505839600e-02
9.201769742438251076e-02 4.784210989963229993e-02 7.269524346520959968e-02
9.420379566489631151e-02 4.465654151743070344e-02 6.600036753397460487e-02
9.057009390270580329e-02 5.040491642755719898e-02 7.389333298295079622e-02
9.704044978359810392e-02 4.596706758618110400e-02 6.535574643427870256e-02
9.680314841372260337e-02 4.666265598282559601e-02 6.162658740969150645e-02
1.013524387135490146e-01 4.549959137360570088e-02 5.639292778267739753e-02
9.990024329247799983e-02 4.656236550134500163e-02 5.952524462522990056e-02
1.053766002772780069e-01 4.334002470080660502e-02 5.020816213905170133e-02
1.052756145264499982e-01 4.408850959311359785e-02 5.651390419762930550e-02
1.086536841656709912e-01 5.244831637943630359e-02 1.558939234520740139e-02
1.022201537622489942e-01 5.435601487346659877e-02 1.263551637678290117e-02
1.020661039369469975e-01 5.491592102979289680e-02 1.044013356858350047e-02
1.050909802075399996e-01 5.462707230634220035e-02 1.305684931842190054e-02
9.616657484477500462e-02 5.037747646526690576e-02 1.373110645199320141e-02
9.914461734628329803e-02 5.523394758562290285e-02 8.199775377454730091e-03
9.719523090304639512e-02 5.272981316085269959e-02 9.831155559218309956e-03
1.117500453582439962e-01 4.599013822256620143e-02 4.296140091775479952e-02
1.145936371467900089e-01 5.122946849479029924e-02 2.661412471035869837e-02
1.156364822000000014e-01 4.926921367999999996e-02 2.511981963999999901e-02
1.103321395875890010e-01 4.418019162330119598e-02 3.625564491890450464e-02
1.105846484613060010e-01 4.345941928904799995e-02 3.209807618799870310e-02
1.172931099000000116e-01 4.449331759999999858e-02 3.309940576999999967e-02
1.169830231817170080e-01 4.637189724876920188e-02 2.863241703008950062e-02
1.124342256608240054e-01 4.855178262503680175e-02 2.389386691055720227e-02
1.075156689387069958e-01 4.747969906109140298e-02 1.675373790967120066e-02
1.111178566850969940e-01 4.564761142068209793e-02 2.224742655289940058e-02
1.020305301297690093e-01 4.882146934085299789e-02 1.690893150597879910e-02
4.926593247343720450e-02 6.212701019546870013e-02 2.796952831905279852e-02
4.249005220747550243e-02 6.376807477517880407e-02 3.460025817935179909e-02
4.761148729058380102e-02 5.879963777599289676e-02 3.559766336116840235e-02
5.684562686712200247e-02 5.570719169985269975e-02 2.521781016892329919e-02
4.895768412792649710e-02 5.954029055912479773e-02 2.616292187908760350e-02
5.143278121309420581e-02 5.604267639496240266e-02 1.968294595098209893e-02
5.986913416288150436e-02 5.233980988561719866e-02 1.892773248476219833e-02
6.056287449027669689e-02 5.470770269394859692e-02 1.523774442441460167e-02
5.814719095533560367e-02 5.664744767857640001e-02 1.342003449685490006e-02
6.355798315653979347e-02 5.746459962043810182e-02 9.201736845748280727e-03
7.240556273665078868e-02 5.179138358292990213e-02 1.378849586989850003e-02
7.609800320868101431e-02 5.367410513595719662e-02 7.402599641711380372e-03
8.885867788315950089e-02 5.614788422741900237e-02 6.718664369023230436e-03
7.971131792979420372e-02 5.291889288766579713e-02 7.451160677984569602e-03
7.764659105492680014e-02 5.132838307685010093e-02 9.569232580876231228e-03
8.855838638697760556e-02 5.142069994373070496e-02 1.180592565347809986e-02
9.290941820783860106e-02 5.147591606105630241e-02 1.018205457590859973e-02
9.320408213664681252e-02 5.303942321863040071e-02 7.218061613965359898e-03
8.962843470188579242e-02 5.302030546562529895e-02 6.654956131338270187e-03
4.804796480738120212e-02 6.111606528539630101e-02 5.254043419650260283e-02
4.562036293049720470e-02 6.269696015650090548e-02 4.869655984671070192e-02
4.379532189997979719e-02 6.173285493903870463e-02 4.245413340393830448e-02
4.890782248252199815e-02 5.857251122284270334e-02 4.325988135528500284e-02
4.916582651240450352e-02 5.797279103343840057e-02 4.762665596003780311e-02
4.528047564790500107e-02 6.039809041430160147e-02 3.971741554956759873e-02
4.977344336644810158e-02 5.641074861037210370e-02 3.689845390290380500e-02
5.358448922095870176e-02 5.765061619897920292e-02 3.328242804169639912e-02
5.857990175495260410e-02 6.971497870581210010e-02 7.716638663379990493e-02
5.981594642356890396e-02 6.249690695003950330e-02 7.681195593585669890e-02
6.308336593477059662e-02 5.795201286887599612e-02 7.703312362659971158e-02
6.422108153767690231e-02 5.620222588149640514e-02 7.826822632571481253e-02
5.986818607291640587e-02 6.537939539213820372e-02 8.009306421404380205e-02
5.370569058243730015e-02 7.064719063716980163e-02 6.652211620790529634e-02
6.386175394000000172e-02 5.784086942999999703e-02 8.029448270499998930e-02
6.159635552601339797e-02 6.265349904043990281e-02 8.025867058543799393e-02
8.366809845000000578e-02 5.048761368000000138e-02 7.787962436999999738e-02
8.490478605801629608e-02 4.755607357047839795e-02 7.377277075117770477e-02
8.673571082550100841e-02 5.041908932177609909e-02 7.572040728804940724e-02
6.543197078069119821e-02 5.358565247998149650e-02 7.228577410817460525e-02
6.587808502757289131e-02 5.374406763443199953e-02 7.595148825420880434e-02
8.107032619038981314e-02 4.800443418940889689e-02 7.330000987587520500e-02
7.468076847942839436e-02 4.993589784000150578e-02 7.007533019096510996e-02
7.744787502557599901e-02 4.801714540986610352e-02 6.597002873643539878e-02
7.167397251224749688e-02 4.871882717786510386e-02 6.946079103645309838e-02
6.657133333922260476e-02 5.359476296343910345e-02 8.047507418596390460e-02
7.069849229081169584e-02 5.179277116371739514e-02 7.845068453204220860e-02
7.869050312037970119e-02 5.213963244609190473e-02 8.126885312902720759e-02
7.447367739724169988e-02 5.074401022540870471e-02 7.740089438093469831e-02
7.405689897047400272e-02 5.191206842098269880e-02 8.092914315635341138e-02
7.772340520495879534e-02 4.964518322144299833e-02 7.446901598428680435e-02
5.059405687601729873e-02 6.784255477854320149e-02 6.607837753826180383e-02
4.769164038963479707e-02 6.683835796339090973e-02 6.419579894517819796e-02
5.381917034605059741e-02 6.482071554430540727e-02 6.905040211481450196e-02
1.071937548055289929e-01 4.477538066234760389e-02 4.690172981983310035e-02
1.099845726444209915e-01 4.519213070063100163e-02 5.012118981852390492e-02
8.477478785042569243e-02 4.595401910634409892e-02 6.647588039591000031e-02
8.861178245564520217e-02 4.445794640243389689e-02 6.774220239819460365e-02
9.339584665955429077e-02 4.574810293399229899e-02 6.390281182693850759e-02
9.527710090365509865e-02 4.556814184998009970e-02 7.044559562304789080e-02
9.954813541601439941e-02 4.504815218359040085e-02 6.752377587975659512e-02
1.112140525159300147e-01 4.423139838267390461e-02 5.328490895051399973e-02
1.045464575398670076e-01 4.492525439969100032e-02 6.290764969954530661e-02
1.031579708238049981e-01 4.330826973354560266e-02 5.365685638873009949e-02
1.153433027758079960e-01 4.789538913209629573e-02 4.399623282257100060e-02
1.011111195886860020e-01 5.094688377119120648e-02 1.192819079435140060e-02
9.263578785406580141e-02 5.665854616938450355e-02 5.491147719594960050e-03
9.635409355000000564e-02 5.326290130999999928e-02 5.610519052000000235e-03
1.161333220532790034e-01 4.602834659872859918e-02 4.126741741102130101e-02
1.143255348998479942e-01 4.644515199225950075e-02 2.668532931860190249e-02
1.136234022679060013e-01 4.194460806846870421e-02 3.171948768441659738e-02
1.148752616006400024e-01 4.530398020035120155e-02 2.984831207048690288e-02
1.155128626456759927e-01 4.251039513489890398e-02 3.414736723278150032e-02
1.169307898893249958e-01 4.352499696147629771e-02 3.734536102663120472e-02
1.132440374278200074e-01 4.824945727320540528e-02 1.942623590244140289e-02
1.048321771500000110e-01 4.656937837499999788e-02 1.882563710499999751e-02
1.084189663040940055e-01 4.660935957939350144e-02 1.984335428211290303e-02
1.072350588517329978e-01 4.446100928689480231e-02 2.127430807739889851e-02
1.039105313449470019e-01 4.874093871919690096e-02 1.402993436198939937e-02
4.502143527880900220e-02 6.337092316087250543e-02 2.759239783424500062e-02
4.657402316572849948e-02 5.956177774645819711e-02 2.794457640169889859e-02
4.683625181775220164e-02 6.267063984803079857e-02 2.508643401416980195e-02
4.368241968755209870e-02 6.311933311785740408e-02 3.736735845649919591e-02
4.363671341677500398e-02 6.139150254456279820e-02 3.135817540272600040e-02
4.693240776045660284e-02 5.700328945410269854e-02 3.214596929723020219e-02
7.981509003282399872e-02 5.685558747329130108e-02 3.782492613519810188e-03
5.447346060225709968e-02 5.348674851949400399e-02 2.660088226864840144e-02
5.222070812556780378e-02 5.472060505965740257e-02 2.931689601260090150e-02
5.094760050086450526e-02 5.471021628046970203e-02 2.288537573999629982e-02
4.961739398355410197e-02 5.563102234269130114e-02 2.653814211971789946e-02
5.662242921903320320e-02 5.327707677551630355e-02 2.224710068619930106e-02
5.408943348390499867e-02 5.604788193143409730e-02 1.673940739623090007e-02
4.809131723216940324e-02 6.075481357960089979e-02 2.169058357246190019e-02
6.020204473808399986e-02 5.251184758434770256e-02 2.194886483400190075e-02
6.463116946667181451e-02 5.319237181019269983e-02 1.466386514503449992e-02
6.300207179061929896e-02 5.609458001344219680e-02 1.235717480771759968e-02
6.745257841327551018e-02 5.640403711400780035e-02 7.277796492061630595e-03
7.373562581321689569e-02 5.101037359224819961e-02 1.027760405218739945e-02
6.821875520084610955e-02 5.254566815264689883e-02 1.254711549073850123e-02
7.157979294069319320e-02 5.529276072516690205e-02 5.534923009394270704e-03
8.827637195500000200e-02 5.565955638999999650e-02 3.901993334500000483e-03
8.212116129066579506e-02 5.337157220733580038e-02 5.651451889818220019e-03
8.107292758253720200e-02 4.963183061885379638e-02 9.277635730933859667e-03
7.997793046844320353e-02 4.948511623874619902e-02 1.190405495544510049e-02
8.782470312393160505e-02 5.156556873477489977e-02 8.886807284636840179e-03
4.641295134277500373e-02 6.035769333025540334e-02 5.036424330682490180e-02
4.426448094208250417e-02 6.169293535610310270e-02 5.591993470884219775e-02
4.370186530234109606e-02 6.076152683450280340e-02 4.544386363178400112e-02
4.617908022411150448e-02 5.842154936024520490e-02 4.231499775222430371e-02
5.263516468743020121e-02 5.642962400671330120e-02 3.826749574490970196e-02
4.806872807399650144e-02 5.603424889869770137e-02 4.006967974339870064e-02
4.462238375728209971e-02 5.846630325631780450e-02 3.715320713545239989e-02
5.581021650737440221e-02 6.566471426231300368e-02 7.149028277220030592e-02
5.272000249166369779e-02 7.038200462731371287e-02 7.304915536117380370e-02
5.382713663716209851e-02 6.738836960462539494e-02 7.349327992720050551e-02
5.899098599184590674e-02 6.224612496679789858e-02 7.761502078609140709e-02
5.722050666999999730e-02 6.790572643000000741e-02 7.883483410000000080e-02
5.863804240003590157e-02 6.207322563701259815e-02 7.949843200153020040e-02
5.173359794681210017e-02 6.795560486766420716e-02 6.919644535420679810e-02
6.148887633999999824e-02 5.927580357000000050e-02 7.969937801000000210e-02
6.833014710913190570e-02 5.073700287081159971e-02 6.786921912614909957e-02
6.732912949768379840e-02 5.056784740827870162e-02 7.701566340574109160e-02
8.245795443754540266e-02 4.552152062532199839e-02 7.019914884791030041e-02
8.032081957821600449e-02 5.019188846927780112e-02 7.709817812821799510e-02
7.504614693969149930e-02 4.686869186948380145e-02 6.814279768661631043e-02
7.061122535027460068e-02 4.914703704821730273e-02 7.367941222555469960e-02
7.356239295337581308e-02 4.728709585213920069e-02 7.213885811168239959e-02
7.946921730929221162e-02 5.315310235419259954e-02 8.348522965099611226e-02
7.515620946999999885e-02 4.805860280999999651e-02 7.618419885500000988e-02
4.993989620874430407e-02 6.988295355777571216e-02 6.528715360305990811e-02
4.566166675246960405e-02 6.724693076998110308e-02 6.122181884817550629e-02
4.727983474999999935e-02 6.480817795000000381e-02 6.357718468000000955e-02
4.503402838905540273e-02 6.364848025828950817e-02 5.866360043008840564e-02
4.485785133686050197e-02 6.440174799174029630e-02 5.468789855146569817e-02
4.704692832021930421e-02 6.347832314276470600e-02 5.963187277002209713e-02
1.095519758743070116e-01 4.438238367201760570e-02 4.616228449956329832e-02
1.129030355522750023e-01 4.513380287398319896e-02 4.667118674017670110e-02
8.827462095447038970e-02 4.757506312343920407e-02 7.464563161988449491e-02
9.092762193296720363e-02 4.257901364696720092e-02 6.405764311946579581e-02
9.671915366380630374e-02 4.199031996537330030e-02 6.838438788712579430e-02
1.001692672838399994e-01 4.481951305787470335e-02 6.337839937312150784e-02
9.865956270911749315e-02 4.326938377276479814e-02 5.882735437455940269e-02
1.072352083068069950e-01 4.283128371389109679e-02 5.349583623113819686e-02
1.021975714293009985e-01 4.056460451764999642e-02 5.861978620790259803e-02
1.087092512664279975e-01 4.180518068150779892e-02 5.700283993721769887e-02
1.057129579612540032e-01 4.160539555042110094e-02 6.087054408984260423e-02
1.009213686585480052e-01 4.174083847205230235e-02 6.142967053170139691e-02
1.038935454681400028e-01 5.210793463894480143e-02 1.050261689162839893e-02
9.972576148475190139e-02 4.841812911752089998e-02 1.483293297636419962e-02
9.792521060727819859e-02 4.953394265447499945e-02 1.111083816971480086e-02
1.083698449156540039e-01 4.355426865706450018e-02 4.415994054676630060e-02
1.095954589739569912e-01 4.263481810899040492e-02 4.042789516845260445e-02
1.148830867689450141e-01 4.408537040337490165e-02 4.523464806794869758e-02
1.089692163499999950e-01 4.335703611499999721e-02 2.489306092000000137e-02
1.149312730332609916e-01 4.720288970073170665e-02 2.235573970693449999e-02
1.106097537424790000e-01 4.012887129149350640e-02 3.442787767341540239e-02
1.132834949289329984e-01 4.294497240458550191e-02 2.585740273999450126e-02
1.063233726406849905e-01 5.130292900660509553e-02 1.252311455610369967e-02
4.469774912938710015e-02 5.970478997004140254e-02 3.423717091928610290e-02
4.087498057231770537e-02 6.369680367092020457e-02 3.038985785515030055e-02
5.063692540865530334e-02 5.447728548973490570e-02 3.290188376761459671e-02
4.685754652124040492e-02 5.575059080758809626e-02 3.488919444349929816e-02
5.657032311186310086e-02 5.348325017847690294e-02 2.726570177626450042e-02
5.302279539395850227e-02 5.270520294027910418e-02 2.388184901101870344e-02
4.731210842665930366e-02 5.767813829532690562e-02 2.367440918768779975e-02
5.802184512365160529e-02 5.214636937002470329e-02 2.482967633563600354e-02
5.408529770417960097e-02 5.343540439723030305e-02 2.013231480611259866e-02
5.403512433762640288e-02 5.645699204009770045e-02 1.453602398468959930e-02
5.106437355239290543e-02 5.826110394348560373e-02 1.718544447650839982e-02
4.694160460999999979e-02 5.815333366000000059e-02 1.992691754999999926e-02
6.289715173463020226e-02 5.123794410000880040e-02 1.963136495248169952e-02
5.667769657392140309e-02 5.051352758050239866e-02 1.989403070556350350e-02
5.553733128409420183e-02 5.372049475465349999e-02 1.574047909195409878e-02
6.191538262745419768e-02 5.112583825469060178e-02 1.689488085500439815e-02
6.590704199401659080e-02 4.996227749531539919e-02 1.769885588997920089e-02
6.111706774756989896e-02 5.428398711473280541e-02 1.147058108824420067e-02
6.916949234732500118e-02 5.320971772302399844e-02 9.225538228571491736e-03
7.063095863829160770e-02 5.072139457697630305e-02 1.131956870788260183e-02
6.903714932030850793e-02 4.993597495878870224e-02 1.542389683587800167e-02
7.332962879954070534e-02 5.218200876556920026e-02 7.069842094593379797e-03
8.386876411253589569e-02 5.441033227840510328e-02 3.100175756675239980e-03
8.270888834853540317e-02 4.932129370413920050e-02 5.645756766643940210e-03
8.582404605371540818e-02 5.105034244872069804e-02 6.060299189785900431e-03
8.486724007619649013e-02 4.795292147009130174e-02 8.456321206290499590e-03
7.575696588363439732e-02 4.789767544040380437e-02 1.289486022220160018e-02
7.588921500345759130e-02 5.397624318616699862e-02 4.053995793903490165e-03
9.150129229129889963e-02 4.902642612252550158e-02 1.163080601486900061e-02
8.700153494073810390e-02 4.761660507472350451e-02 1.072742758484450040e-02
4.154180521009030042e-02 6.122383071553920419e-02 3.783129009932400394e-02
4.583602820650230225e-02 5.777844998169000268e-02 4.648823080691259768e-02
4.463588955786500223e-02 6.282965716268910927e-02 5.199694356073170098e-02
5.235726780146009868e-02 5.599378057362900535e-02 4.239228369273960462e-02
4.906144152838669975e-02 5.579960916025189510e-02 4.504179565566859833e-02
5.571411255981850719e-02 6.401389237270609101e-02 7.539456105681370535e-02
5.436699866999999964e-02 6.981249809000000806e-02 7.670770168000000389e-02
6.028168529881690330e-02 5.945967422684479697e-02 7.633628944819119411e-02
5.663292486522900071e-02 6.492427726274999089e-02 7.886519789166460126e-02
4.981597899999999635e-02 7.115467071999999338e-02 6.949584006999999508e-02
6.736105225375879635e-02 5.249288430799069899e-02 8.177638232978920452e-02
6.267960499452859824e-02 5.514101787693780066e-02 7.963101816235389208e-02
8.546372064407170566e-02 4.629427629401430128e-02 6.915001704654059889e-02
8.273126767355690192e-02 4.818240859674360194e-02 7.785721444574769667e-02
6.804796601610720030e-02 4.897404290558019652e-02 7.026702214055879914e-02
6.560650998667980072e-02 4.926948669872460024e-02 7.223862866431519925e-02
6.586977809772630310e-02 4.863197628796150224e-02 7.498388075153440691e-02
7.996126597335230513e-02 4.509563311934190050e-02 6.596974186618920211e-02
7.966031102527250385e-02 4.469629341355359914e-02 7.045474375238749976e-02
7.754971769937199499e-02 4.701108322061760270e-02 7.270027222528399613e-02
7.346628485138910480e-02 4.802078453494949828e-02 6.498292092506810502e-02
7.692702778850220302e-02 4.372222237506780129e-02 6.764515815429980594e-02
6.976184666738190210e-02 4.780856231993590305e-02 6.511302003898569724e-02
6.898471350754641074e-02 5.104077115371330464e-02 8.156302242709850825e-02
7.142703915932149816e-02 4.888018020342579928e-02 7.743008584242960790e-02
7.129548045022329750e-02 5.199970607885949503e-02 8.471766199972249889e-02
7.633286776263589757e-02 5.109664501377599727e-02 8.371430431586479592e-02
7.898459434999999251e-02 4.961569785999999510e-02 8.002715111000001380e-02
7.517110691567430170e-02 4.924648857519880324e-02 7.932686715073400396e-02
7.853559888261241184e-02 4.847690441416710461e-02 7.769422593449930303e-02
8.102032185000000719e-02 5.062969922999999844e-02 8.180709838499999886e-02
4.698803035805560607e-02 6.893267926849930283e-02 6.425994395112540059e-02
4.501449053491789892e-02 6.495767200020050036e-02 6.216343949898730376e-02
4.827827453999999907e-02 6.267418861000000063e-02 6.908525466999999864e-02
4.648568753586970054e-02 6.566255579534049924e-02 6.820162668658209804e-02
1.129735922825930022e-01 4.243575090396140004e-02 4.941883179762960460e-02
8.717025645247530874e-02 4.265925180559980434e-02 6.518348909016000170e-02
8.884325066822580663e-02 4.306261618645040173e-02 7.066516470032320474e-02
9.059460462004309544e-02 4.125946110692010199e-02 6.705753721164479930e-02
9.200739628117439450e-02 4.424822368327860356e-02 7.184375417230288996e-02
8.946978990343930349e-02 4.480544920563919731e-02 7.372164737864610184e-02
9.500248442054388953e-02 4.338730498504140415e-02 6.209414679750480115e-02
9.746341803702990303e-02 4.240256475635270639e-02 6.389148264001509592e-02
9.332693437318449747e-02 4.118319523386419767e-02 6.962959827155060233e-02
1.015578995243400090e-01 4.131854893213000174e-02 5.544244032635930325e-02
1.026678204998189986e-01 4.226294962180369985e-02 6.421115749725649080e-02
1.037049989233889968e-01 4.057342138765029915e-02 5.215501316649560209e-02
1.093657724483400040e-01 4.190375540205249633e-02 4.986248915948560123e-02
1.055000100247700107e-01 3.990077923762429951e-02 5.752248942651259911e-02
1.009060744986080144e-01 5.160603307364799996e-02 7.703938920861260094e-03
9.507154747918709903e-02 4.897076801335849966e-02 7.838363089694690145e-03
1.123865108004479946e-01 4.246268278160719722e-02 4.308682776539490139e-02
1.135661184164710041e-01 4.082152022352360243e-02 3.658012736590660063e-02
1.102425799254040106e-01 4.075542208576649755e-02 3.750950898740929712e-02
1.104393448016270096e-01 4.163695016184460612e-02 2.876557508722810130e-02
1.107213324900069989e-01 3.889231822264890143e-02 3.092178792724660161e-02
1.159460605923929993e-01 4.223425643864479884e-02 4.159696402907669954e-02
1.174332293086950002e-01 4.027200787992499947e-02 3.346395476398480312e-02
1.174801196697100036e-01 4.156605060814560354e-02 3.042563646805379954e-02
1.165394402000000107e-01 4.504032612000000158e-02 2.462663889000000009e-02
1.172599381254380013e-01 4.122365218088989980e-02 2.639246777706139718e-02
1.110751861793810025e-01 4.843412455119130294e-02 1.649448133684219830e-02
1.081134538993760025e-01 4.417589015122509732e-02 1.762598613603309772e-02
1.108356634584500011e-01 4.256675652015300126e-02 2.144783878292920096e-02
1.128958477644649988e-01 4.570944219452520441e-02 1.788031940427470268e-02
1.017210508308449973e-01 4.527504647352110362e-02 1.451410917344750015e-02
4.363422321880909560e-02 5.791316803960459836e-02 3.008991506014839848e-02
4.014409423000000338e-02 6.193577528000000082e-02 3.230952143999999554e-02
4.255953343730820015e-02 6.345717904004129217e-02 2.869977783617310221e-02
4.198661270948260416e-02 5.878586100358319799e-02 3.364550560836980508e-02
4.892869106483409974e-02 5.605928622343449991e-02 2.979579260756230058e-02
5.521462220390720155e-02 5.366148903338829879e-02 3.045172448510599997e-02
5.606804570789190173e-02 5.111601082590060130e-02 2.518722965066230030e-02
5.171721214807830508e-02 5.247426234587789645e-02 2.679432137688310053e-02
4.964006900999999583e-02 5.591912746000000239e-02 1.611381531000000145e-02
6.271445512499999875e-02 4.843117475500000046e-02 2.104725420500000097e-02
5.876843722849380003e-02 5.226227874866729711e-02 1.512263045109370034e-02
5.772708468505120122e-02 5.373030139019360080e-02 1.321886044121979922e-02
6.177967018620449807e-02 5.118361421061640160e-02 1.296612720369759962e-02
6.493747218256000486e-02 5.292224184532700465e-02 1.148236385702220037e-02
6.533189402378331012e-02 5.357315606868340296e-02 8.540085621229879381e-03
7.244460358994300742e-02 4.776930762165660510e-02 1.066205502898339916e-02
7.660452335406600644e-02 4.737862227741580085e-02 6.144302508224310649e-03
8.758918906557260076e-02 5.244934293385970087e-02 2.678539332658480369e-03
7.917183193334750846e-02 5.047349354020010115e-02 5.549895451354499784e-03
7.995383749877339741e-02 5.260252239533660251e-02 2.937105152559679917e-03
8.256004881819530017e-02 4.702165170674099670e-02 1.115313088225830009e-02
7.679433022991220825e-02 4.776381425093150640e-02 9.849120320083450467e-03
9.040044015926260168e-02 4.891187416614639627e-02 8.427723631258350959e-03
9.195152349617680132e-02 4.949022045102850070e-02 5.754133154823380496e-03
9.159313369581568998e-02 5.358204927407930057e-02 3.914419631706820245e-03
4.599301317063360373e-02 6.053798578528579721e-02 5.640090139943190056e-02
4.682084882079640131e-02 5.710270578006689662e-02 5.215609431451569827e-02
4.444346731397040562e-02 5.867236261270269981e-02 5.375376159978410145e-02
4.327381904533419976e-02 5.903635271630120612e-02 5.000776536349079565e-02
4.269272804000000254e-02 5.906577109999999742e-02 4.124734401999999994e-02
5.109376269879810362e-02 5.565169217848400102e-02 4.634540448295000614e-02
5.069984506016050191e-02 5.248876759607870590e-02 3.866051006490309888e-02
4.593809442105099838e-02 5.454131911306510372e-02 3.775796361275820384e-02
5.435082198947490534e-02 5.358663478894369614e-02 3.491359013456209887e-02
5.182651060325390441e-02 5.317393174878100315e-02 3.614730827213580300e-02
5.440879475449560132e-02 6.697466025687640045e-02 7.686977734753150382e-02
5.675206846095920410e-02 6.089790292433890084e-02 7.459677183335390593e-02
6.007917012012690267e-02 5.670443116833119579e-02 7.716410531214790147e-02
6.102291392901560557e-02 5.492657093647700106e-02 7.554184124167889758e-02
5.589884717801219677e-02 6.205225564979320596e-02 7.793346843195629592e-02
6.351060867000000998e-02 5.132468224000000245e-02 8.183876038000000019e-02
5.715985391838820234e-02 5.834627645503739912e-02 7.775948101151210212e-02
6.495080813761970606e-02 5.154752635782730574e-02 7.932454981472139566e-02
8.581349075158480055e-02 4.737036188974889928e-02 7.737692020153920380e-02
8.344040086747399332e-02 4.495343244350989698e-02 7.428928481765290082e-02
8.586518888874759836e-02 4.152245759442730472e-02 7.178114217241089723e-02
6.484746682355610470e-02 4.961464530978369758e-02 6.851411457590700360e-02
6.306939083280720115e-02 5.033515750349079609e-02 7.461883677777030044e-02
8.018260001999999442e-02 4.501516342000000392e-02 7.396470547000000284e-02
7.543841447219030993e-02 4.485463780145680646e-02 6.410521249008729883e-02
7.578380594729561270e-02 4.487276535140959782e-02 7.112601166448970225e-02
6.785964179514390737e-02 4.565920934673869946e-02 7.179353168270841135e-02
6.950207660272110510e-02 5.283994761173090027e-02 8.292938423036019802e-02
6.892989635000000559e-02 4.942216396000000123e-02 7.911171436000000168e-02
7.168209075500001082e-02 5.006632566500000131e-02 8.090678453499999812e-02
7.208457934671640144e-02 5.016747334807249853e-02 8.446374326754960138e-02
7.719667912000000021e-02 5.129237652000000203e-02 8.661064148000000018e-02
7.956461594650500457e-02 4.885192151519739817e-02 8.528080546478600255e-02
8.344433966703669603e-02 5.004958473336430097e-02 8.173198879295300034e-02
8.209390018451680204e-02 5.085732050888999711e-02 8.400690836117781501e-02
4.718970063534189824e-02 6.908610183148659878e-02 6.757692823573430152e-02
4.367191331928069881e-02 6.478687845124829481e-02 5.789487287812759841e-02
4.443886798500960161e-02 6.794194855160150259e-02 6.497156584128570278e-02
5.071563337055140508e-02 6.577671547855580558e-02 7.118479551200290745e-02
1.068685331884360046e-01 4.106839507090179892e-02 4.690939501946030099e-02
8.441328182413279646e-02 4.264035006570789793e-02 6.841618586068590191e-02
9.453713329732700565e-02 4.074941073090260213e-02 6.567287355451910391e-02
9.947364807000000364e-02 3.941400290000000167e-02 6.580827236000000302e-02
1.108050830850089985e-01 3.977358587398350381e-02 5.294759654966649937e-02
1.056618584713230058e-01 3.845871391661580263e-02 5.476113162534949896e-02
1.074990808720390073e-01 3.949126341209509977e-02 5.194220360554739624e-02
1.043649435039980117e-01 4.855566671266709627e-02 9.293742728509461759e-03
1.016946751246760039e-01 4.735943635021409859e-02 1.194388211257730106e-02
9.828807830999999884e-02 4.643213271999999808e-02 1.279843330000000022e-02
9.459449788395320191e-02 4.584990409717010218e-02 1.127489411518840107e-02
9.759705233405970015e-02 5.020926450895780296e-02 7.513548150967950048e-03
1.140027280078550059e-01 4.141062905831709856e-02 3.944868592981779637e-02
1.126397092119680032e-01 3.698705054262309971e-02 3.224435098562190155e-02
1.146209181454240084e-01 3.902350230799000314e-02 3.417052856458020066e-02
1.154198460396990006e-01 3.996430168829380458e-02 2.794309369956370082e-02
1.167659096042479999e-01 3.851978279886390105e-02 3.730765652530920046e-02
1.084219592216380118e-01 4.798849883967069851e-02 1.330725619070310083e-02
1.133508324916940035e-01 4.614515885344740165e-02 2.063639911757629911e-02
1.055029815692639927e-01 4.511471540875660463e-02 1.369490684885630097e-02
1.088294987686229953e-01 4.004088179879550236e-02 2.238054144762549949e-02
4.457624532910050424e-02 6.083579194626639874e-02 2.384857862423559946e-02
4.157385315985250018e-02 6.007605133689489924e-02 2.959671451130890113e-02
4.766591980872370016e-02 5.153176381572030507e-02 3.361583001801730225e-02
4.706940651000000170e-02 5.386923790000000545e-02 3.105349540999999963e-02
4.523293971999999691e-02 5.571885347500000335e-02 2.805112481500000171e-02
4.320020773413320303e-02 5.609723316681340666e-02 3.412412240950860043e-02
5.740009307999999894e-02 5.061537980999999964e-02 2.850391507000000352e-02
5.296859493888359666e-02 5.052223372416379810e-02 2.910942630674229897e-02
4.861090799690379743e-02 5.241878670651350242e-02 2.740045930308820238e-02
5.154919247509880120e-02 5.110387315412449893e-02 2.064909455821339890e-02
4.901807221259819880e-02 5.250616315099890241e-02 2.320365220979509965e-02
4.828652517346559980e-02 5.372685341852410229e-02 2.033118805879939942e-02
4.675385937018589760e-02 5.489270827800819819e-02 2.405811587638900101e-02
5.363166393164990609e-02 4.962043862041029540e-02 2.596576952448150302e-02
5.574971229180630122e-02 4.802856867768390270e-02 2.262459433397930042e-02
5.485341138438850489e-02 5.102609095536330547e-02 2.239008063777760127e-02
4.724272805383070151e-02 5.599275992949060560e-02 1.956938448656700066e-02
5.267662852914970634e-02 5.242228177959869923e-02 1.716645365656100167e-02
5.907735656398910296e-02 4.834906824215700477e-02 2.155132837932039955e-02
6.072938865175789985e-02 4.715695417838590420e-02 1.824597054487960002e-02
5.184714375651500173e-02 5.351112355009680216e-02 1.411330101109220178e-02
6.474713279952760969e-02 5.001493521254580382e-02 1.293400735869019991e-02
6.874221081978279524e-02 5.190696502423350345e-02 6.716215338435580114e-03
7.061097460123809400e-02 4.933683865471729518e-02 8.577280371278179702e-03
6.843031334363079699e-02 4.791668110961560395e-02 1.271505936686470085e-02
6.704910079884730811e-02 5.050416599700650183e-02 1.047292085850200054e-02
7.661485408353860271e-02 5.030586195216309869e-02 3.438869456057909967e-03
7.344674412338349223e-02 4.839614099808849795e-02 6.646650456598809584e-03
7.275455884010550989e-02 5.091373631433810526e-02 4.806155120983090188e-03
7.893903718588589358e-02 4.675699035578740476e-02 7.608601630516209982e-03
8.385911000067701460e-02 5.067261408995889921e-02 2.162466553612779792e-03
8.195554404334180754e-02 4.575668119134120027e-02 7.897549969772540285e-03
7.848422588278260170e-02 4.574664737041030105e-02 1.193591152183509987e-02
7.140295752437060550e-02 4.619602785208000439e-02 1.479410420730160186e-02
9.307235893803400550e-02 4.680110358118359792e-02 8.578748688387280094e-03
9.445172309999999571e-02 4.978286266000000321e-02 3.608043789999999893e-03
8.851223595350740658e-02 4.968195603388279868e-02 5.374606431741170247e-03
8.793164373929220068e-02 4.700444623820590473e-02 7.824311160669599613e-03
4.305499487784329726e-02 6.164625628393670398e-02 5.445096833878289994e-02
4.374626123132910327e-02 5.587956029086439680e-02 3.913017255219650159e-02
4.456727628356149662e-02 5.653553290905129897e-02 4.375094484904260006e-02
4.665651633192240133e-02 5.479180699599530552e-02 4.627718393232160138e-02
4.547971508365000054e-02 5.556919013086209641e-02 4.913875594055670121e-02
4.942054838573130271e-02 5.547172413305400535e-02 4.920485289481200258e-02
5.379914351063540268e-02 5.217057861874639657e-02 4.079179638986869805e-02
4.841282619168580520e-02 5.302030788982649984e-02 3.668251878643820352e-02
5.046985017777429888e-02 5.217185288286000505e-02 4.266031812354640490e-02
5.214575768000000167e-02 6.295325278999999719e-02 7.176728724999999198e-02
5.034808159000000310e-02 6.848802566999999397e-02 7.457383155999999791e-02
5.210178133540870060e-02 6.449913856453720618e-02 7.359965868036730252e-02
6.142605958938700261e-02 5.255871896633490525e-02 7.704052938045159726e-02
5.621972801132360531e-02 5.935169702466679825e-02 7.556878433925511007e-02
8.434206822355870548e-02 4.540141649251150380e-02 7.739038079881389864e-02
8.138622145713360345e-02 4.679925141260520005e-02 7.789203951995869735e-02
8.505310702917059928e-02 4.714493622538429990e-02 8.098898238978238795e-02
6.634860867958650155e-02 4.781700024684290562e-02 6.566205920699080822e-02
6.261126453969910466e-02 5.067692144899220430e-02 7.169025841708139002e-02
6.505995654186820520e-02 4.841201904839100012e-02 7.968577152419460685e-02
6.849701483154750636e-02 4.676059832308150643e-02 7.667209607800350157e-02
8.070426864361041064e-02 4.200990688811329782e-02 6.825766033454860882e-02
8.268568310887150496e-02 4.185408206756780630e-02 7.229153253355309616e-02
7.226226571137660259e-02 4.417886094576490424e-02 6.677964955147470960e-02
7.286827057245490180e-02 4.501540034137369722e-02 7.026449519063938942e-02
7.204107096343680128e-02 4.707889203700940661e-02 7.506389310982970742e-02
6.916895277650199347e-02 4.576070706169730468e-02 6.771069205885810183e-02
7.131536348954610471e-02 4.419907437531089833e-02 7.344280866881840175e-02
7.340595205660710443e-02 5.011511729500190554e-02 8.694202607459840249e-02
7.759401585825599634e-02 4.911732813903999656e-02 8.335885166265140367e-02
7.443428516000000217e-02 5.071048737000000139e-02 8.270185471000000843e-02
8.001997148576829588e-02 4.849888312904830634e-02 8.278200482842711094e-02
4.279630402118540095e-02 6.606634822292649367e-02 6.149032256745150249e-02
4.334516800782029639e-02 6.353124577295560238e-02 6.468600941979259222e-02
4.553347111000000114e-02 6.346737861500000022e-02 6.307694196999999448e-02
4.491043981636290428e-02 6.192501360077549977e-02 6.021086584335810094e-02
4.254212071898030162e-02 5.936615169691550342e-02 5.861317383687440069e-02
1.107993425868530057e-01 4.098817822456599785e-02 4.645154175563960541e-02
8.288757979417379906e-02 4.253459921742729771e-02 6.551942278581060486e-02
8.661422975403940128e-02 3.989594034046529958e-02 6.767049000889170662e-02
8.684158267258899888e-02 4.455787573552959929e-02 7.611441032434970722e-02
9.279072465222031052e-02 3.913850471411429999e-02 6.361873465735609634e-02
9.563904224446230506e-02 3.883802462294400071e-02 6.749698601225551098e-02
9.653549976092830331e-02 4.024230610322619694e-02 5.990147089812519754e-02
9.914299761706010794e-02 3.821492617083279558e-02 5.702780029651850074e-02
1.040903322874059955e-01 3.661084797448579953e-02 5.628027648936100025e-02
1.036199516157149947e-01 3.745090478169450093e-02 6.191998034712300342e-02
1.067516804000000069e-01 3.764049053000000089e-02 5.860207081000000373e-02
1.049391304398509944e-01 3.841330449643669959e-02 4.934338895508540157e-02
1.002870668933159987e-01 4.691327022055320067e-02 8.427002348142849028e-03
9.939140199979880352e-02 4.773935950394080086e-02 5.289116277409139887e-03
1.082160122169759930e-01 3.921838046872379996e-02 4.372954097230869613e-02
1.117705297404940068e-01 3.904242360346690116e-02 4.239294847445339992e-02
1.128535511977150074e-01 3.825534442003910435e-02 3.926141166934309784e-02
1.102640536148560002e-01 3.854657938035020021e-02 2.662354613004610029e-02
1.101415121725709961e-01 3.733280147087840450e-02 3.692296408424269871e-02
1.103600706026419964e-01 3.580168994369400254e-02 3.397618871449010342e-02
1.137459268139640045e-01 4.173518853682200297e-02 2.283539604735530110e-02
1.149689192888559974e-01 4.427204286772300212e-02 2.049996474505300093e-02
1.051912689499999998e-01 4.187445878999999926e-02 1.663909017999999976e-02
1.075439338482190033e-01 4.026867021051330070e-02 1.939201462218800159e-02
4.298633730020080118e-02 5.994889701617980154e-02 2.480882667092890181e-02
4.028949380000000635e-02 6.043895721500000540e-02 2.660388976624999957e-02
4.339647292999999906e-02 5.756846905000000125e-02 2.504875422000000032e-02
3.765334367999999959e-02 6.156118392999999911e-02 2.905331612000000216e-02
3.956406022027569858e-02 6.231595547512220473e-02 2.727527889667080360e-02
4.491444826000000334e-02 5.359118461500000236e-02 3.423314690499999757e-02
5.027192869947430531e-02 5.225637300041700156e-02 2.965813928777030067e-02
4.386455297500000544e-02 5.399394274000000188e-02 3.076782822999999875e-02
5.236030312393020331e-02 5.087267115378280025e-02 3.200951225642639786e-02
5.069953804779039896e-02 5.009357145223940211e-02 2.419636195823330130e-02
6.001972878753500384e-02 4.950483143944209991e-02 2.393681753434930004e-02
5.904277285738070147e-02 4.840194373456389865e-02 2.707557448548280135e-02
5.424217786978110384e-02 4.894492895473830096e-02 1.927925828725789853e-02
4.381908918315269991e-02 5.776875826119020479e-02 2.173248358989430043e-02
4.763312506466919893e-02 5.419673329690449792e-02 1.672811937171689994e-02
5.593950062948960245e-02 5.062065330708789834e-02 1.513683034574890042e-02
5.904813320389320358e-02 4.875582195972719829e-02 1.385606663524870108e-02
5.546285135436020142e-02 5.135049274908060069e-02 1.191716954826070075e-02
6.559710518163269777e-02 4.770248351202920067e-02 1.511254874598789988e-02
6.232198453347970180e-02 4.702957232842040064e-02 1.391757276139700059e-02
5.925095219780770334e-02 5.205971384798920021e-02 1.158031080354139999e-02
8.047602284790039695e-02 4.872676998906649848e-02 2.418006882490690221e-03
8.656534578936400659e-02 4.727359942303140106e-02 5.102241647208230133e-03
8.030653490951450424e-02 4.687227446464360681e-02 4.651567445967860412e-03
8.369812340919359495e-02 4.533393791832649594e-02 4.550011509509659796e-03
8.413158462710131069e-02 4.399319217659389963e-02 1.036359689193919881e-02
7.494476298904929890e-02 4.522331203666300758e-02 1.119181668147260084e-02
7.421508003062170233e-02 4.404359081126440340e-02 1.369006053934740050e-02
9.086654419838559316e-02 4.590314875012459911e-02 1.048900541439050024e-02
9.050777568795290162e-02 5.067080587578880191e-02 2.743834388649140331e-03
4.425677738582590309e-02 5.544090164558389960e-02 5.253689427701409981e-02
4.116424294679620066e-02 6.053033535001409865e-02 5.784799533896770041e-02
4.268143976433940584e-02 5.777932090109089841e-02 4.639125493977010184e-02
4.177896870421989733e-02 5.895607364668090100e-02 3.800811835504339792e-02
4.694141207192770171e-02 5.372484833584840330e-02 4.176345990094070676e-02
5.220894672586159913e-02 5.317740963728150028e-02 4.540588119257819855e-02
4.904565675195620561e-02 5.405055105785720043e-02 4.746528729675819624e-02
5.096100149252050238e-02 5.011924902277539728e-02 3.437729568821279447e-02
5.276899799071559788e-02 6.426985033699739169e-02 7.622443654025019832e-02
4.765896364925369805e-02 6.857723774027030261e-02 7.116269212496370566e-02
5.356517256208000177e-02 6.132351648001810318e-02 7.387233038065860180e-02
5.319586649930440475e-02 6.075444541040039836e-02 7.573788696035921308e-02
6.720865489907890122e-02 5.071459216500569939e-02 8.467659521673449874e-02
5.972766927128750347e-02 5.536348625751139757e-02 7.858404187617609726e-02
6.105249629056570121e-02 5.245567824988880273e-02 7.988506140238639530e-02
6.586962715384800382e-02 4.686293736826119966e-02 6.914727796881250943e-02
6.162306285876690409e-02 4.806776547538520183e-02 7.316744088518480071e-02
6.160838786052660193e-02 4.873238163993300065e-02 7.669075109243890520e-02
7.828165117915890370e-02 4.107727570151980395e-02 6.404586492632780015e-02
7.953020858891819700e-02 4.075622208025630328e-02 7.162363590325521168e-02
7.472357974201669639e-02 4.548983842236840186e-02 7.431649763898939831e-02
8.263933079637600376e-02 4.775875844675630394e-02 8.206170934340069334e-02
8.140505424597090089e-02 4.687766802699280116e-02 8.105709386883509782e-02
7.122351069386999300e-02 4.521773825091830040e-02 6.205270684063089737e-02
7.341930223061300664e-02 4.218024522975940410e-02 6.501164855477520321e-02
7.514699691488109512e-02 4.174423247850700402e-02 6.905134690635170158e-02
6.923621014832691267e-02 4.842077319802000346e-02 8.189094148580360055e-02
6.971496181258869662e-02 4.873089428240780230e-02 8.738983364532350306e-02
7.593253372222590059e-02 4.883478704612780052e-02 8.626498587455069811e-02
8.037168564218559463e-02 5.113951740396999873e-02 8.618353362121979055e-02
7.548138897283240834e-02 4.786136274413949759e-02 8.536235807008821230e-02
4.235060329027959952e-02 6.204561150806679748e-02 6.159976259940549981e-02
4.168700125589919897e-02 6.578118070690890107e-02 6.401641091524129523e-02
4.558832552562579882e-02 6.230003082266470649e-02 6.858699932576570180e-02
4.524935706289360399e-02 6.731254731924141144e-02 6.911018000945488848e-02
4.946007385850229726e-02 6.266866320446699834e-02 7.198932994208299962e-02
1.142549477616010001e-01 3.987036141620450141e-02 4.579576088763950142e-02
8.898135030687530367e-02 3.866997368626339665e-02 6.317782550132150510e-02
9.017567134354080582e-02 4.126640566468469523e-02 7.259319612764369989e-02
9.107449331959989458e-02 3.878626573617209583e-02 7.013041860592500454e-02
9.263364716554650657e-02 3.817563020426980452e-02 6.815461032152249354e-02
9.693692041708459883e-02 3.866773775292189907e-02 6.303237035665100463e-02
9.355334278022570116e-02 3.886532583556510240e-02 6.131116742247410406e-02
1.087148289808870100e-01 3.743298134397270160e-02 5.563137171049799962e-02
1.052757809888699991e-01 3.541775294439220012e-02 5.940074889493660026e-02
1.003485260647320049e-01 3.693867643771069770e-02 5.978985213137420068e-02
1.121391838284509918e-01 3.741222854142459836e-02 4.964217688515169813e-02
1.019223199305390043e-01 3.637955744597309860e-02 5.297102004147620502e-02
1.087009089052360100e-01 3.856540641833659799e-02 4.915837764626589806e-02
9.537451977797600788e-02 4.652758366091110098e-02 5.928613093795170527e-03
1.153681677820820040e-01 3.738589314917530049e-02 4.184434521166709858e-02
1.092393370238740058e-01 3.733443873557470288e-02 4.022067586967960351e-02
1.106585002785130112e-01 3.495059877725630731e-02 3.031817340666369959e-02
1.134381967501160021e-01 3.653724192741960447e-02 2.856588385025559881e-02
1.142030375834229977e-01 3.710846461698780185e-02 3.668600370041250058e-02
1.137749116976640024e-01 3.791130762639900037e-02 2.460701694067250062e-02
1.176190430831170058e-01 3.784232380628040071e-02 2.944508483465490059e-02
1.171161823364870042e-01 3.694042620994120174e-02 3.357650970353100173e-02
1.112366316522300086e-01 4.541995761710620333e-02 1.549856003849870052e-02
1.075410783003760001e-01 4.120203464773369850e-02 1.561222216592049981e-02
1.098814175684830058e-01 4.267013410538220142e-02 1.306362678467999985e-02
1.116355601051960134e-01 3.909178363051200172e-02 2.006790508372010076e-02
1.100699042642750008e-01 4.081896135182950386e-02 1.675177296637659838e-02
1.129196261873599977e-01 4.263189678433169927e-02 1.676495122669680038e-02
1.023405673863910098e-01 4.133019840716140036e-02 1.337714340622690040e-02
1.028519452028450049e-01 4.388295093947820052e-02 1.093025683378479919e-02
4.167343435717889982e-02 6.301670923662640311e-02 2.554750689639169806e-02
4.010565342763670188e-02 5.713315995582200074e-02 3.157392365084680380e-02
4.029089526563010143e-02 5.749755648586219597e-02 2.716281463859489959e-02
3.922648563809310457e-02 5.962147104966730032e-02 3.431575309549599745e-02
4.052858190521030357e-02 5.828687853566030114e-02 3.587950354513130130e-02
3.749002142578410079e-02 5.924086459425090267e-02 3.078187782596290140e-02
4.800930261500000601e-02 5.119602441999999975e-02 3.057692528000000021e-02
4.199937567205980216e-02 5.601142929577630075e-02 2.742735549014519922e-02
4.028243027507070334e-02 5.387522219455620487e-02 3.049389469666780386e-02
5.619401996356059720e-02 5.110003658712889557e-02 3.196782038351529687e-02
5.581389822563549707e-02 4.737639349566700325e-02 2.701160558672740034e-02
5.025430039720209935e-02 4.856489622090190417e-02 2.699573344137040296e-02
4.941345035968389837e-02 5.215080932250639595e-02 1.791589713811580012e-02
4.461278410293709890e-02 5.560728535472750367e-02 2.170097276078790036e-02
4.547686550562829444e-02 5.735708096722530458e-02 1.715807466105139997e-02
4.329998034394370171e-02 5.871129640460109878e-02 1.947743679629089855e-02
4.437692634020879573e-02 5.598497398779620632e-02 1.852267830856139941e-02
4.972079038500000492e-02 5.182428598500000289e-02 1.439271330999999932e-02
6.333912629149379692e-02 4.744336122520140253e-02 1.773428018759450053e-02
6.105202921018740292e-02 4.616154866329439527e-02 2.521125306731419879e-02
5.907904078415320004e-02 4.485630498513890063e-02 2.260852790836419962e-02
5.631147166007539895e-02 4.579542739684080294e-02 1.951884538507300121e-02
6.825854837121810015e-02 4.692986032767260118e-02 1.688252391604960073e-02
6.265971316512961020e-02 5.093965866255090180e-02 9.848722219848679918e-03
6.247003621436800214e-02 4.738012629339689863e-02 9.527138952705510935e-03
6.612137162990300299e-02 4.901766993941270023e-02 8.664346775959770250e-03
6.896963909678210936e-02 4.608438474626210674e-02 1.024039393003739994e-02
7.062889615393899700e-02 4.685705982517349849e-02 6.191598286030970157e-03
7.781640876834200471e-02 4.655918678607719879e-02 3.111089626859670117e-03
7.484030869547431131e-02 4.485976947216849947e-02 7.552733171230440259e-03
7.427926628483211280e-02 4.790114791888630541e-02 4.203824989053170195e-03
8.793251547071390117e-02 4.834446127557630313e-02 1.926175777209890002e-03
8.394767782677199641e-02 4.650423572392679838e-02 1.769990919131529932e-03
8.481299351856169677e-02 4.403303067486760008e-02 7.171491428616720565e-03
8.084391310202920788e-02 4.386511482428730180e-02 1.119294056544859958e-02
7.767986584264960359e-02 4.289866535886380228e-02 9.065190286217128871e-03
7.198900899417090549e-02 4.370503324331100059e-02 1.015239516911910049e-02
9.130151589534570011e-02 4.546063421760349749e-02 6.616415416123550171e-03
8.935261971092049726e-02 4.602465290591049862e-02 4.578086317283559976e-03
8.800464794394520507e-02 4.362481991937140063e-02 9.775062094967500170e-03
4.139375224953899951e-02 5.776621247195370262e-02 5.378980644444040365e-02
4.417900785139099867e-02 5.606109563837800153e-02 5.786384816428530309e-02
4.173403593522519855e-02 5.668065049235990194e-02 3.819952132930440336e-02
4.064702915364979546e-02 5.467646897215840129e-02 4.118762411436670268e-02
4.143714580151110216e-02 5.555583095590400228e-02 4.439194010060099754e-02
4.348279515363349945e-02 5.355445840379550321e-02 4.645155534513970008e-02
4.806756495999999629e-02 5.372847079999999720e-02 5.196420670000000130e-02
5.122378545645280001e-02 5.272541691266310199e-02 4.879994868120549750e-02
5.200011982505070574e-02 4.812325137366310623e-02 3.863212511679559730e-02
5.352344767059110525e-02 5.044962155839309570e-02 3.588508397371060338e-02
4.747693300000000588e-02 5.010392904500000216e-02 3.901533126999999490e-02
4.537449597999999862e-02 5.155417203999999864e-02 3.666582226500000180e-02
4.275949000999999805e-02 5.331313132999999926e-02 3.741279840000000245e-02
4.458272135867519942e-02 5.155218988981179890e-02 4.128106792199370129e-02
5.390330753639560601e-02 5.868756516214600205e-02 7.207211775870191184e-02
5.776369215809320362e-02 5.715157358430249940e-02 7.423691388965930615e-02
5.757683117839450249e-02 5.285680756651900403e-02 7.519200704543689551e-02
5.873567022210660071e-02 5.241367817417239700e-02 7.372466634403639085e-02
5.724295854500000003e-02 5.438229560999999906e-02 7.701080322000000700e-02
6.098969332417249894e-02 4.993791522060769816e-02 7.983677939279021363e-02
8.531412065046969917e-02 4.197097423792910120e-02 7.691489316809781152e-02
8.282468980602139541e-02 4.288511219671230223e-02 7.570765381606030242e-02
8.798759022565300070e-02 4.226143637909790529e-02 7.468370143359480406e-02
8.384157611021629541e-02 4.456011893598980228e-02 8.050753089078560576e-02
8.612609848468649743e-02 4.443973619824019561e-02 8.004264978483589810e-02
6.201176240760040287e-02 4.787842205870990187e-02 6.734850361006440578e-02
6.249371854419059902e-02 4.636133710025359955e-02 6.982989950080170649e-02
6.373257382418960615e-02 4.504171695408139969e-02 7.215226082774449379e-02
6.462875433885140186e-02 4.653353103342350305e-02 7.647736898450580023e-02
6.604947090000000409e-02 4.373521328000000430e-02 7.493822575000000374e-02
7.547181679236969476e-02 3.995251748719950285e-02 6.436369591900370501e-02
6.956568871984179780e-02 4.337335689608030204e-02 6.400934218492940198e-02
7.185139656000000263e-02 4.101480007000000289e-02 7.172134875999999770e-02
6.767615892967140945e-02 4.595812748767379857e-02 6.327735096044910523e-02
7.000280175064139965e-02 4.302250195388360177e-02 6.966268056354479876e-02
6.608962782026850391e-02 4.442260097260739699e-02 6.735757669628850142e-02
6.662784690848361224e-02 4.707683760837760162e-02 8.080353037880320943e-02
7.279202819536739755e-02 4.716079657188520374e-02 8.735176462590210633e-02
6.725731139188699526e-02 4.826793948791070071e-02 8.336036174066420446e-02
7.589472459555070272e-02 4.782799627524409597e-02 8.943425728210620262e-02
7.946883764606810230e-02 4.760503199996330564e-02 8.859497246483420685e-02
7.831989011108579646e-02 4.744554597282599900e-02 8.447754802351280234e-02
7.105455536242709369e-02 4.834179852047849890e-02 8.418229606735450066e-02
8.395938831722610241e-02 4.784503518298470481e-02 8.423542695395878910e-02
8.221821972622760100e-02 4.811104482463080673e-02 8.716688156778890084e-02
8.053618704247990367e-02 4.631153533995779892e-02 8.412458547042869772e-02
4.026093005999999835e-02 6.302783012000000296e-02 6.172559738000000379e-02
4.337002305501280047e-02 6.559172116228290106e-02 6.681888001616850814e-02
4.605121136000000365e-02 6.070505141999999604e-02 6.715939998999999327e-02
4.378710747000000292e-02 6.212657928000000357e-02 6.257669925999999327e-02
4.413836796805689633e-02 5.939502484556110490e-02 5.907722026344119914e-02
4.995855018935459885e-02 5.957448584307370454e-02 6.965594893112840580e-02
4.756494240589110439e-02 6.558760012420249141e-02 7.202660918578439320e-02
1.067474956279030052e-01 3.779322352418230252e-02 4.633621992601370115e-02
8.359503687058689181e-02 3.839037001412000383e-02 6.407986052810610289e-02
8.139157089221731034e-02 3.889882466573069825e-02 6.671690346699030161e-02
8.948645351549010252e-02 3.698540901645679807e-02 6.843500166169740051e-02
9.403493628407789962e-02 3.568646667603479761e-02 6.369249683651979910e-02
1.071345846511760069e-01 3.652081474120810051e-02 5.249570192149490000e-02
9.837489184561080957e-02 4.220510574443570029e-02 1.153043251360480123e-02
9.291164868180999681e-02 4.218592372246519895e-02 1.009185836036440020e-02
9.584093340065909239e-02 4.473582919480779962e-02 8.523453895779698961e-03
9.230501456580840480e-02 4.670402920366190092e-02 2.374543581906860164e-03
1.139809241856309940e-01 3.348082536434070222e-02 3.312666988260610373e-02
1.132899632319950001e-01 3.467397309995499943e-02 3.540631924439659878e-02
1.164307386407310019e-01 4.131059989701579838e-02 2.285552825656349957e-02
1.069638296399680055e-01 4.430115456239020616e-02 1.047030139266410045e-02
1.058856921152989961e-01 4.040459753768230189e-02 1.284846864438239991e-02
1.085456107068870080e-01 3.642175276118590072e-02 1.991705785045650226e-02
1.096559027980850004e-01 3.649931880557989727e-02 2.306501823173289986e-02
4.068350124660690542e-02 6.090098251755560188e-02 2.202394492907210066e-02
4.854399860712629855e-02 4.893399719416400423e-02 3.578423193320939832e-02
4.127374502598990524e-02 5.317498254613880343e-02 3.398680157359770110e-02
5.333713149941399917e-02 4.705531418098540114e-02 2.988782451915890023e-02
4.904166678849510019e-02 4.865563033294869472e-02 2.954539493999930322e-02
5.343714862938810095e-02 4.779924605735089843e-02 2.185737877105699972e-02
5.225069550532739776e-02 4.994736769645110458e-02 1.750944788959320209e-02
4.605307332469479875e-02 5.325357533502260432e-02 1.794900099164160184e-02
5.234173760766319683e-02 4.642083845864820174e-02 2.519757056929700090e-02
5.698548020817040261e-02 4.582369193992769790e-02 2.490159740685950196e-02
5.561822453305929892e-02 4.794707805864840272e-02 1.637160978898700298e-02
4.886851917699220477e-02 5.284622908095320398e-02 1.260280788825140011e-02
5.292743187687300177e-02 5.025403230603019827e-02 1.337757989784969966e-02
6.566319669480649712e-02 4.579356844570980217e-02 1.942765784570779988e-02
6.176534990062020058e-02 4.365723258661659972e-02 1.995645724314730127e-02
5.881761547404280172e-02 4.943564403746349839e-02 9.961629673864349360e-03
5.957789087688480228e-02 4.476528903719700220e-02 1.649314590660659954e-02
6.547137747296240262e-02 4.735918920964279910e-02 1.065401369946470007e-02
7.753492624898609964e-02 4.532225687334810044e-02 5.302028805260560786e-03
8.100290787958949745e-02 4.397484944873369939e-02 5.674926360099380278e-03
8.133405889898250030e-02 4.202924828335080631e-02 8.147349972711619495e-03
7.682048369117830400e-02 4.166368619336009715e-02 1.269466535451750124e-02
7.272471268445059034e-02 4.155692862941889887e-02 1.259033603544319931e-02
8.889874531610850172e-02 4.303923088953359732e-02 7.249414058698690037e-03
4.270308071451549975e-02 5.525615981900119933e-02 5.580496623085900304e-02
4.615367264158520139e-02 5.369928760344139934e-02 5.571810378431340388e-02
4.111131013249350041e-02 5.524293858200080010e-02 4.899942198570600427e-02
4.344321418818889585e-02 5.345557272166710089e-02 4.280531881083710077e-02
4.681636015397030309e-02 5.119255162224730510e-02 4.594089711281049843e-02
4.654904445572240201e-02 5.170583448055079967e-02 4.924824728706160559e-02
4.618940794259639854e-02 5.238983406569099749e-02 5.206934599382650325e-02
5.459254943579230218e-02 4.956796292750460103e-02 4.639556189903600025e-02
5.326500008686350235e-02 4.784783989781220270e-02 4.240305306423609866e-02
4.688960402004150457e-02 5.013460810934260159e-02 4.293739579989350186e-02
5.639336264722030062e-02 4.915288100463129778e-02 3.590167626258960326e-02
3.975061326103099951e-02 5.425580982052910506e-02 3.455904276108839879e-02
4.972643940616140040e-02 6.340447555836450921e-02 7.409052067294129296e-02
5.277087519861900500e-02 5.797849505192659986e-02 7.291482732222810681e-02
5.636091460576020395e-02 5.547620733260829468e-02 7.459464931806120136e-02
5.884065242276329682e-02 4.863625445746649900e-02 7.477046657371939908e-02
5.400329037756370493e-02 5.561671540568380312e-02 7.515119169798410714e-02
5.872946991744699974e-02 5.117525363961920176e-02 7.809696255790099517e-02
8.301518439999999721e-02 3.892101765000000740e-02 7.022063255000000892e-02
8.492179871000000990e-02 3.871758699000000387e-02 7.495760918000000939e-02
8.287675054754019277e-02 4.408681641206369656e-02 7.884925894188220263e-02
5.957594051063670043e-02 4.962156918080719986e-02 7.102256208423310402e-02
6.505709803218720499e-02 4.414864343656640239e-02 7.883458315079081014e-02
6.182608463065950022e-02 4.561556006554010056e-02 7.867595411398660421e-02
7.792469698656480370e-02 3.983779936333490396e-02 6.790259099614509575e-02
7.406625165264670019e-02 4.171089336413510290e-02 6.068293370671230119e-02
7.584499301753350187e-02 4.258208765719909833e-02 7.280616649179019739e-02
6.858110442498180359e-02 4.204265714992359848e-02 6.730531858431609837e-02
7.226883852532570152e-02 3.962633089313209733e-02 6.749037248346070883e-02
6.760967254999999954e-02 4.219828129000000039e-02 7.118166447000000285e-02
6.873708550403841155e-02 4.673714832883749809e-02 8.692593791649799728e-02
7.185275844667249334e-02 4.667843055210269682e-02 8.960373105143160100e-02
7.629371581482000120e-02 4.568298059071890238e-02 8.924582258506130739e-02
8.265965427537309840e-02 4.555762991453540106e-02 8.459166862179699764e-02
4.139359490801300390e-02 6.348573489260439517e-02 6.512865118268169884e-02
4.833166435235330266e-02 5.995430006715100207e-02 7.050406624170810210e-02
4.325120890244180116e-02 5.997568133519359801e-02 6.574617276845380609e-02
4.238332837039730100e-02 6.393291566583669816e-02 6.796513793179760621e-02
4.438813753591060174e-02 6.473503433123700690e-02 6.991472465004701375e-02
4.337887287500000189e-02 6.018230676499999876e-02 6.163000584000000170e-02
3.988006353000000254e-02 5.624976158000000170e-02 5.834578513999999494e-02
3.918084382999999921e-02 5.882068156999999825e-02 6.074217795999999753e-02
1.096562059363480057e-01 3.480459685600330311e-02 4.567778930927390152e-02
1.125121868592150048e-01 3.609524500258930180e-02 4.376106726047050005e-02
8.815779139274410037e-02 3.672043193023750290e-02 7.096358893036100457e-02
9.059468589936241212e-02 3.488166347980170556e-02 6.424691481829440665e-02
9.664669191637119405e-02 3.524357886147490293e-02 6.536999491259720685e-02
9.380031788187870312e-02 3.511161904878490336e-02 6.687941190214159726e-02
9.653336523353030219e-02 3.735520959887030090e-02 5.880069120679769917e-02
1.097815302015830025e-01 3.440572693857479880e-02 5.267196491532310371e-02
1.018037744037500053e-01 3.440246338064879839e-02 5.682692379215389944e-02
1.069877434000000016e-01 3.306901693000000031e-02 5.641891002999999821e-02
1.036640359116939997e-01 3.332282198674540313e-02 6.030998802846440632e-02
1.002425345490089992e-01 3.459097599019340247e-02 6.343412556616520592e-02
1.037422090490780074e-01 4.503613784411690524e-02 7.553349314747499765e-03
9.612348819868590799e-02 4.567482978138959898e-02 3.245795305646590172e-03
9.423729816430280459e-02 4.355776282841640479e-02 5.665494200713819782e-03
1.121800059708329966e-01 3.577786478245619656e-02 3.939649223421360508e-02
1.158445366740800120e-01 3.504616918956070248e-02 3.876967340284809965e-02
1.135315352340069972e-01 3.314693429991209805e-02 2.956761074939489795e-02
1.100241236245380061e-01 3.130054844016619958e-02 3.267243488584580663e-02
1.171705105011430076e-01 3.403027377340880205e-02 3.129070109390059973e-02
1.116969249735179914e-01 3.264739916601929609e-02 3.703073657011240333e-02
1.165899128742560048e-01 3.427325057129820135e-02 3.532967008212230253e-02
1.169964178533789978e-01 3.714602661785760401e-02 2.340778313909500086e-02
1.066166300490630076e-01 3.683131707878749966e-02 1.645894909975859771e-02
1.153045612381630031e-01 3.907116830156339565e-02 1.958361492484100158e-02
1.092752608415890059e-01 3.810121669557440388e-02 1.569261076489649950e-02
1.039826530276109912e-01 3.750559583826539728e-02 1.341074149074080075e-02
3.888037455547430077e-02 6.196229875393809844e-02 2.422980861388409832e-02
4.081197222482069870e-02 5.714807080238239884e-02 2.380141143029100223e-02
3.633364846487290023e-02 6.123419014078889527e-02 2.544498827071369970e-02
3.789304406151669524e-02 5.898889114834089675e-02 2.534323555190520078e-02
4.919202410903059791e-02 4.774382559151509747e-02 3.237770026298560089e-02
5.805762638199050280e-02 4.819838768509570465e-02 3.111684288399219761e-02
5.233688809853420665e-02 4.664405144259640285e-02 3.246614670937739838e-02
5.027328014000000123e-02 5.065225601000000050e-02 1.597628117000000209e-02
4.050189010038089676e-02 5.857634918876870184e-02 2.224768910021569790e-02
5.767888960555590111e-02 4.391931046978519992e-02 2.783233055258239885e-02
5.355595271752469633e-02 4.919477810461590078e-02 1.489361142332639928e-02
4.578872290776490189e-02 5.515351063767739981e-02 1.386983192403590075e-02
4.074030520575069869e-02 5.613334080788000280e-02 1.850467380857150068e-02
4.212604674815150635e-02 5.509930532088660321e-02 1.969221669681159997e-02
4.587312672597030488e-02 5.252942010543439760e-02 1.390397247918859908e-02
4.694395341679800243e-02 5.121362132053520339e-02 1.542629141525399955e-02
5.136728364276989950e-02 5.104181211639699511e-02 1.171863289679959952e-02
6.307491302210729844e-02 4.465726376434339673e-02 1.639704175857360086e-02
6.318123607844869372e-02 4.462905013402860416e-02 2.257573264955249973e-02
5.475246505811710157e-02 4.506714933467260292e-02 2.272745386783400073e-02
5.581606664508530213e-02 4.785604315958789934e-02 1.303964790036500100e-02
6.142566429860819854e-02 4.569534232228399800e-02 1.008839990222199987e-02
5.848103964264120269e-02 4.583699515577679962e-02 1.353243479134270087e-02
5.564191417601910272e-02 4.873512553327550428e-02 1.156283505861680112e-02
6.625477302542799596e-02 4.388982402460520071e-02 1.567118128828530119e-02
6.885690545588360467e-02 4.377481594302699841e-02 1.351586396819210063e-02
6.507910258115770508e-02 4.472450679518250038e-02 1.185626795883170000e-02
7.519493353127999768e-02 4.430207773713990688e-02 4.358665965475299817e-03
7.824577268791120532e-02 4.235760271378020275e-02 5.356551955184380570e-03
8.083953201253860077e-02 4.524317104674680651e-02 2.314577830282520208e-03
8.799358962374539961e-02 4.350139257587019859e-02 1.572924046011189934e-03
8.639998926467259976e-02 4.213740372892910147e-02 4.807430498133639929e-03
8.229370443340010277e-02 4.102187274899150166e-02 4.869582962318020312e-03
8.116850398067990136e-02 4.039902404791610030e-02 1.070872516406870013e-02
8.540364345662590506e-02 4.116014565422280308e-02 9.668643839737941711e-03
7.242896748486489511e-02 4.111358112936940035e-02 1.569340618781329966e-02
4.297063828000000085e-02 5.823803425000000089e-02 6.068331242000000320e-02
4.194224146772250472e-02 5.579373044585460295e-02 6.057118074002799946e-02
4.309211457476700563e-02 5.212694869416550220e-02 5.032305006482489657e-02
3.932669618999010130e-02 5.198759540990020162e-02 3.818052340693910141e-02
4.198323162033049810e-02 5.310798108437540105e-02 4.038284425480229839e-02
4.006484574859050379e-02 5.394112428247640340e-02 5.413509830236139936e-02
5.002415579980840077e-02 5.077127472860359925e-02 4.822673536934070360e-02
5.050231036599780315e-02 4.973765971248760021e-02 4.520829280094859626e-02
5.654559899832300313e-02 4.832165846131690479e-02 4.117992636557669950e-02
5.045999049360050392e-02 4.835538387978410152e-02 4.276421394419710476e-02
4.857990865123380103e-02 4.810003974679639971e-02 4.112574437311410092e-02
6.281276768649039777e-02 4.688732599344830332e-02 8.240925401332310773e-02
8.745281283909939196e-02 4.133639202416159592e-02 7.815788332358659940e-02
8.721784496184779856e-02 3.874676870030729914e-02 7.336274210551400887e-02
8.502705448906100472e-02 4.410633523222649843e-02 8.443233754987099215e-02
6.427592114425989545e-02 4.557675600677370265e-02 6.332713091913050318e-02
6.087225747721539820e-02 4.549154415307730265e-02 7.554679872108240046e-02
5.898454923062060318e-02 4.505240055543440619e-02 7.270692646446499929e-02
5.930169184907090052e-02 4.694069008662270226e-02 7.033405244799781353e-02
6.318874640445140689e-02 4.099669575566020074e-02 7.263895896535289831e-02
5.905874089691509621e-02 4.745175451021479973e-02 7.918320737080189464e-02
7.651437848065038849e-02 3.832791049169279735e-02 6.130250229298069703e-02
7.710599619286159778e-02 3.693751241681749592e-02 6.561046874503570492e-02
8.214351567209521310e-02 4.391237574206940247e-02 8.186087191695870513e-02
6.715095451453929887e-02 4.389889395754090207e-02 6.068199668177140516e-02
7.222109714546799675e-02 4.057383939274819551e-02 6.299624471295560413e-02
6.959381033516510995e-02 4.020739633927480211e-02 6.535977207722859506e-02
7.480411676901341234e-02 3.865038006729920594e-02 6.692432563023589798e-02
7.608880742061580049e-02 3.934074585807680047e-02 7.078398570136840151e-02
6.434980869000000991e-02 4.098066807000000367e-02 6.855255126999999782e-02
6.401166439000001429e-02 4.558618068999999856e-02 8.178420067000000127e-02
6.696090784753409852e-02 4.600340676665000406e-02 8.500103695821799310e-02
6.650451179770300314e-02 4.754037804345399854e-02 8.769351761797790357e-02
6.515579365162049719e-02 4.651817689016750357e-02 8.566087063264120338e-02
8.047779217152439823e-02 4.537844146780210114e-02 8.756995753969550045e-02
7.128177116568869265e-02 4.552286264410439903e-02 8.655865547294439022e-02
4.543918768526619689e-02 5.696935840989740540e-02 6.761023630993300004e-02
4.610514797841830381e-02 6.228732219962850036e-02 7.144910636303990203e-02
4.202612796201110612e-02 5.823919420642379580e-02 6.255900266236370799e-02
1.071834705630609896e-01 3.461663493437740213e-02 4.386679116261510414e-02
1.136068380669369993e-01 3.547140112810349966e-02 4.569416561712650454e-02
8.520431808325379386e-02 3.628063014267470660e-02 6.578521814837680337e-02
9.153444019200450421e-02 3.507350041807570651e-02 6.906352605426940849e-02
9.053795288058380519e-02 3.503966617320770222e-02 6.055292472594839964e-02
9.656170874453680331e-02 3.573871736737559840e-02 6.123971382857509860e-02
1.045858655668379933e-01 3.361812161635499563e-02 5.311495029127800277e-02
9.692393872997870363e-02 3.453707237843119809e-02 5.709151947687639977e-02
9.898923991997771177e-02 3.345655981430550180e-02 5.467219044481529816e-02
1.075429248931440013e-01 3.475140786719099761e-02 4.902131548458479871e-02
9.837367731077140132e-02 4.394017673885140113e-02 6.951965245036110380e-03
1.013260099934840119e-01 4.227025595226609894e-02 8.537844418007960873e-03
1.093585180656780065e-01 3.328242292735019564e-02 3.739563520937730368e-02
1.104964084548610004e-01 3.406448227574929849e-02 2.637345878147300329e-02
1.147802544078260073e-01 3.487017312706589683e-02 2.590095825178079930e-02
1.067004612100500016e-01 4.048058618514700086e-02 9.163377187610970490e-03
1.126543855814950146e-01 3.464082257281989735e-02 2.225655147623289976e-02
1.108804476450620108e-01 3.487426116986910157e-02 1.826605842705850136e-02
1.124909757676500061e-01 3.841731951122590027e-02 1.534492519102290120e-02
1.032845413632889897e-01 3.927543751820419815e-02 1.025981759729660027e-02
3.737892398922590398e-02 5.603580278909740114e-02 2.868450351302100076e-02
3.873972114166669700e-02 5.518115932232620091e-02 2.644866058030079931e-02
3.812437730926090257e-02 5.681540997666220671e-02 3.339684916337480602e-02
3.457721774065319886e-02 5.904003206450100100e-02 2.782584667906180115e-02
3.802271049004170289e-02 5.496007597365559771e-02 3.170034674921989870e-02
5.052978182691529596e-02 4.507836102891089880e-02 3.455964318553200743e-02
3.793617631002459828e-02 5.078387044117280147e-02 3.234960846423570041e-02
5.548900737423210355e-02 4.428610108659290084e-02 3.255268371562790308e-02
5.733451396383299620e-02 4.606621925337400086e-02 2.986850235980820223e-02
5.461457252999999540e-02 4.316005229999999443e-02 2.592736482999999717e-02
5.127375102053599587e-02 4.538917412886860764e-02 2.945662075074850089e-02
4.330119307258080419e-02 5.363834602343939967e-02 1.530551718573019970e-02
4.256006955633220151e-02 5.672908809739949515e-02 1.584664838443660198e-02
3.978963375000000441e-02 5.803622007500000568e-02 1.819652021000000078e-02
4.714744738129140328e-02 4.971946244291480799e-02 1.219203974857270036e-02
5.015767305594059922e-02 4.896527823000289964e-02 1.208274039566360064e-02
5.992896455674540102e-02 4.209751144652169874e-02 2.530803810245869923e-02
6.237689929371820208e-02 4.090768032002790183e-02 2.254263045637739868e-02
5.745672273293780247e-02 4.214977561491799890e-02 2.202884858355839970e-02
6.016527652999999892e-02 4.390339851000000376e-02 1.070203900000000000e-02
6.146632814386999988e-02 4.236823985905760481e-02 1.316670654592659931e-02
6.889430943315739964e-02 4.323241702959980393e-02 1.795916835698560185e-02
6.581197738999999824e-02 4.479539871000000339e-02 8.598370552000000541e-03
6.945889950000000423e-02 4.279036045000000205e-02 7.568308115000000127e-03
7.281964524722170373e-02 4.272392205462149928e-02 5.751189090321839718e-03
7.583335769485570477e-02 4.017499556191899551e-02 7.139140857171449688e-03
7.890466485772330840e-02 4.259107422724130176e-02 3.105960496621630162e-03
8.280831883253900183e-02 4.266382365993990483e-02 2.153034875509770001e-03
8.319111586773179912e-02 3.972214757403379898e-02 7.532801202092619976e-03
7.271939327174420375e-02 4.002085957042309655e-02 8.787140704620831008e-03
6.809400303206089577e-02 4.279983301300929743e-02 1.007825096613169935e-02
7.018835004134379996e-02 3.981303132752020413e-02 1.188657962543220037e-02
9.100173488167659364e-02 4.161136824066979933e-02 3.794018653277019849e-03
9.211128746122400346e-02 4.021811615498369769e-02 7.116756054537260248e-03
8.847526339657639516e-02 3.902916437610709499e-02 9.073072546123250523e-03
4.264437260845610478e-02 5.238600882118490260e-02 5.740211217808810495e-02
4.154433457807900354e-02 5.213981429395300043e-02 5.348344175767309749e-02
4.047471484877039616e-02 5.957724455002810088e-02 6.387200443052359899e-02
3.923526458090700192e-02 5.441611007408120315e-02 3.661708500334390215e-02
3.993347005998020005e-02 5.088336951689429594e-02 4.302256912396910243e-02
3.915491461618540031e-02 5.138012376516690183e-02 4.535994834770030321e-02
4.389337539500000329e-02 4.958284616499999964e-02 4.530025244000000090e-02
4.196611853689589944e-02 5.078685081307789811e-02 4.761267896560660018e-02
5.050817483467710117e-02 5.030665312665470040e-02 5.337093616494740372e-02
4.798327518592140212e-02 5.165615016100240375e-02 5.501445414639440090e-02
4.393944060984770333e-02 5.038027808100049854e-02 5.300261899456810283e-02
5.455091425708930714e-02 4.574918319806189904e-02 3.980221049999749933e-02
5.027218900313660394e-02 4.580506880412160697e-02 4.175043201749330246e-02
4.952332017910240219e-02 4.664867850626689544e-02 3.825299547744260426e-02
4.192379951000000521e-02 5.147023678000000463e-02 4.068976401999999798e-02
5.036443367149150141e-02 5.887311342371100154e-02 7.348288835615220116e-02
5.170019173147470670e-02 5.642475275591699729e-02 7.012992437649689936e-02
5.522644988304040159e-02 5.534723153051290118e-02 7.218077115284539380e-02
5.604443867593510153e-02 5.134422783125069945e-02 7.533478111326660787e-02
5.492336787582330349e-02 5.222094592545060282e-02 7.283785076320199725e-02
5.607291698499999866e-02 4.854012727500000429e-02 7.285018205500000399e-02
6.308780247564040045e-02 4.777842098418449979e-02 8.564408722636300542e-02
6.101826695303370213e-02 4.815810923769719976e-02 8.237629093211019937e-02
5.728333238121149917e-02 4.814459607988460371e-02 7.653462405943800562e-02
8.845489615067129996e-02 3.934852563052339963e-02 7.505700925149060010e-02
8.312720160743589104e-02 4.107088957392100032e-02 7.871076339194521543e-02
9.001804076586229775e-02 3.737327414279520421e-02 7.240776310385370340e-02
8.595150976570990753e-02 4.180879151179040659e-02 8.129645744360199100e-02
6.161573758997510031e-02 4.368047861487850403e-02 6.662122569890600865e-02
5.877621168831489995e-02 4.754305251604540317e-02 6.802519929375840102e-02
6.029697505364819965e-02 4.333610512841129525e-02 6.960218896066369676e-02
6.124493465252869862e-02 4.241692158207489849e-02 7.420922807175919789e-02
6.302765845999999672e-02 4.150606155000000075e-02 7.718523501999999259e-02
7.924924030301250255e-02 3.728581754866640285e-02 6.246002679994140661e-02
7.385055978069329785e-02 3.741874084025179764e-02 6.091585496744109790e-02
7.948100303883048889e-02 3.710439840709309905e-02 6.921968160352019728e-02
7.081582845416660443e-02 4.285009459757659761e-02 5.937550353994050512e-02
6.675561942900150314e-02 4.131232550133839831e-02 6.423718390727110872e-02
7.272592589823589915e-02 3.808399685443850102e-02 6.939358663614519918e-02
6.862871827448799311e-02 3.946089083382330054e-02 6.906599782793990117e-02
6.365030385243439226e-02 4.183964590874370004e-02 6.416517580332009585e-02
6.833369995412939824e-02 4.549836710459359557e-02 8.982053479094280479e-02
7.095527098516260511e-02 4.415044928212000230e-02 8.946821948969560512e-02
8.226586342000000163e-02 4.363889216999999876e-02 9.065423011999999836e-02
7.865530831972861181e-02 4.414425148294120332e-02 9.135423814828920464e-02
7.825548756858759225e-02 4.485499610477559906e-02 8.637473273525529682e-02
7.535569668000000054e-02 4.453078746999999948e-02 8.836864470999999943e-02
8.408620361746840799e-02 4.535788248986600407e-02 8.719190040243370021e-02
8.076767920999999850e-02 4.400764465000000375e-02 8.584545135000000438e-02
4.427535122483740315e-02 5.909198290486249866e-02 6.525345961718739818e-02
4.770954331355660438e-02 5.701414586427110132e-02 6.751660595303199397e-02
4.415882272820220722e-02 5.886733901345800324e-02 6.925723172368269953e-02
4.191226191181630228e-02 6.093317606902199507e-02 6.723502438542969251e-02
4.385368144374310329e-02 6.265008637278339509e-02 6.943957595534749894e-02
4.949343055795370205e-02 5.631471286103310186e-02 7.042267535412211066e-02
8.574406131650930130e-02 3.483076526503850467e-02 6.164531295899430136e-02
8.039289751944089790e-02 3.483479107973089933e-02 6.437919690367679970e-02
8.341582155964499812e-02 3.515972460723679888e-02 6.749120658885149338e-02
8.852896209672590777e-02 3.396973677643259915e-02 6.674662253004701173e-02
8.802343019630780308e-02 3.337797429950749989e-02 6.336000400446359371e-02
9.473930622581309968e-02 3.224568375281960247e-02 6.557568794730420092e-02
9.945041583947430985e-02 3.334774629188409778e-02 5.955070260940290017e-02
1.042731584681099999e-01 3.313505200637000686e-02 4.805391027382179686e-02
1.014490590559340016e-01 4.371090528153810661e-02 5.597605482615389781e-03
9.564823794102059185e-02 4.052312715816969863e-02 7.093667119453919527e-03
9.892230289317570369e-02 4.231410780343260181e-02 3.998768217791400133e-03
9.436825986692121138e-02 4.193214198505409995e-02 2.420299419630280065e-03
1.106219462453160024e-01 3.283733155725830632e-02 4.096703004475870519e-02
1.146004242846599963e-01 3.338585966030370444e-02 4.179348406070779870e-02
1.103668947314200011e-01 3.155979843548920027e-02 2.868134436849339997e-02
1.140870205391949915e-01 2.866697382132329941e-02 3.066841568557569786e-02
1.125453070472730022e-01 2.972579774658180157e-02 3.429848799310779989e-02
1.165825005902120098e-01 3.027258594384199877e-02 2.987082571071729767e-02
1.172841082169720078e-01 3.345504126319239629e-02 2.683515173355130110e-02
1.159163237000000041e-01 3.600800990999999951e-02 2.072329580499999990e-02
1.095415930055819997e-01 3.764361281208490617e-02 1.169497606688610011e-02
1.066924997151510041e-01 3.703406562684799508e-02 1.227248301421860095e-02
1.096629799401419997e-01 3.273545807314489492e-02 2.169158627537640105e-02
1.002949848450490067e-01 3.773852853471110214e-02 1.133049123713909985e-02
3.725516793770960317e-02 5.861971777112420096e-02 2.274440525670280364e-02
3.566208394676459448e-02 5.661919095107830618e-02 3.050638371787309927e-02
3.669796299565619702e-02 5.244747509750539993e-02 3.142439205216360221e-02
6.056250886417220008e-02 4.475157049796910091e-02 2.975392873272790159e-02
4.596042993388289866e-02 5.162573751584630111e-02 1.100767329713679861e-02
4.734257107153670707e-02 4.790220492688399695e-02 1.327612067818680075e-02
4.867663477950340267e-02 4.966497517673970630e-02 1.037824337830630002e-02
5.348495702371980354e-02 4.685601285934269666e-02 1.088659143124020082e-02
5.117380645389740107e-02 4.698767396633399956e-02 1.285188654020259953e-02
6.602846519528060565e-02 4.247809021323570300e-02 2.111288575417470323e-02
6.497581847833380775e-02 4.146767133330830218e-02 1.714550952923870122e-02
6.176008297133000341e-02 4.107098430206170686e-02 1.600575839544160148e-02
6.374074926243930572e-02 4.210803990182739737e-02 2.568746528089519907e-02
5.920689553310180125e-02 4.202673491042150516e-02 1.887711314585979738e-02
5.738247404329119977e-02 4.573144498423609844e-02 1.155370013248199941e-02
5.963302197484030009e-02 4.621236314513679777e-02 7.930181575710930006e-03
5.782709538042109937e-02 4.672012775421860442e-02 9.939897596643260461e-03
5.573419926994029744e-02 4.684397168966410174e-02 8.281237897029660941e-03
6.368493528346740040e-02 4.261258504206619918e-02 1.312498405526270166e-02
5.220512669648110643e-02 4.809220780932720041e-02 9.289270487547069202e-03
7.908237790317459992e-02 3.939377934697080308e-02 6.679795621636150198e-03
7.551925795348729542e-02 3.835882061887700006e-02 1.076556155778400116e-02
7.920446190792271302e-02 3.717261770577780233e-02 8.931748729715589807e-03
7.314232169783760340e-02 3.717784767088579828e-02 1.364193635160539965e-02
8.764059478082150689e-02 3.967426555467969823e-02 6.747748016124249966e-03
4.397092127251490262e-02 5.276476264113050263e-02 6.160063768060810435e-02
4.567200392463829917e-02 5.107584728266269941e-02 5.840960383458550231e-02
3.995253056751850440e-02 5.142289263482310163e-02 5.076974489279990205e-02
3.827096501526040112e-02 5.236159816440320164e-02 4.075908565487579988e-02
4.208239554999999854e-02 5.059095383000000029e-02 4.379449368000000453e-02
4.827722158068350339e-02 4.788313971879620129e-02 4.351248639281220243e-02
4.570435524000000110e-02 4.857473850000000593e-02 4.680601120000000420e-02
4.389518738000000586e-02 4.754971504000000265e-02 5.078761100999999722e-02
4.912795331120820008e-02 4.827435386963530028e-02 4.780078472492589603e-02
4.731575949574930162e-02 4.903410310571099801e-02 5.065842716150220637e-02
5.323167595821930165e-02 4.945856147221420335e-02 5.091042780250639582e-02
5.577228902058290610e-02 4.457961176187839880e-02 4.298991511993999898e-02
5.239257977037860281e-02 4.640811980992030211e-02 4.643835552440279957e-02
4.958676970374290699e-02 4.544245830983570378e-02 4.517386471191039976e-02
5.519889100760209943e-02 4.560427320763930231e-02 3.631262000217070490e-02
3.930935256469349909e-02 5.012943603232940248e-02 3.769525143692090130e-02
3.597912550192280262e-02 5.013102914089390127e-02 3.519553523706200199e-02
5.222158766457430518e-02 5.369153500693560344e-02 7.166071572270689416e-02
5.081038690779050154e-02 5.500195851143249715e-02 7.291781497611590779e-02
8.463417718632340603e-02 3.657231509391919988e-02 7.108828507171660593e-02
8.577683759622729831e-02 3.770199631589109951e-02 7.731660820723880445e-02
8.428402265690390638e-02 4.000338505520700111e-02 8.062437498400780445e-02
8.653860278309659371e-02 3.861574067401169624e-02 8.037784786998200537e-02
8.331155938399170680e-02 4.204663731839920066e-02 8.376060758242021009e-02
6.004436660638189788e-02 4.329695732004230219e-02 6.298934379120460503e-02
5.634725313525540402e-02 4.815559307405230249e-02 6.921611515160538963e-02
5.685045242000000276e-02 4.979234695000000349e-02 7.179874897000000644e-02
6.178234100000000451e-02 4.297354221000000002e-02 8.105552672999999375e-02
5.898342408752620114e-02 4.248244729840790213e-02 7.748322916459850218e-02
5.774584480222630378e-02 4.559856687818660687e-02 8.126575823252710218e-02
7.610783581805059816e-02 3.488228183579820257e-02 6.282674455917469647e-02
7.499258855863930040e-02 3.749110876093050132e-02 5.750514171709470573e-02
7.589377402999999966e-02 3.563325643999999681e-02 6.805482863999999521e-02
7.227922578044730650e-02 3.720432359103229697e-02 6.388936773822080639e-02
6.851936446519289736e-02 3.986033306065910053e-02 6.142343660425260421e-02
6.624671643972250556e-02 3.862845668821530271e-02 6.602286207839469512e-02
7.166958417373180124e-02 3.913595060840010381e-02 5.991371261066959913e-02
7.277653361391960007e-02 3.530746752253129811e-02 6.675862674075570824e-02
6.431648723516200650e-02 4.506383418076399805e-02 8.935554750126060986e-02
7.448931558613119952e-02 4.473925804580410059e-02 9.144077304374029214e-02
6.725400884180711414e-02 4.345673506842150091e-02 8.747828202370640238e-02
8.004526317000000557e-02 4.223456054625000095e-02 8.940456628750000079e-02
8.188770617450411016e-02 4.242571172577980221e-02 8.708512865499000444e-02
4.733869020102560166e-02 5.706338767531320133e-02 7.114504450361860965e-02
4.293791048804469768e-02 5.474129473011100228e-02 6.419090654714221245e-02
4.154818814786499781e-02 5.717548320695180208e-02 6.621790467869059782e-02
4.437491508730010553e-02 5.595564189874809718e-02 6.441322441493201045e-02
4.036104926320229630e-02 5.613788926185330624e-02 6.202769863073510220e-02
1.117704018486810058e-01 3.412473959345169866e-02 4.882491208736890187e-02
1.075521449647710015e-01 3.135949823883150273e-02 4.421864945575269823e-02
1.127335848136040014e-01 3.204278671240329973e-02 4.566374156169499682e-02
8.352588431045529505e-02 3.372651076632840472e-02 6.341284412113380731e-02
8.978760121271819883e-02 3.343231809270530430e-02 7.331295877479850065e-02
8.868989556653869566e-02 3.292899167287000051e-02 6.953015584818650341e-02
8.713645701299439772e-02 3.475284457620250039e-02 7.436792444211780262e-02
9.403793511458989618e-02 3.435139682235460040e-02 5.858768224081609827e-02
9.217014669047750297e-02 3.018261195698570057e-02 6.370194328137469830e-02
9.602861374662720328e-02 3.276551531574980330e-02 6.138374386761120266e-02
9.235653147247299688e-02 3.142649383939430385e-02 6.739594467314689863e-02
1.070107239280150002e-01 2.936882841177050271e-02 5.430269398175120027e-02
9.986413919746139900e-02 3.027999229484310342e-02 5.637977835961660578e-02
1.008841533741360041e-01 3.174577379952930184e-02 5.159209661236340005e-02
1.031502356215489996e-01 3.159024635492040101e-02 5.520379450191609944e-02
1.005926323000000122e-01 3.027117252000000036e-02 6.118588448000000096e-02
1.031662980042910016e-01 4.010622932833080023e-02 5.996210335002470290e-03
1.005364344326989956e-01 3.758713781662659931e-02 8.377280576077360263e-03
9.889663310211491143e-02 4.005689949672370381e-02 7.355445190797620277e-03
9.661816707485069988e-02 3.790014309902790118e-02 1.003447171842729996e-02
1.107564202364339917e-01 3.198110291015920231e-02 4.366878398810609962e-02
1.080226190402929914e-01 3.226081357643540565e-02 4.059802371052229769e-02
1.154280688068300004e-01 3.189743435194520443e-02 3.807152667676549918e-02
1.137100873554820063e-01 3.077915463165629972e-02 2.718128900647600113e-02
1.160415716127120023e-01 3.052020298183950181e-02 3.370969114399370581e-02
1.086173610800260092e-01 2.944758135227129939e-02 3.668989489596380382e-02
1.163717374987660036e-01 3.277772284206560000e-02 2.198693535609570066e-02
1.055409765000000083e-01 3.285151600999999810e-02 1.411385893499999926e-02
1.085757416331980113e-01 3.411075347150679948e-02 1.412936328040420055e-02
1.145427146115260003e-01 3.454305036427079978e-02 1.769271395486849904e-02
1.079405292830200036e-01 3.250390801409819980e-02 1.766212684793540266e-02
1.116620220721770002e-01 3.407965352205209741e-02 1.367271914013690019e-02
1.029970978907450013e-01 3.490237029534520169e-02 8.764685940872750727e-03
1.055863041139949998e-01 3.494857174903530372e-02 1.073675488920619939e-02
3.661576111494160152e-02 5.978083067323610583e-02 2.122881721168520114e-02
3.772997940030590330e-02 5.274135077179010339e-02 2.864817743750120230e-02
3.324431304298609835e-02 5.880422179265760302e-02 2.357743677528030199e-02
3.496247376552919645e-02 5.620055670937170594e-02 2.557918003762679748e-02
3.540191800265880123e-02 5.282764900760990312e-02 3.282671717265490258e-02
5.905899396043020472e-02 4.600192325122210574e-02 3.395700510172319775e-02
4.379250638841000048e-02 5.216630877118080128e-02 1.543088880583400047e-02
3.815482214684959988e-02 5.681837511228209764e-02 2.253150705151589842e-02
4.250292636885580344e-02 5.386945173429449896e-02 1.235483775240779972e-02
4.038692420305679820e-02 5.266309499077450468e-02 1.639380722095180182e-02
3.863056325616779502e-02 5.550156493395510399e-02 1.477498147341630048e-02
3.923320974042370651e-02 5.347581726351829934e-02 1.490737642112920092e-02
4.376639100663030219e-02 4.967799920294699995e-02 1.201364770084950052e-02
4.439405653445769456e-02 4.977967207571440400e-02 1.401883740336850107e-02
6.501116418453070644e-02 3.896655488065189910e-02 1.978281148429500078e-02
6.261260574660669487e-02 4.378368817079660025e-02 7.025086824017559746e-03
6.370948179572420711e-02 4.207323333717299940e-02 9.071406957361050419e-03
5.907190265484260627e-02 4.341955988297610536e-02 8.263093325281670523e-03
6.926768837782670829e-02 4.130271658616289920e-02 1.564333092369499939e-02
7.655645998465510083e-02 3.960349503243749958e-02 4.369947770720180279e-03
8.503292848131620285e-02 3.962853225295020348e-02 2.102482714596439883e-03
8.587137646335099572e-02 3.844882931218170097e-02 5.081104685901259750e-03
8.163746040403489779e-02 3.802303008469750528e-02 2.940261183987210019e-03
7.806930666681799469e-02 3.820791071750620493e-02 1.241767301987250181e-02
8.409436463808189766e-02 3.795027016503200318e-02 9.488613387256599960e-03
6.667077755277869833e-02 4.022025498520560155e-02 1.317189774518080086e-02
7.478168631846940362e-02 3.725993272487050645e-02 1.554715225033729935e-02
9.277595461431829837e-02 3.749481614661549778e-02 9.033937081296549917e-03
4.017391303468890312e-02 5.376811206824920475e-02 6.051662387905879653e-02
4.254628584285750220e-02 5.070671986234320111e-02 6.176903947622910257e-02
3.926058142446660348e-02 5.229672422350280236e-02 5.784228831778540775e-02
4.583467331054289634e-02 4.916966500203200086e-02 5.589655312897780226e-02
4.067889419948200053e-02 4.921516762811330159e-02 5.067270472280070021e-02
3.630643630776310415e-02 5.143944454367890134e-02 3.820746633195429981e-02
3.836381783327870443e-02 5.100562685288050763e-02 5.453764972553599988e-02
5.134411861175969954e-02 4.817885588691680349e-02 5.014600894356530114e-02
5.704399577984799879e-02 4.706588528930039789e-02 4.476737475055160564e-02
5.911397338473869945e-02 4.543548828139869905e-02 3.807882901544420301e-02
5.232926814501160512e-02 4.285961151977470129e-02 3.831681910494369458e-02
5.285527897222890015e-02 4.277973039555629797e-02 4.410597129993689552e-02
5.529538155000000149e-02 4.728790759999999815e-02 7.390161514000000154e-02
5.939987069090050392e-02 4.641030345275000413e-02 8.439806047603309880e-02
6.109481011058789934e-02 4.483953967557360171e-02 8.472350064022790561e-02
8.629422904598429978e-02 3.442591023035249803e-02 7.223723144504061444e-02
8.769899633287289720e-02 3.722732488719850130e-02 7.764618999054830051e-02
8.315418768563841156e-02 3.705781887465899732e-02 7.866045760636440620e-02
8.388514852945390399e-02 4.270191799557170043e-02 8.758224589994149933e-02
8.423446443771179237e-02 3.841854811150290094e-02 8.493935433487380393e-02
5.985013415396980146e-02 4.643882913422819891e-02 6.316048916775850175e-02
5.538461352613840288e-02 4.491158007637460065e-02 6.950604655595281345e-02
5.897542903024370620e-02 4.125452359456689699e-02 7.199481209756790345e-02
5.681918421952900089e-02 4.474614098116170419e-02 7.668007461312879858e-02
6.034127190235780147e-02 3.924305306747630229e-02 7.548235700390271141e-02
6.147938780290500282e-02 4.015039804144940327e-02 6.917027660819090318e-02
6.050140855142920049e-02 4.055245332808010000e-02 7.888268878179940935e-02
6.291529642500179320e-02 4.424195640660590068e-02 8.379076667384269261e-02
5.911245684799090044e-02 4.354583862620530627e-02 8.175907919931389711e-02
7.725458585139449719e-02 3.536988520532769603e-02 6.000368336017310178e-02
6.779503365796860082e-02 4.216744709313560019e-02 5.729783431430120200e-02
6.546356412910779576e-02 4.122810649919930043e-02 6.084029692874710210e-02
6.949809487505170802e-02 3.682506447120340032e-02 6.662266898966140438e-02
7.200635910000000028e-02 4.059679984999999686e-02 5.722085953000000114e-02
6.328961224460480373e-02 4.395805889736779937e-02 5.890485172111020046e-02
6.663000502930219171e-02 4.319847697992390545e-02 8.977807329588459451e-02
7.098197419323559743e-02 4.369489872236220068e-02 9.211811005494970062e-02
6.244986057000000146e-02 4.319612025999999827e-02 8.676732063000000550e-02
7.666954540347849234e-02 4.104326448578270170e-02 9.112430676869040513e-02
7.856987952999999747e-02 4.097736835000000133e-02 8.901989937000000241e-02
7.442039012999999981e-02 4.214643477999999860e-02 9.035016059999999294e-02
7.115674307376339269e-02 4.287325850268160210e-02 8.886416846040730289e-02
8.200795143623450245e-02 3.986002439710679968e-02 8.195292975767870525e-02
4.737462183118529985e-02 5.417777922992289552e-02 6.869361257581890756e-02
4.440640660126610184e-02 5.360324302113399914e-02 6.824113722043768926e-02
1.108051779689510075e-01 3.152038278626430323e-02 4.933755449278080102e-02
8.127209724580990169e-02 3.461839804307499657e-02 6.117933674942969968e-02
8.548299964572270149e-02 3.192859034315809891e-02 6.495149028115089485e-02
8.536165714499999169e-02 3.289560318000000344e-02 6.866143703500000861e-02
8.808921998530100383e-02 3.211865217638219805e-02 5.903527007963800532e-02
8.938792911393760032e-02 3.145733629968960193e-02 6.144063890091850527e-02
8.931937346121110455e-02 3.006477731726020161e-02 6.662834101669069808e-02
9.706300363857450764e-02 3.142930028704660206e-02 6.337862449218420458e-02
1.044393061430649999e-01 3.117169732764180079e-02 5.099655838108940048e-02
9.469368901182780018e-02 3.070522415108730210e-02 5.543927299237540185e-02
9.730354048093520225e-02 3.030790854451740138e-02 5.850749771573560132e-02
1.048481762891159963e-01 2.948985643935069997e-02 5.702517256784410404e-02
1.112401113404850039e-01 2.928021630869710040e-02 3.944970711714010370e-02
1.134762937743980099e-01 3.174665794622870407e-02 2.405042166925929967e-02
1.101507655698229921e-01 2.997184759409770097e-02 2.525055696827349996e-02
1.096320783362139950e-01 2.768060507996879943e-02 2.917887746020290246e-02
1.118960600908770059e-01 2.653287322377590254e-02 3.083791257769590011e-02
1.087529900780850045e-01 2.675869179798990097e-02 3.317035260396170721e-02
1.062188913180420052e-01 3.642329551854780328e-02 8.032320660379430738e-03
1.129969876253470035e-01 3.190199479843389835e-02 2.037396319027140121e-02
1.020780671699090120e-01 3.325951575005510474e-02 1.134094498675579897e-02
3.594665879177279949e-02 5.054310276933860618e-02 2.860742377413640070e-02
3.480869251149319721e-02 4.810830924105029965e-02 3.151551072671920223e-02
5.498228445492280014e-02 4.118985458340149869e-02 3.008340517178730369e-02
5.285598978680079718e-02 4.254946030310870209e-02 3.291911866503779982e-02
5.925111297389479975e-02 4.103199230723120206e-02 2.990077025043460027e-02
5.766202441005499613e-02 3.993615418450880555e-02 2.619651242438440081e-02
3.586841402359280256e-02 5.658339933197780586e-02 1.730965469750849958e-02
3.721163530435789984e-02 5.540143902212010113e-02 1.856613282806980278e-02
3.823152902511380014e-02 5.433781568045930460e-02 1.898884443827180205e-02
4.550476701524200362e-02 4.810378533988170224e-02 9.330380015531570051e-03
4.947637032165369542e-02 4.605177878995470736e-02 1.019131720035339889e-02
6.120835364661260380e-02 3.935033203181829975e-02 1.884637740150710283e-02
6.138932854907920567e-02 3.977106004087260088e-02 2.757018590026300009e-02
5.976620312278310004e-02 3.940071530351239859e-02 2.196460915667240027e-02
6.720394803228620095e-02 3.953869136686820329e-02 2.320083045864920063e-02
5.437549073989030729e-02 4.478437213068139910e-02 1.111731581653829966e-02
5.727624285909380109e-02 4.225373867529290395e-02 9.645879243235950043e-03
6.137247086000000018e-02 4.067562103000000456e-02 9.143345952000000304e-03
6.381519633498479449e-02 3.982606744681210093e-02 1.368274922449129981e-02
6.737325330558831260e-02 4.006844181761500673e-02 1.803537529236099932e-02
6.560417134000649797e-02 4.127047099350360237e-02 6.396112948745010310e-03
7.257269198173510460e-02 3.922709158963830212e-02 5.658534469403370126e-03
6.784709081360409955e-02 3.910708041673979785e-02 8.959604360982760529e-03
6.941840276873230409e-02 3.984267589068710147e-02 1.964592682068229748e-02
7.580392032429029980e-02 3.548861779045189846e-02 4.942152896630179829e-03
7.573122364258599859e-02 3.600220838501599907e-02 8.032558749658280303e-03
8.833888476560919356e-02 3.871257861822970103e-02 1.821845265206260053e-03
8.265937984724540388e-02 3.611992935313560610e-02 6.399345977816359859e-03
8.068667910230790941e-02 3.721051820311409991e-02 1.078675441004840058e-02
7.254990003618200234e-02 3.661997061071569498e-02 1.852246245104889957e-02
7.079179468472339420e-02 3.691383624920629991e-02 9.803127974917799289e-03
9.053942816541120375e-02 3.762920314729979732e-02 4.116142607569780662e-03
9.518364103201550075e-02 3.850745078606240129e-02 5.363069218558939866e-03
4.163588388495149950e-02 4.902844797780309821e-02 5.868191931587059956e-02
4.126953867154450201e-02 4.897347824984610298e-02 5.520620459791179824e-02
3.689538079522629993e-02 4.914658668741480468e-02 3.948126853773210182e-02
3.509055391797499812e-02 4.867427900921720424e-02 4.275356517191390010e-02
3.895708540394079988e-02 4.771743092992689755e-02 4.308036922376889954e-02
3.791256294176850034e-02 4.837254216034730242e-02 4.470497878220500154e-02
4.066489951433130412e-02 4.820246089686710395e-02 4.657789868467850092e-02
4.903389226972220544e-02 4.755841114148390281e-02 5.525825177133120159e-02
5.388258329265480095e-02 4.608990175710150211e-02 5.102069821488820073e-02
5.282405062192709749e-02 4.847068906103589592e-02 5.451319410977419760e-02
5.109555398854120217e-02 4.579003191389770244e-02 5.310827015857660233e-02
5.917085956599010127e-02 4.478018921169209937e-02 4.370532694065740187e-02
5.493719031678290232e-02 4.422797419118840168e-02 4.671453759965879526e-02
5.572334723270319645e-02 4.291221202617020308e-02 3.836313398938160507e-02
5.320641301282159896e-02 5.326278778610690073e-02 7.037400349574339520e-02
5.037198002123290108e-02 5.327141098144600601e-02 6.842644075638198986e-02
5.233534020070670228e-02 5.148302988579270267e-02 7.316080621415339824e-02
5.314535344721220411e-02 4.890425005403339909e-02 7.067207521734861220e-02
6.277366817972709900e-02 4.445776701604779724e-02 8.749339984125760472e-02
8.442069978856089896e-02 3.511304344630300500e-02 7.527531595734680836e-02
8.894940447921119431e-02 3.637818044103510035e-02 7.514402375868799167e-02
5.751938963526890408e-02 4.256282894135439421e-02 6.633475612842869296e-02
5.872421386783509972e-02 3.927597019341869805e-02 6.642806364425959953e-02
5.767997725061950465e-02 4.115214299673299742e-02 7.475114583422569348e-02
5.621451916886339994e-02 4.274604576088270047e-02 7.245444821224550358e-02
5.628841400000000189e-02 4.619092463999999870e-02 6.629032612000000657e-02
7.918789137900249242e-02 3.337894918912279879e-02 6.616717401753710592e-02
7.467278208319440280e-02 3.510804538392379992e-02 5.766505767344069777e-02
7.150812005148581008e-02 3.570244290623129924e-02 5.776469977812750262e-02
7.315803509319609987e-02 3.414845890998329664e-02 6.046039507386050116e-02
7.503234386000000311e-02 3.291093826000000139e-02 6.506086349000000935e-02
6.941097999738869706e-02 3.911042217795039633e-02 5.779537924634570167e-02
6.423628449202140045e-02 3.806511371432480528e-02 6.293755074270949990e-02
6.725751615418119889e-02 3.586236863063210073e-02 6.268424360329670486e-02
6.960763237309770812e-02 3.634179492900870001e-02 6.009657068277749620e-02
6.683197966227109876e-02 4.257525358305670055e-02 9.209710326663080038e-02
7.326723780891569726e-02 4.225155838001840025e-02 9.143901494288930731e-02
7.984414576999999957e-02 4.044641972000000141e-02 9.276739120000000727e-02
7.472827291845809961e-02 4.152905825703830101e-02 9.350654750155400208e-02
8.206246492597139841e-02 3.886882135218910211e-02 8.460266059599620692e-02
8.035587096413610020e-02 3.923583821299619911e-02 8.732647856833189448e-02
4.756996292186550096e-02 5.320509245383149566e-02 6.643046011691339237e-02
4.509987419864620178e-02 5.174954944833500686e-02 6.621494369547559211e-02
1.057931883579780047e-01 3.067786180160669840e-02 4.403035988245490584e-02
1.072137306927800071e-01 3.027497248057969825e-02 4.845659707904850094e-02
8.363454276446639912e-02 3.238638530471430604e-02 5.983426396044570772e-02
8.524095784705999768e-02 3.096685220616720094e-02 6.162506882317679568e-02
8.079915487591950163e-02 3.142988035003779768e-02 6.130354884844740199e-02
8.241442263289529280e-02 3.263131420081089723e-02 6.549884439874199826e-02
9.102408981854140380e-02 3.055804222919369928e-02 7.022735652821029961e-02
9.277939892803228894e-02 3.072768232600580143e-02 5.935948694660650449e-02
8.843659286913969908e-02 2.976328443726039899e-02 6.349193106032380296e-02
9.334778640585149334e-02 2.851141512267720002e-02 6.448055911613680136e-02
1.089241857941029984e-01 2.936864400493029853e-02 5.139314180956859601e-02
9.821059550702369856e-02 2.928758368577370069e-02 5.254758448190870179e-02
1.096273309066729956e-01 2.961431043399910187e-02 4.197757844103650049e-02
1.138676130989760005e-01 2.974778332643409837e-02 4.148417525439360154e-02
1.125147736214629907e-01 2.746664370252590096e-02 2.698143367188470323e-02
1.153152961593220116e-01 2.674379418082839868e-02 3.243875484788220215e-02
1.155406933053430008e-01 2.616076871458099945e-02 2.817740234064169957e-02
1.149683157093359942e-01 2.832890222027049931e-02 3.651276243992890302e-02
1.163189411000000034e-01 2.929821490999999847e-02 2.499571323000000095e-02
1.117462463154429986e-01 2.694589808897709937e-02 3.403293259889680206e-02
1.091822307396920072e-01 3.399712227414269927e-02 1.090426925638690071e-02
1.113134914096920031e-01 3.232463162183630417e-02 1.718401635986370121e-02
9.879946376401649299e-02 3.451856082362009942e-02 9.983840436002340904e-03
3.267821306084049693e-02 5.483952432236920138e-02 2.880793072235789815e-02
3.406822301450470464e-02 5.251246283256290337e-02 2.845786359362499976e-02
3.511847552271250145e-02 5.333581762402719861e-02 2.479066080007600106e-02
3.165496759325010095e-02 5.695550425262200372e-02 2.634879030205109982e-02
3.339467575317790066e-02 4.927784032257890440e-02 3.153641828298400090e-02
3.611874469581680125e-02 4.787495141036819668e-02 3.572397003778490093e-02
5.842239975509239819e-02 4.281764140399869911e-02 3.536997884871330433e-02
4.080859675888490190e-02 5.015348609122830675e-02 1.390391001569190113e-02
3.938118023863950573e-02 5.039259953405090392e-02 1.290701946272299928e-02
3.274611798312349747e-02 5.704544988218390039e-02 2.013265660287880121e-02
4.295402026613889812e-02 5.061619587590469871e-02 1.029737521212100056e-02
4.591343058751999606e-02 4.663827816278190430e-02 1.107024664610400076e-02
4.891090498767870082e-02 4.601774066338740199e-02 8.001114835710929421e-03
5.118925926623339728e-02 4.349960720978040402e-02 1.060128315681800083e-02
5.357138924596539786e-02 4.400411985880799820e-02 8.680053717095329371e-03
4.777173484907920598e-02 4.424692522880180334e-02 1.106189605847679967e-02
6.406191679820470719e-02 3.701434753298200181e-02 1.607285670816260142e-02
6.294052124000000525e-02 4.151305199000000085e-02 3.108794928000000249e-02
6.324350310290560717e-02 3.766736750675479806e-02 2.741950283935069843e-02
6.069579292628500544e-02 3.687227644741609967e-02 2.605194124280589899e-02
6.582076576764769871e-02 3.636051263632029962e-02 2.301931022708490066e-02
6.222004221054920625e-02 3.667035462974500143e-02 2.132361471840020159e-02
5.838512615237850117e-02 4.247731868456579990e-02 5.910408147497760341e-03
6.354597806999999487e-02 3.931647896500000544e-02 1.081316679600000108e-02
6.680461359580870673e-02 3.773968665606360073e-02 1.569336678903730103e-02
6.867496126970229486e-02 3.782728401531260110e-02 5.534212799167650618e-03
7.943470836730250062e-02 3.461795364574219575e-02 4.177394313971689865e-03
7.816311776067300099e-02 3.432491466701730748e-02 1.297120287544539959e-02
6.571948528000000345e-02 3.795733689999999938e-02 1.248298764000000012e-02
7.406012219073890290e-02 3.317685940696910030e-02 1.460717448812330101e-02
9.048568463277251173e-02 3.466510747443680290e-02 8.193475926077180629e-03
8.645214745910190235e-02 3.558834311923200072e-02 8.588238240508500043e-03
4.579021453999999880e-02 5.052875042000000427e-02 6.468523501999999537e-02
4.609602508033820017e-02 5.018912938876730206e-02 6.176593747572699938e-02
4.913809715839109749e-02 4.937874966880120148e-02 5.705917210464310496e-02
4.531167259237769973e-02 4.843517252791430111e-02 5.927756666117730416e-02
3.725105598163680476e-02 4.798916834687850380e-02 5.095838566999790625e-02
4.163485997180170484e-02 4.627993195049800307e-02 5.277479394245740418e-02
3.819696778910409984e-02 4.814616121492529960e-02 4.719218121194369842e-02
4.643695482323070139e-02 4.515830967820280012e-02 5.069202408006490135e-02
4.846553242209110379e-02 4.487073067317449981e-02 4.805409965301540159e-02
4.524361190336620431e-02 4.752645739832289662e-02 5.331664222930750097e-02
3.938539335750410042e-02 4.578211079049290116e-02 4.950921202296260093e-02
5.066433540275230157e-02 4.540383947860190256e-02 4.965838211850959888e-02
5.626753314032639786e-02 4.693371521458220008e-02 5.110801804364990125e-02
5.780389783717630042e-02 4.584322109529440081e-02 4.797495390909720103e-02
5.100640107526770162e-02 4.347522331324049638e-02 4.718195812668940503e-02
5.861379169045790455e-02 4.234850196593350352e-02 4.156069718216630349e-02
5.514089584000000238e-02 3.963095903000000281e-02 4.128412247000000368e-02
3.348164247753889627e-02 4.910584350634430301e-02 3.710924396481709436e-02
4.873317002999999481e-02 5.342401742999999814e-02 7.116352319499999468e-02
4.960920083449889967e-02 5.178083655955180442e-02 6.934643683571570238e-02
5.261011067313500073e-02 5.043062373350969824e-02 6.917772176952768914e-02
5.977326713900320276e-02 4.465249239568740147e-02 8.810023811644239478e-02
8.575467504245060102e-02 3.504505747013210437e-02 8.022542611619200292e-02
8.488623530418309970e-02 3.378334209460470000e-02 7.759959953273430633e-02
8.339291566968311253e-02 3.604912444921690162e-02 8.088914840310730547e-02
6.296344746977811102e-02 3.928885398157679759e-02 6.591773668411420040e-02
5.914743368671499663e-02 4.553102960754589618e-02 5.864866941085230406e-02
6.203767426919999661e-02 4.049988665498999857e-02 5.972984935370780069e-02
6.011735205940569454e-02 3.909005383423089924e-02 6.326902604759990223e-02
5.703903288626229612e-02 4.044029329532530109e-02 6.976582573334819126e-02
5.350816238834499999e-02 4.822418347927750343e-02 6.717088968821489925e-02
6.022852451927349776e-02 3.911903101598390026e-02 7.181373803348439777e-02
5.870381994064810538e-02 4.092458330242320502e-02 8.271854938372770472e-02
5.595607837900050396e-02 4.255484505786109872e-02 7.892767669169799272e-02
5.705788632071109867e-02 3.802295731456950545e-02 7.845844761240819421e-02
5.706737735064260075e-02 4.088438123521710016e-02 8.015261905647980134e-02
6.088325431045790020e-02 4.237826551651050627e-02 8.452564938345849543e-02
5.674978813322400367e-02 4.458803645094260720e-02 8.487923414651470100e-02
7.771561086467550228e-02 3.180176051460339992e-02 6.047889426983640154e-02
7.683484934479839490e-02 3.364989077154469793e-02 5.675638688306650081e-02
7.057398319000000864e-02 3.357411385000000359e-02 6.287786006999999955e-02
7.705879315824719356e-02 3.098658046478010297e-02 6.357058379692899497e-02
6.607145613584980426e-02 3.927761066577929727e-02 5.820714351153150057e-02
6.162623337539530066e-02 4.192903003659459449e-02 9.152782729709239840e-02
6.292042455786189814e-02 4.204908721245430303e-02 8.944686113946040407e-02
7.005368619117059714e-02 4.093609772449319922e-02 9.259163595645659994e-02
6.749069244514480093e-02 4.121090230736010329e-02 8.948962716280209340e-02
8.231871036317450763e-02 3.964726950204550127e-02 8.904697732539340604e-02
7.859391610781790716e-02 3.751241626865300244e-02 8.975937557320230742e-02
7.107121467999999442e-02 4.046266079000000043e-02 9.104337692000000204e-02
8.002101529346160314e-02 3.850984653988250017e-02 8.504574211592330624e-02
4.065018452502870000e-02 5.342008308308059811e-02 6.409298224932709342e-02
1.111490460525860063e-01 2.821143043011069967e-02 4.660083486150470161e-02
8.129764150241720888e-02 2.993049737934089932e-02 6.310792839405690580e-02
8.732554703283269826e-02 3.036879379366120082e-02 7.258905923609990096e-02
8.770208061315799830e-02 3.390443355617750454e-02 7.684534222397880476e-02
8.744021770238340208e-02 2.972643844178299993e-02 6.912092949630650740e-02
9.354147494579151401e-02 2.874942548243570109e-02 6.098568294267280726e-02
9.165435432479820954e-02 3.205402832782610484e-02 5.782574852087839917e-02
8.860476633911471001e-02 2.856498208278800133e-02 6.092992997045180298e-02
9.037254823841510409e-02 2.677852369706430063e-02 6.386740315387690048e-02
9.693600169641120035e-02 2.819166969558029728e-02 6.146574177513760423e-02
1.014652064963170036e-01 2.784294834757830225e-02 5.453414460096010080e-02
1.048942383815800045e-01 2.770935969066869869e-02 4.896473672873550426e-02
1.010267639000000106e-01 2.853731393999999963e-02 4.898694992000000165e-02
9.812065064533830039e-02 2.743174711188460166e-02 5.648648986428000257e-02
1.007345274335520041e-01 2.689654681404740275e-02 5.902221074271540163e-02
9.903787829282539867e-02 3.771563558055309601e-02 3.671167193130769977e-03
1.028007301327630019e-01 3.441014256596999776e-02 5.200033697536610676e-03
9.722459847407831368e-02 3.523264390253169620e-02 6.845421746142560035e-03
9.349127741892139520e-02 3.526472705745410663e-02 5.799038026041970079e-03
1.067407224298320134e-01 2.769079943878200237e-02 3.962128513604270402e-02
1.122292083850980060e-01 2.857639251628920143e-02 2.308242284985830006e-02
1.095566762336930011e-01 2.496587480733139866e-02 3.747739152979580324e-02
1.153643451899769995e-01 2.811653162839389958e-02 2.090491605781720150e-02
1.067186590971630072e-01 3.215092501993820073e-02 1.149798085244749940e-02
1.091895849595409945e-01 3.027051911372869927e-02 1.491945566770390072e-02
1.116549485442560052e-01 2.962977629208689984e-02 1.895087140816210242e-02
1.149922511298610006e-01 3.100393007553400165e-02 1.861344100701920259e-02
1.127670808434620003e-01 3.018460761216359978e-02 1.494041985366239937e-02
9.997836926368559862e-02 3.321260406853139557e-02 6.893315704405750428e-03
1.051514410700540025e-01 3.027768320806520017e-02 9.209631864612950053e-03
1.065069246500000011e-01 3.207213878999999601e-02 8.159701226499999419e-03
3.560422659000000295e-02 5.508801698500000177e-02 2.149836182999999984e-02
3.343316375306609745e-02 5.532273154150180172e-02 2.091380970255700064e-02
3.182961194971100499e-02 5.384999129251220179e-02 2.531448716626779824e-02
3.194620634674069648e-02 4.874651811063429596e-02 3.304488251392380394e-02
3.337705861412069985e-02 4.586733080323850131e-02 3.393376955850270493e-02
6.145372391000000073e-02 4.292604445999999990e-02 3.435848475000000124e-02
5.541904005801090438e-02 3.970070185157750092e-02 3.480307536769569610e-02
3.914799194451890063e-02 5.142353607962880241e-02 1.071854415411259941e-02
3.742969449394530079e-02 5.135034507671589615e-02 1.617153641901190181e-02
3.489819122403980262e-02 5.294863288108989791e-02 1.652034916071100021e-02
4.302016199056819812e-02 4.710980095733999923e-02 1.248884881081829996e-02
4.340099106335689599e-02 4.550841815025769704e-02 9.967397932831769530e-03
6.707792791833459833e-02 3.778577135747920174e-02 2.730451523420250257e-02
6.754030936511649930e-02 3.651509105749170536e-02 1.882817763989949947e-02
5.993255810755489937e-02 3.994330382784840733e-02 6.993713182293389945e-03
6.218569145808670179e-02 4.059755815763419623e-02 5.366626328191020576e-03
5.588950358511139693e-02 4.064788621832900184e-02 7.369858791576730343e-03
5.329447259621159644e-02 4.346429916682600231e-02 6.564902277868870338e-03
7.221783007447910019e-02 3.555887452834410184e-02 5.207015972165170148e-03
7.678382399128499958e-02 3.307862168931860469e-02 1.094395307750249853e-02
7.949996329841299558e-02 3.280919907571269722e-02 7.558956443934410421e-03
7.329860791110440199e-02 3.443205362253060065e-02 1.119734421953869942e-02
8.490000590443680384e-02 3.665654664442379723e-02 2.426407020334219768e-03
8.262148019236631447e-02 3.383414275411740502e-02 9.888603905178490472e-03
7.512979830805810444e-02 3.248682941427780135e-02 1.740789750700310126e-02
7.012832858040170259e-02 3.480122417772830296e-02 1.348591227497260119e-02
9.394834257903759978e-02 3.738823401315499728e-02 2.140516915622480039e-03
3.848996878000000149e-02 5.027128220000000314e-02 6.104463100000000197e-02
4.407561855628910202e-02 4.687275071361730189e-02 5.655005083133669841e-02
3.894217320538850141e-02 4.720611461034320000e-02 5.228001766159429825e-02
3.747189032595630437e-02 4.962160076972560452e-02 5.800469326303480527e-02
5.587714605728159867e-02 4.111040251107849625e-02 4.417015629094390300e-02
6.211119157241459798e-02 4.213440389794290142e-02 3.972623503322970234e-02
5.892886183794720373e-02 4.053523968418529938e-02 3.884952135732390455e-02
3.432484552716739967e-02 4.679095869231770372e-02 3.958126054319709847e-02
5.015259676591760085e-02 5.029506627371810312e-02 7.134759944463350823e-02
5.229163555364900462e-02 4.646569289695030164e-02 7.186591023800870115e-02
5.822545588666400151e-02 4.247363907584120191e-02 8.551082579966910735e-02
6.055885255531139738e-02 4.302121948126930162e-02 8.707557573202329149e-02
8.514646475246109847e-02 3.131129640497690159e-02 7.338941856011439724e-02
8.516920568004510139e-02 3.063620187748950299e-02 7.576410281015300008e-02
8.304009612989490807e-02 3.271164700168859713e-02 7.663003740777350747e-02
5.679221057416140167e-02 4.410233875456869707e-02 6.092057220865370465e-02
5.674644513758360376e-02 4.117448557847790125e-02 6.193178888163520385e-02
5.821899603240419940e-02 4.194228881635470030e-02 5.758496112407830020e-02
5.391061920097139915e-02 4.114064063891129802e-02 7.570081575936710161e-02
5.531058209662780001e-02 3.930852528749880642e-02 7.667775510281110707e-02
5.376821787860539686e-02 4.328616121898060110e-02 7.337404076881511028e-02
5.339319922467490598e-02 4.209539761092919580e-02 7.043737881971059989e-02
5.474785007455260089e-02 3.965479322724750622e-02 7.249270559336970510e-02
5.767690226883019633e-02 3.794768776660030485e-02 7.336573109962860051e-02
5.172819137999999650e-02 4.623504162000000028e-02 6.481635570999999540e-02
5.400131748627669953e-02 4.355677995084560050e-02 6.499619329501560294e-02
5.381202067408130674e-02 4.048580576896899930e-02 6.798114604567810637e-02
5.545075483532080352e-02 4.240780061539390494e-02 8.212182638257850553e-02
7.476229269482390083e-02 3.463540919503270421e-02 5.432041177390550118e-02
7.415408905038950449e-02 3.205883471373820182e-02 5.718309968942720395e-02
7.010048879819680279e-02 3.626683247131140542e-02 5.512088295798400067e-02
7.402107234796659330e-02 3.069660546308679988e-02 6.179752665476480333e-02
6.894445305435339955e-02 3.994183460165569993e-02 5.353802745399669633e-02
6.520555469937799886e-02 3.623343704876230004e-02 6.013087003797799868e-02
6.542657703180949913e-02 4.010780551129879828e-02 9.282107829576649594e-02
6.342776250192680432e-02 4.107722429047859503e-02 8.878070377154860526e-02
7.613339838309289564e-02 3.830001147148149460e-02 9.322319933094860844e-02
7.271794292415470484e-02 3.845598551406529536e-02 9.263346456240580118e-02
7.469704570607520189e-02 3.963537712005350128e-02 9.014202727331399601e-02
7.600847380063589787e-02 3.744408762517419803e-02 8.964236981023890327e-02
8.135609359762020765e-02 3.682279741811090440e-02 8.154210814515630568e-02
4.741428365420890384e-02 5.047536415702150170e-02 6.938163878584710509e-02
1.079208193664809995e-01 2.810236154328570046e-02 4.457050774889040334e-02
7.972349644000001345e-02 3.230173588000000151e-02 5.874666213999999581e-02
8.878473758500000923e-02 2.834004998000000039e-02 7.301554441499999437e-02
8.833537154069640018e-02 2.767941591024960027e-02 6.996792025051669361e-02
8.784879536827300273e-02 3.100088188452789981e-02 7.572865324836650092e-02
9.180325411645670619e-02 2.723120251821430082e-02 6.773648897418339809e-02
9.010613237775540185e-02 2.931824102903650073e-02 5.579448280550420441e-02
8.635483490766519832e-02 2.891728401693630102e-02 5.904023700283970305e-02
8.796959632722679834e-02 2.673612754011980147e-02 6.669703798005489903e-02
1.049313438341230031e-01 2.551075646236310168e-02 5.408839800030330186e-02
1.075990427866510002e-01 2.651093327853000156e-02 5.141251408649669813e-02
1.020747064080750055e-01 2.809961872236790142e-02 5.141363319003720150e-02
9.574208673376230494e-02 2.502586791909660116e-02 5.518988099371720246e-02
9.451001030069919318e-02 2.675657384583840157e-02 5.798778013598330366e-02
9.524703850741059186e-02 3.332223001983949939e-02 8.515179696473950885e-03
1.120395709700490045e-01 2.568902142945930084e-02 4.225124308562779735e-02
1.080153396263419940e-01 2.552064273752209858e-02 4.180443033206859837e-02
1.092644398708949999e-01 2.584529406209739796e-02 2.470441401267660028e-02
1.107437471535770018e-01 2.266492393084229909e-02 2.917804058968760314e-02
1.074230497043919957e-01 2.339640622866170222e-02 3.104172175918380044e-02
1.131987315967100116e-01 2.444656847236990199e-02 2.941225056449120120e-02
1.112933200222920027e-01 2.321492417141090073e-02 3.229154244649200256e-02
1.071976176952069981e-01 2.602647122305720012e-02 3.675127503198549750e-02
1.134623035986439959e-01 2.599392320289560174e-02 3.892245415411890036e-02
1.097380431498260062e-01 3.036291482136289910e-02 1.130349409561090014e-02
1.031537317474549992e-01 2.844001150970760020e-02 1.113169092416770034e-02
1.063747338278270005e-01 2.833923795364200193e-02 1.490200001066020047e-02
1.091878986855970013e-01 2.820691067574790031e-02 2.036179641602580206e-02
9.916003160422050267e-02 3.043727665755260187e-02 9.375116176752689920e-03
1.020905015317190023e-01 2.992742311810850028e-02 8.113639098427371035e-03
2.966189881356059987e-02 5.562930370527049972e-02 2.318652807565730126e-02
3.180845117422999996e-02 5.158957508414729887e-02 3.038488954449080140e-02
3.213384333809569948e-02 4.690159922797310088e-02 3.430391471898000533e-02
3.276827945793360508e-02 4.886677113257319877e-02 2.685366596252580090e-02
3.188961943267479976e-02 4.587040545182909795e-02 3.067932506992050029e-02
3.563809028237729937e-02 4.588039202693570268e-02 3.986126655456809914e-02
5.790304856365180441e-02 3.836800428117990297e-02 3.019979707614859829e-02
4.073567962317230229e-02 4.713611649150820093e-02 1.080937050030829870e-02
6.132048295821410089e-02 3.896451865034229745e-02 3.254175132785810248e-02
3.476899121412829752e-02 5.309216717582480177e-02 1.383048419864070164e-02
3.645779168480420274e-02 5.135722283174069813e-02 1.363900606345080056e-02
3.257397401988419705e-02 5.462753645198470398e-02 1.685240062789700177e-02
3.528242940481050166e-02 5.262445085130940114e-02 1.854381586295050094e-02
4.631254518643130452e-02 4.339295605823290103e-02 9.066790256820431160e-03
4.164747679924560297e-02 4.773686848933320070e-02 8.990061673184609331e-03
4.440187172489120510e-02 4.437277522255660134e-02 1.161640889966890008e-02
4.825395689180080050e-02 4.143970889511499472e-02 7.512361651561940204e-03
6.490599658062219668e-02 3.969103129719130096e-02 2.894340494563699823e-02
6.072418567089619967e-02 3.542988691207460406e-02 3.105700529515840330e-02
7.027537441916260896e-02 3.629245841060779743e-02 2.326123774983679740e-02
6.486915784179229927e-02 3.389897740005130139e-02 1.928758388896140152e-02
5.340524140567660255e-02 4.087051863998210355e-02 9.284675324501379806e-03
6.432325033758390376e-02 3.837283324882110463e-02 7.354543643368340218e-03
5.769881669789479750e-02 3.864555156956220316e-02 8.300277737307598658e-03
7.567444467475929748e-02 3.128318317863550135e-02 6.965262570462820053e-03
7.727658693882359653e-02 3.108002656911020012e-02 3.732167724993750140e-03
7.249488975472179186e-02 3.442823484096879660e-02 8.042371333407750608e-03
8.664967085969860205e-02 3.504888277217320380e-02 5.295521983858639606e-03
8.309431262963980214e-02 3.320791822084049466e-02 3.150308600587620102e-03
6.618710755999999973e-02 3.564930677500000034e-02 9.806320070000000902e-03
7.163310570920279619e-02 3.123454157208780183e-02 1.804390483129229839e-02
6.916774177014829716e-02 3.341071971168339816e-02 1.684096853532570173e-02
6.858519915576680170e-02 3.536075235884320045e-02 7.124714636011550591e-03
8.845199601372140397e-02 3.470609791035939723e-02 2.264640305435930076e-03
8.898792903388259845e-02 3.230635110180549857e-02 5.291052361187230380e-03
3.963270188514560199e-02 4.677492661233650234e-02 6.036650552131950231e-02
4.269519646149049635e-02 4.810661967527170291e-02 6.381376039074049267e-02
4.754455089999999606e-02 4.898257255499999935e-02 6.026707649000000167e-02
4.358640681714359699e-02 4.625368070677519927e-02 6.054970375691880180e-02
4.708595806009580054e-02 4.592526124819020644e-02 5.849349582557329674e-02
4.156430564678970097e-02 4.517177182661200052e-02 5.691589326910430346e-02
3.803094975176180004e-02 4.722507182745210030e-02 5.661601194221060201e-02
3.665620775780650126e-02 4.550005090549500558e-02 4.967117196072280000e-02
3.935649130130840223e-02 4.540543380491440101e-02 5.392024394441330415e-02
4.440284980257640235e-02 4.508577827191909831e-02 5.377385089768979554e-02
3.412595986999999997e-02 4.578295708000000575e-02 4.798586844999999657e-02
3.584416105144129505e-02 4.595935030836359458e-02 4.616823851613720275e-02
3.728552492564660148e-02 4.503528110901820064e-02 4.605349567824249674e-02
5.131182517410429883e-02 4.726475843371470004e-02 5.967002352639070445e-02
4.978622514725539877e-02 4.445411403424890523e-02 5.724779106707399839e-02
4.715220765451240414e-02 4.558619160810489790e-02 5.500635497103480154e-02
5.587788582000000753e-02 4.678659915499999711e-02 5.654972075999999820e-02
5.647057819026950198e-02 4.365484535951800332e-02 4.981621258283470272e-02
5.410185774778820261e-02 4.342192210469800195e-02 5.481066617580469813e-02
4.989252531563950072e-02 4.274191972157429659e-02 5.045379481860850363e-02
5.760562830427470166e-02 4.235169910532170234e-02 4.780243241460249704e-02
5.382613618848509918e-02 4.106760837434200034e-02 4.876489206107779972e-02
5.543136238403070098e-02 3.989616819594309777e-02 4.537986122010290169e-02
6.268088388058180860e-02 4.170585263765220346e-02 4.515097890871099667e-02
5.889901314233440127e-02 3.944107462660080554e-02 4.423434128195089660e-02
4.888191222999999780e-02 4.933571814999999916e-02 6.637666702000000196e-02
8.092438054336260900e-02 3.353562718105690399e-02 8.006404839486529201e-02
8.291028944073519646e-02 3.351136566366019753e-02 8.361837852702909413e-02
8.137641158745770320e-02 3.435761679491280279e-02 8.291328647919410377e-02
5.517445357052749855e-02 4.635619214902170215e-02 6.163253645953559873e-02
5.529530432268560391e-02 3.898669922416449912e-02 6.371290296660030161e-02
5.555216022304300394e-02 3.747909592776670074e-02 6.707905003988770543e-02
5.837413611447739986e-02 3.813549985974609702e-02 6.939337933057859731e-02
5.967801390164589881e-02 4.453657760924480125e-02 5.494371830282519797e-02
5.864084924672720300e-02 3.863738240829620030e-02 6.003566189443740320e-02
6.074907957276910048e-02 4.124946993139410462e-02 5.572592511224969819e-02
4.895079396584100379e-02 4.848391495756190078e-02 6.868866755347249886e-02
5.598278083037370317e-02 4.152874206795940243e-02 8.380228815786540386e-02
7.281545536383671191e-02 3.767376303525040576e-02 5.382252891368540654e-02
7.105433965889720871e-02 3.102745072892980002e-02 5.882653761363899891e-02
6.742030001515370019e-02 3.697563859557929933e-02 5.646677798077149452e-02
6.407431732240989608e-02 4.042263273671919954e-02 5.582042586686369878e-02
6.259939430815329720e-02 3.771645440953489553e-02 5.983376042902779912e-02
6.756093560343930104e-02 3.352453636865290049e-02 5.842052527504630610e-02
6.458792343957810156e-02 3.984496919500239709e-02 9.417495558000149591e-02
7.019704298148039812e-02 4.090970747166340626e-02 9.413126297544871512e-02
5.875958067006820107e-02 4.067030788371239769e-02 8.821724043386490466e-02
7.962721189088758922e-02 3.676537710659959907e-02 9.068522326202380079e-02
7.744275763370320198e-02 3.722182399818729781e-02 8.757612661363931017e-02
7.568036437124998905e-02 3.681465655249999830e-02 9.155033707500000173e-02
8.004168554866339380e-02 3.518339396270710184e-02 8.562346642933960084e-02
8.189028912775669911e-02 3.635912061163610459e-02 8.739282199490031044e-02
4.481842003801170260e-02 4.761947486825739845e-02 6.785633606931240625e-02
4.181375026999999828e-02 5.030073166000000040e-02 6.595537663000000661e-02
1.031903642783459918e-01 2.801492488572270012e-02 4.566387789604250264e-02
1.090555977662770043e-01 2.590266725960919947e-02 4.854425100122310155e-02
8.306333498463390475e-02 2.944819931476690134e-02 5.965341000830579749e-02
8.162675464372759482e-02 3.061378720364369907e-02 5.759297906089530517e-02
8.572167198877589378e-02 2.815451889919779946e-02 6.182561503364530225e-02
8.014886215790630042e-02 2.931757692205529814e-02 5.858714245294130429e-02
7.739597212252440073e-02 2.877284318288260076e-02 6.106323518385730481e-02
9.153267099438869292e-02 2.763991719747579956e-02 5.717380853025579718e-02
9.083183984100560993e-02 2.660239840911550122e-02 6.078629403295660039e-02
8.614274975329250239e-02 2.897594760791650029e-02 5.633093904365350096e-02
8.689485778639570446e-02 2.414645772567429807e-02 6.132089147093140041e-02
8.943310351145379589e-02 2.560482037691280341e-02 6.694105707874349609e-02
8.823015212999998913e-02 2.436244011000000126e-02 6.429634570999999410e-02
1.030121592919100021e-01 2.583967499364219975e-02 5.642428907564900342e-02
9.532632460635430405e-02 2.692712690425409783e-02 5.222295381801800307e-02
9.842749673464600002e-02 2.476750630011429963e-02 5.327593498250649678e-02
1.042546339812719935e-01 2.983814264498600016e-02 6.134491362999250179e-03
9.640868428516551070e-02 3.387631471586180498e-02 2.975213679316130247e-03
1.121991145846580051e-01 2.513230987519360013e-02 2.348081471078190124e-02
1.153761534668650141e-01 2.638561477754770151e-02 2.437541105220909776e-02
1.136257416332110137e-01 2.378558771774480149e-02 3.527015408428980231e-02
1.141647141577770003e-01 2.271906182182999862e-02 3.040054610188689874e-02
1.062390144065279984e-01 2.320906510203949932e-02 3.496241702209899882e-02
1.092280617976700008e-01 2.146256390089990376e-02 3.489136723312770416e-02
2.976957720246799916e-02 5.486833478636830158e-02 2.655690349999999950e-02
2.908672745084570077e-02 5.241711226648169963e-02 2.793939831029130030e-02
3.051987828998510219e-02 4.970744974017019674e-02 2.788503492184590121e-02
2.943405259009140157e-02 4.981088076113610041e-02 3.026727175292940122e-02
2.926736617329709841e-02 4.622790153369699812e-02 3.075083107789289977e-02
3.291648704090759797e-02 4.406798813707710205e-02 3.771310368991459550e-02
5.993081891869609518e-02 4.009542666842529773e-02 3.494907756333800325e-02
3.959061784421580299e-02 4.653919961419040324e-02 1.261555219261369966e-02
3.678388209017980498e-02 4.795804630271390673e-02 1.375976418058429997e-02
3.498878336333390016e-02 4.869481973994459895e-02 1.094443951432570034e-02
2.982455286638829861e-02 5.377372920906579867e-02 1.891977471116260134e-02
3.409485199393880173e-02 4.947313694788540300e-02 1.395443167182800100e-02
4.416606851453330068e-02 4.384136817376290546e-02 7.518713855930980391e-03
4.927312927627180289e-02 4.241038723194189702e-02 6.158893693908970568e-03
4.882199233778070080e-02 4.048484461607600171e-02 9.221197075457489636e-03
6.409333093563709949e-02 3.662777960595610394e-02 3.007576883615370109e-02
6.307759711706349692e-02 3.368278922005190495e-02 2.816502316568440106e-02
6.360422696201149806e-02 3.417929228327599989e-02 2.372423665012230246e-02
6.619537740500919254e-02 3.512553945965579683e-02 2.757721101059780119e-02
6.878426526788039563e-02 3.299713381785870231e-02 2.099687081868499908e-02
5.952177234340350065e-02 3.740849993063329743e-02 4.378125049961550594e-03
5.509981525408060715e-02 3.949490308388770021e-02 5.003521002653489765e-03
6.441186518278739503e-02 3.779255987474620243e-02 4.764815877419179349e-03
6.227404594000000154e-02 3.627524852999999827e-02 7.659085989000000323e-03
5.265869864475939549e-02 4.043238051630840268e-02 7.174484797802570604e-03
7.296503067000000009e-02 3.322885275000000277e-02 2.071331738999999950e-02
7.402797962252180564e-02 3.142571782532470326e-02 9.706264509963260026e-03
8.114647676295991263e-02 3.081554406549049871e-02 4.083621442068099960e-03
8.402201236484460600e-02 3.195275232786150277e-02 6.404583019707949833e-03
7.039177591497980391e-02 3.364429914449250381e-02 9.922656173154858691e-03
8.062653277150690079e-02 3.045101056246849944e-02 1.139056718782380066e-02
7.795230349651820212e-02 2.877557757690379914e-02 1.433840966157329949e-02
6.679516945465729938e-02 3.364920783436439744e-02 1.481833998221200079e-02
7.308583869257799515e-02 2.943606950378849924e-02 1.548670444235740115e-02
6.916228568766349949e-02 3.002313409433710056e-02 1.409448223212730021e-02
7.288364982134210024e-02 3.084101184245779947e-02 1.258882060060880111e-02
9.299725779086530364e-02 3.339199523997560259e-02 2.371410432498939885e-03
8.663554258965180943e-02 3.200719470043759951e-02 8.272653849677869334e-03
9.380658633129110302e-02 3.151230818649840282e-02 5.930809819130170371e-03
4.717933505646230291e-02 4.633945280443440423e-02 6.307833637690800355e-02
4.618914714425000068e-02 4.740373098526840662e-02 6.647540585198820351e-02
3.611433077121960211e-02 4.858211632976990740e-02 5.571936990466019868e-02
3.589575245148809990e-02 4.459229440671839961e-02 5.408189412009509894e-02
3.159867743276519730e-02 4.592611063354429951e-02 4.110835285241630499e-02
3.462867439915879447e-02 4.566285543665350027e-02 4.366454630845099938e-02
3.651355876086510160e-02 4.527640685804430049e-02 4.352201984343490038e-02
5.302419587727329880e-02 4.451926612570620417e-02 5.759423944271500201e-02
5.700120623268910280e-02 4.255144898204830245e-02 5.288642143555240260e-02
5.135350536814880379e-02 4.100668302800819509e-02 5.364765722139740178e-02
6.137737460686980284e-02 4.285793686475290049e-02 4.833995829132459870e-02
5.944181466437930411e-02 4.433363809947270251e-02 5.075942261944400152e-02
3.003425505286170041e-02 4.596478332807490269e-02 3.642815549553959920e-02
3.179942779319409885e-02 4.526902861136610640e-02 3.729046832074259937e-02
5.599555958798689559e-02 4.339615891227049937e-02 8.763698287182419833e-02
5.875397448279729568e-02 4.132122702025280148e-02 8.893891205712259329e-02
8.549774335762901079e-02 3.175089195090070177e-02 7.923375810464500235e-02
8.258099588114660439e-02 3.175111463827769848e-02 8.010212328086789568e-02
5.411095381565309698e-02 4.048269418007750114e-02 6.458369493502280623e-02
6.140719891000000208e-02 3.727103472000000556e-02 5.597502232000000494e-02
5.152595339551720166e-02 4.399497532497780028e-02 6.800992431395870563e-02
5.563110643865540328e-02 3.598538638911980697e-02 7.035203570784920313e-02
5.604813902835500267e-02 3.915206474932610148e-02 8.362984957501000405e-02
5.371870615843359759e-02 4.032608277403480074e-02 7.933853880162811123e-02
5.469653989758369722e-02 3.940284799318499731e-02 8.128954270435660712e-02
5.427374116931309861e-02 3.640787114335419794e-02 7.402858704052960037e-02
5.402023365028180146e-02 4.241391242064840306e-02 8.497632258390400151e-02
7.601661557236170930e-02 3.128348077237620012e-02 5.323275011891420022e-02
7.681280118725679340e-02 3.022557807648290282e-02 5.761671034179779993e-02
7.102504426589119346e-02 3.299224122810449911e-02 5.514541826685880055e-02
6.325406669352309774e-02 4.242580601290170395e-02 5.342364268269990391e-02
6.540321044957289609e-02 3.781544026128649816e-02 5.333201765652299808e-02
6.407569099654550349e-02 3.541357923615500586e-02 5.675901295076080100e-02
6.716129640279470958e-02 4.047120421298090048e-02 9.416739902020090924e-02
6.174732809371379777e-02 3.953895744592830080e-02 9.186315373531700468e-02
6.670664309999999042e-02 3.861085176000000202e-02 9.175697327000000014e-02
6.453076127637040471e-02 3.927913420173199943e-02 9.060440427974690569e-02
6.129651626165720513e-02 3.866960945437330349e-02 9.040991046271640297e-02
7.827862714060469795e-02 3.744704478432870492e-02 9.269155715341979851e-02
7.166142975053840791e-02 3.819953193277059872e-02 9.552862090504639359e-02
7.675854830925919747e-02 3.407802661543289646e-02 8.827311069375180785e-02
7.321984348638009565e-02 3.702091641851610465e-02 9.081192327145960752e-02
6.894604637634040023e-02 3.741549104177799984e-02 9.332975350956920768e-02
7.964697312986809830e-02 3.533816885956130027e-02 8.316468928324390053e-02
1.097012046091939974e-01 2.352923415858790279e-02 4.507265180204630267e-02
7.995090566817621147e-02 2.779373493076640195e-02 6.067399100261779837e-02
8.662386898641100119e-02 2.688547443502349935e-02 7.514006880404790201e-02
8.998833001282741106e-02 2.658235326862260287e-02 7.031833060829049964e-02
8.501744368591589163e-02 2.601847089609009983e-02 7.305970247038669207e-02
8.529029363818280141e-02 2.579683427209030280e-02 6.966919655941759826e-02
8.341593921468809514e-02 2.809055953410780071e-02 7.367239861400379231e-02
8.899986667977739796e-02 2.698016604736690194e-02 5.855102949405509988e-02
9.192193438558929341e-02 2.406551555085850030e-02 6.519684951843721099e-02
9.388252499796240214e-02 2.438009335647020256e-02 6.055039247691230281e-02
1.029664824310670135e-01 2.525391571158300263e-02 5.267631155744340044e-02
1.065619342243410012e-01 2.247061635138240115e-02 4.922645479910300187e-02
9.984613469726599799e-02 2.531382660685069924e-02 4.700964173963519815e-02
1.010368797805350077e-01 2.512481713882730103e-02 5.062334292793350260e-02
9.742746123662281155e-02 2.572096038896480238e-02 4.989274366657010101e-02
9.246653990853960503e-02 2.516162586637190127e-02 5.511577978526319838e-02
9.752666147665790819e-02 2.479708039878890033e-02 5.862118654115729827e-02
1.006118297999999966e-01 2.366875648000000068e-02 5.653506278999999995e-02
9.951439088978290826e-02 3.305305484139690192e-02 3.685185241278610049e-03
1.012554445388030022e-01 2.947344095712819967e-02 4.563959743380099909e-03
1.050587744600589984e-01 2.393652101196779708e-02 3.875632550676409716e-02
1.043659750314320095e-01 2.606509724323620089e-02 4.222465379136050578e-02
1.079481285878849950e-01 2.348449054585299844e-02 2.734342878865070325e-02
1.145758346574780040e-01 2.369890078297810093e-02 2.691237570956090189e-02
1.113380187169660113e-01 2.246421016546110150e-02 3.988676400242790326e-02
1.068653949691409921e-01 2.778211417889070098e-02 1.149574417182309960e-02
1.103868989288330077e-01 2.740385752539440181e-02 1.698570517480599978e-02
1.116158823424040075e-01 2.636490374713330170e-02 2.042269344239610110e-02
1.142010061609550070e-01 2.811773802922359899e-02 1.755906616835749973e-02
1.111425202124860095e-01 2.717279880066720069e-02 1.276257177348440013e-02
9.711191697288709679e-02 3.041358991482289928e-02 6.393837658751830300e-03
1.043010247071610025e-01 2.701741400738589746e-02 9.361123709574410354e-03
1.066105259511000020e-01 2.811952256638710138e-02 7.955462270208959324e-03
3.361066817999999734e-02 5.355133533000000501e-02 2.074657678999999866e-02
2.966178652812979932e-02 5.248200357016919587e-02 2.184136288894530237e-02
3.077729702000000025e-02 5.161878109000000298e-02 2.413463831000000129e-02
2.848235130000000351e-02 4.675435065999999917e-02 3.159394503000000076e-02
3.120901365248869921e-02 4.380433921400970348e-02 3.365780038524020246e-02
6.397770510776540354e-02 4.022737840847800256e-02 3.536444593820829707e-02
5.843451407613080295e-02 3.685540268498480043e-02 3.389598608214200448e-02
3.773713415423780165e-02 4.600253822314440133e-02 1.118286853193790030e-02
3.195416180992800143e-02 5.254002620434210236e-02 1.905032240222859913e-02
3.441312753376389588e-02 4.944836955676540358e-02 1.625195982364520050e-02
3.103877276960330042e-02 5.220048935441189836e-02 1.562578085059700139e-02
3.961235234722070009e-02 4.323103294846740441e-02 8.177190663445230157e-03
4.104384164663999607e-02 4.332637203443980012e-02 1.151203565253409999e-02
4.146405695505400030e-02 4.156169470132640292e-02 9.378339528278189716e-03
4.463189048118069990e-02 4.090127512233950047e-02 1.022802950418200130e-02
6.598305076326890783e-02 3.842882981147480170e-02 3.149414943250000015e-02
6.403474271476790325e-02 3.662050938831679786e-02 3.336336636757750163e-02
6.794713316367589906e-02 3.290729290234310073e-02 2.409955981589320326e-02
6.579747079523690090e-02 3.170323839535119786e-02 2.185123822231919977e-02
5.745324638255770028e-02 3.716110588875360526e-02 6.136421971005359861e-03
6.092502588185700479e-02 3.564208975136180096e-02 5.901324309311650404e-03
5.458887181364110303e-02 3.709219087757240074e-02 8.018826734455461458e-03
7.015662423038890316e-02 3.413036043485020293e-02 3.856865831510400151e-03
7.420649220678800229e-02 3.212361811751460183e-02 3.620983904441220196e-03
7.767393164166649933e-02 2.883549073422660147e-02 9.857184648072930128e-03
8.063093476976590512e-02 2.942017757711780368e-02 7.467679452847529945e-03
7.152157746066839517e-02 3.201317187314759588e-02 6.294874432198700222e-03
7.535696193904130313e-02 2.812469075747980191e-02 1.324260758777909969e-02
7.399031529702880527e-02 3.025851250956780245e-02 2.111701932410879959e-02
7.093641202337651330e-02 3.011194815951520262e-02 1.096315035007670163e-02
9.132062202574799115e-02 3.065235913760000139e-02 7.668751656725469705e-03
3.494718556529230469e-02 4.725337942888289955e-02 6.010469345546219644e-02
3.764981126605230349e-02 4.839445443194330398e-02 6.365754235569380526e-02
4.853647128409520339e-02 4.842570918072400254e-02 6.342656895759220259e-02
4.358664981520450621e-02 4.285282958099510126e-02 5.958592991308619968e-02
4.463244968709790400e-02 4.329856875977210195e-02 5.662721662568660080e-02
3.530875344449800612e-02 4.649371733508540078e-02 5.384333029035580365e-02
3.433842956245759803e-02 4.437981441119549786e-02 5.195639699200670092e-02
3.768853192165010080e-02 4.383244481810039811e-02 5.172348970998339596e-02
3.263186020461579517e-02 4.570404159271200528e-02 4.444776252308440395e-02
4.728700869760950332e-02 4.282832200410179729e-02 5.424958338499830113e-02
3.610131566494499677e-02 4.309850084058100550e-02 4.840343360875920542e-02
5.809578964998410311e-02 3.631873641369560285e-02 3.831933909695380003e-02
6.344053027320710469e-02 3.718693362531220320e-02 4.447090058519870270e-02
6.089368451086819845e-02 3.761231874276740189e-02 4.106963393820750596e-02
5.797109373955960238e-02 3.655376725811700089e-02 4.379949655693120281e-02
4.877257857120460144e-02 4.426284126775720251e-02 6.977989952978219668e-02
8.304902916414150238e-02 2.862738564448000234e-02 7.745608780145279981e-02
8.556872921077639249e-02 2.902662514180839870e-02 7.767544405465839907e-02
8.119524580153189564e-02 3.024964959731829897e-02 7.743559141755190778e-02
5.363071763603039638e-02 4.280659381388530332e-02 6.156798759921520287e-02
5.486869430906160527e-02 4.200759648603590024e-02 5.817091313137900260e-02
5.202259434830470292e-02 3.952515192405860189e-02 6.100003224505120419e-02
5.512951374000000376e-02 3.923085927999999528e-02 5.957791327999999859e-02
5.662856334128300168e-02 3.890567242894120426e-02 5.666790168892689439e-02
5.796474960269419607e-02 3.823450084052019970e-02 5.404224994797090370e-02
5.133263431324380094e-02 3.958151217548609713e-02 7.327889357340759691e-02
5.114279181750260028e-02 4.296201340337120478e-02 7.181755684289629904e-02
5.220883538747789904e-02 3.762574254724480177e-02 7.084266697353110154e-02
5.013029838083379874e-02 3.925991371265760005e-02 6.892189845214530264e-02
5.089082676140559841e-02 4.430682743228499948e-02 6.333198788985390515e-02
4.831502555494309598e-02 4.500171358560660362e-02 6.671442465131319222e-02
5.132763480628309977e-02 4.125943903684370362e-02 6.395974456023389987e-02
4.980185076882349959e-02 4.216713040744279883e-02 6.632235278310119608e-02
5.344065804514340490e-02 3.553396633064839771e-02 6.834924846294350431e-02
5.207798094572969883e-02 3.719466556247480460e-02 6.648431294878870412e-02
5.027013970142650556e-02 3.816350606831049597e-02 7.598698928091779381e-02
5.205626757297419915e-02 3.765192883364859577e-02 8.013340096615649555e-02
5.350182284516970255e-02 3.604569964312170222e-02 7.769453663517819630e-02
5.250187261919059961e-02 4.060586653882600205e-02 8.250658067355880199e-02
5.545056421946380210e-02 4.070539185699580120e-02 8.699133304346139128e-02
7.235984222412900069e-02 3.123378103020879940e-02 5.194020838720769806e-02
7.360288506992031243e-02 3.400409119440700456e-02 5.087550240970829807e-02
6.957105445679759304e-02 3.569307482332510079e-02 5.184342731630470213e-02
7.467290561195100151e-02 2.816223325047250217e-02 5.824441587110509855e-02
6.747984672036060061e-02 3.439085798972740110e-02 5.356278595330569992e-02
6.780511120113300039e-02 3.792457426179150076e-02 9.513919564851661126e-02
6.073138320268520185e-02 3.830056081341790680e-02 9.401764130343290282e-02
6.460318982375000407e-02 3.770291507124999553e-02 9.440341114874999107e-02
5.701495341574339820e-02 4.216081631338290669e-02 8.998747299114970288e-02
7.667066002060179963e-02 3.475538593066970078e-02 9.271356871362469720e-02
8.017444910823499915e-02 3.340979867476639997e-02 8.747433754747109547e-02
7.277026662356719799e-02 3.502243187405480046e-02 9.431882130854420121e-02
7.758285537434600476e-02 3.506381060865840227e-02 8.548783963645810446e-02
7.488329777467479798e-02 3.493434505832440640e-02 8.858255865359421222e-02
7.728453753919120595e-02 3.250444842330030282e-02 8.997064627945239312e-02
6.964928334497609563e-02 3.692342919722230166e-02 9.151060558834260561e-02
1.055706002040110031e-01 2.417692589023100191e-02 4.593513105760230197e-02
7.895377554635800432e-02 3.004537009852510307e-02 5.564508748739969979e-02
8.276232114296169784e-02 2.649803007051520012e-02 5.989364790615650525e-02
8.753462503773690173e-02 2.394724346219850170e-02 7.181682821614260304e-02
8.649900726181700139e-02 2.357498193785220048e-02 6.951168076647819272e-02
8.712441280559249379e-02 2.566682220381590052e-02 5.588314837104030319e-02
8.573952032414290658e-02 2.505049593417029916e-02 5.888416552817920396e-02
8.345296394047579946e-02 2.689943777711789955e-02 5.664503301003740582e-02
9.172069386352670051e-02 2.676672798931519978e-02 5.301598303407519669e-02
9.001982111638830164e-02 2.342625951522780275e-02 6.300545775927199332e-02
8.787886420449529667e-02 2.238543306700680260e-02 6.624095431587199989e-02
1.034114900404439902e-01 2.242406137839159791e-02 5.308537483916760114e-02
1.034006829238720004e-01 2.378140901980449820e-02 4.980574888587229604e-02
1.029258303797730006e-01 2.500361755254140034e-02 4.694226068731450346e-02
9.471513329241811052e-02 2.361389728110140085e-02 5.221402362998329993e-02
9.774474144000000475e-02 2.080245018000000112e-02 5.503705025000000389e-02
9.518253616406890938e-02 2.239827511480870295e-02 5.801553691169319960e-02
1.074416614296270084e-01 2.182656230449350060e-02 4.002177009756829884e-02
1.107718839337550054e-01 2.168781161417649914e-02 2.429164109213819908e-02
1.084295995032149990e-01 2.486092151170250092e-02 2.140106306450190177e-02
1.086511784656660068e-01 1.911828921221270239e-02 2.912986913906260092e-02
1.092521935826890056e-01 2.066262840115420246e-02 3.184466382682580449e-02
1.118207737754819964e-01 1.955863667890350016e-02 3.427332978711280370e-02
1.066865497894879944e-01 2.009098782662260135e-02 3.681004535803680117e-02
1.142601448817260057e-01 2.351787242804930303e-02 2.247371223155650299e-02
1.048349826159190035e-01 2.508763543166379895e-02 1.312141839721719938e-02
1.086568499478990091e-01 2.570748239683150194e-02 1.403429310420920006e-02
1.072567940000000025e-01 2.400626898000000203e-02 1.735475183000000088e-02
1.139553240756980002e-01 2.545727976229100048e-02 1.872756006488670091e-02
9.536254411721449553e-02 2.937992179223190142e-02 8.113482039499899864e-03
1.006201488089849966e-01 2.582091616609420021e-02 7.331412192667300341e-03
1.035880352061299969e-01 2.550663182418480210e-02 6.136987174011940271e-03
2.860964553196770205e-02 5.119546010884540310e-02 2.441193713759490236e-02
2.674160745385020105e-02 5.223390442781750131e-02 2.560153739126220379e-02
2.955889459448040116e-02 4.428178826942159863e-02 3.424400572813309646e-02
2.934376309903330080e-02 4.630246953294250151e-02 2.750572583905239871e-02
3.242285766216269904e-02 4.403667989318039988e-02 4.184548979194420426e-02
3.804055105419489741e-02 4.727795049345429740e-02 9.050165069456011027e-03
3.189533971609480323e-02 5.116247673893090098e-02 1.688921568251279884e-02
3.277123284248800034e-02 5.043199475066609955e-02 1.841489597669680039e-02
3.235784109812460396e-02 5.030638940407570342e-02 1.323590077418620135e-02
4.612288318374040130e-02 3.900783860418280402e-02 7.820367676423670492e-03
5.100462451175629547e-02 3.939329432187890084e-02 5.310621100234140177e-03
4.728148403801780281e-02 3.950859967629970215e-02 5.557378241429430238e-03
5.196793240176190293e-02 3.815038183527739990e-02 8.656260955286610922e-03
6.255561655614649830e-02 3.298070312345880578e-02 3.309018021284339944e-02
6.832558729868749847e-02 3.568874659100480101e-02 3.221166119017800089e-02
7.025061194421060307e-02 3.447348494603210550e-02 2.856443306629810261e-02
7.205636024000000583e-02 3.229610681999999650e-02 2.434223890000000376e-02
6.769961262953279324e-02 3.011882081074889958e-02 1.806394476140649880e-02
5.434033244759370329e-02 3.664045697783289979e-02 6.161840748678469940e-03
6.553016262264060865e-02 3.430256190780050368e-02 5.221438409323399948e-03
6.665472984000000989e-02 3.334127665000000129e-02 7.129652499999999948e-03
5.774141404775600533e-02 3.405247074825890063e-02 7.470671633392289915e-03
6.695695292612580118e-02 3.517450808666919976e-02 3.958699836947209873e-03
7.383375586870820351e-02 2.809756564428920328e-02 4.438015040118499684e-03
7.778939921299710125e-02 2.653363578692080268e-02 6.116469063680240147e-03
7.899816080866060852e-02 2.791833738376390400e-02 3.001924478121109977e-03
8.531723302810301224e-02 3.029179121971330158e-02 3.045504250148549970e-03
8.387107398563729832e-02 2.915948911270060256e-02 9.482945680887101478e-03
6.872968634409970523e-02 3.230405710423930182e-02 1.215194479232179978e-02
6.871502329669400277e-02 3.197765487885920188e-02 9.181668725887220592e-03
7.546430925948760526e-02 2.726320022467849935e-02 1.912642766438879885e-02
6.942958645650310068e-02 3.005617411557569979e-02 2.008288992624520167e-02
7.026583700854299730e-02 2.738777008963389978e-02 1.559383461583239983e-02
7.248799898406479980e-02 2.822890481450230152e-02 1.976981682841629992e-02
9.030625108644520227e-02 3.015133257099139943e-02 2.627768818056610244e-03
8.775569980698730288e-02 2.847844087228140059e-02 7.851668478466191162e-03
8.558252641114630355e-02 2.882246459737010033e-02 5.911479750427630492e-03
9.213715025854350704e-02 2.838126710572530173e-02 5.484231478654559566e-03
4.118999409906120429e-02 4.479920227991950055e-02 6.338240491425189971e-02
4.400010457713919576e-02 4.529169942525010373e-02 6.534035112859580552e-02
4.512655530634700207e-02 4.389678858442729731e-02 6.205806109346180544e-02
4.172396810248120425e-02 4.711733916011049544e-02 6.723385292203300223e-02
4.800606127915200277e-02 4.350518879130439720e-02 6.084915159472659846e-02
3.856707319047740501e-02 4.424721354868390438e-02 5.813303585520520483e-02
3.322889860605990342e-02 4.530140998211199671e-02 5.656948117206380550e-02
3.638695176163869727e-02 4.303162191629839733e-02 5.539352081055759491e-02
3.407198111636090126e-02 4.246382717660809880e-02 5.108871914940540243e-02
3.302644141061220062e-02 4.309356872704749736e-02 4.665608301649199624e-02
3.391153066081540463e-02 4.258695957455160136e-02 4.417104424656149997e-02
5.074761721959549637e-02 4.317164857995509780e-02 6.019883702837950518e-02
5.277358277844530071e-02 3.984561088833890596e-02 5.757605102344390269e-02
3.575743329868429771e-02 4.491483578427780260e-02 5.866242632672089702e-02
5.923369299866330234e-02 4.079850226979740702e-02 5.049343011126500302e-02
5.502665951282580126e-02 3.943533449273559782e-02 5.270501082073290183e-02
5.727017614715750049e-02 3.882831854242040082e-02 4.864686525386350407e-02
6.366160546515280128e-02 3.831815332035769933e-02 3.715460994596229971e-02
6.542895862190330203e-02 3.913906416878879663e-02 4.322535243857290183e-02
6.114881187834630277e-02 3.905119638421879896e-02 4.715706705233269763e-02
7.948731601390970902e-02 2.841614948788970252e-02 8.049411211837380342e-02
7.866778826457319906e-02 3.126980629671580192e-02 8.333933926328650210e-02
8.052239772767730286e-02 3.031053657850770258e-02 8.425950887805029599e-02
8.301718074426500671e-02 2.952064778017770078e-02 8.086363844608979168e-02
5.119937283585559995e-02 3.845361779361210208e-02 6.380190656304589314e-02
6.141386994727020265e-02 4.039740923240039971e-02 5.246486067314030249e-02
5.278722303330509596e-02 3.729492256051550325e-02 7.581617059510159518e-02
5.471151177889969908e-02 3.694173575317530323e-02 8.089708140821079418e-02
5.277057826377299504e-02 3.916410224211869934e-02 8.471600359267540681e-02
7.505454616118349687e-02 2.863806585019730219e-02 5.354443771412550207e-02
7.228546944736920221e-02 2.852229910773910332e-02 5.550117681844790596e-02
7.085640350373140217e-02 3.692474189930670253e-02 5.044827378645219684e-02
6.904052658303701240e-02 3.030984164675550041e-02 5.358877258393010545e-02
6.560334206000000001e-02 4.022029877000000281e-02 4.987401008999999691e-02
5.815437157328580409e-02 3.991187632839329757e-02 9.250825996726549927e-02
6.391825052901670134e-02 3.718324854629229820e-02 9.247106075376319845e-02
5.736395359000000249e-02 3.696811913999999838e-02 9.116683960000000753e-02
7.170654441108550992e-02 3.414215823523709947e-02 9.223666367138340372e-02
7.475875053157471362e-02 3.347479220901090208e-02 9.044258686796000091e-02
7.801945526350340110e-02 3.257308506481369770e-02 8.285537330303699433e-02
4.540074351084719823e-02 4.316965393657969802e-02 6.886197991940859464e-02
8.166647000966419101e-02 2.850191087458030237e-02 5.501680377212890549e-02
7.931237316320240149e-02 2.739063713223360147e-02 5.668241396367589696e-02
8.512837247967550147e-02 2.273269061205259942e-02 6.697072032656140039e-02
8.984257126853351094e-02 2.367095982966190004e-02 6.847429133948679247e-02
9.120150218573459810e-02 2.409773282734059899e-02 5.766433897237789596e-02
8.776571989782509797e-02 2.616707729644500088e-02 5.299928045543469968e-02
8.947873896615569922e-02 2.224220854626869984e-02 6.012410238323789846e-02
8.703496409609140505e-02 2.112994562456649988e-02 6.268022460956169939e-02
1.019253778500000124e-01 2.477773308500000327e-02 4.402888775000000227e-02
9.211715291833071084e-02 2.170671524181189832e-02 5.509345236772860560e-02
1.006657726390560031e-01 2.147411605309800312e-02 5.403992661301810357e-02
9.430956017948820269e-02 2.976003152384780123e-02 2.834596582674110340e-03
1.043813077439239984e-01 2.195973239604940078e-02 4.292660965416480318e-02
1.070106003161190034e-01 2.107353281126030098e-02 2.318145347146530200e-02
1.093168145431140104e-01 2.023054169780549860e-02 2.655721984189189991e-02
1.134447903411179986e-01 2.093420190818769816e-02 2.650350634386569940e-02
1.058227706858460015e-01 1.992978850294669854e-02 2.784935347069059791e-02
1.124690450180909906e-01 1.924248413136529778e-02 2.999297292319630381e-02
1.047109318372820008e-01 2.045685126705809945e-02 3.313199605563289796e-02
1.027737596370929957e-01 2.066332522308530345e-02 3.779556550956000155e-02
1.089974206408719920e-01 2.587466124262870204e-02 1.028666384793249997e-02
1.106904517515780034e-01 2.439096037254359986e-02 1.829929564621890145e-02
1.126904187516580003e-01 2.590324955104639920e-02 1.527677294930349962e-02
9.827190073011220217e-02 2.571639797810199718e-02 8.779318777111721692e-03
1.022521973000000139e-01 2.349621773000000122e-02 1.040571332000000092e-02
2.657538992551259846e-02 5.222819151992749709e-02 2.158737865465419972e-02
2.609006687272629951e-02 4.892538278899910553e-02 2.499367010074430087e-02
2.849065366372889943e-02 4.932618093047280022e-02 2.422379089402859967e-02
2.602254896148490163e-02 4.610135457198179937e-02 2.962700363395320141e-02
2.796257600117780032e-02 4.278334997385859623e-02 3.046320585382670046e-02
2.624986961395130158e-02 4.303828806175179905e-02 3.391915773937850126e-02
3.018100589109290119e-02 4.149793473938719751e-02 3.712919230080240218e-02
2.967762982082879780e-02 4.332247431719500608e-02 3.827094755180610042e-02
6.108806943762520175e-02 3.693071821310390385e-02 3.553212134451740056e-02
3.711585989377740036e-02 4.410517699128809616e-02 1.261920112192770060e-02
3.405960588699560171e-02 4.597907489800140413e-02 1.447029295425429976e-02
3.399630355659059855e-02 4.554522605521169748e-02 1.259821525564540010e-02
6.030133605137810021e-02 3.485712685175020031e-02 3.473051591592860032e-02
3.528828275434230111e-02 4.350612351033719682e-02 9.371040511143480592e-03
2.941860846771419957e-02 4.945292780915380021e-02 1.823379184241550113e-02
4.098966727325990128e-02 4.032879053715090339e-02 7.126369413443549815e-03
4.364843569467330431e-02 3.935408558070780521e-02 6.051538674436789805e-03
5.020556219179279911e-02 3.860349833395419761e-02 6.992614993737269850e-03
4.552973334004970646e-02 3.723921982402939729e-02 9.034736811795850836e-03
4.919510286425050199e-02 3.741369533876780229e-02 8.594113302933501647e-03
6.625756679038549701e-02 3.388106534248439689e-02 3.052368571978750222e-02
6.544369355868309701e-02 3.131417530957110451e-02 2.572805904670509916e-02
7.097329161720979107e-02 2.953540973594380101e-02 2.337037185555319863e-02
6.769069551645359728e-02 2.890566073064449945e-02 2.266686636420819911e-02
5.640093225030260587e-02 3.601706495252769702e-02 4.224526848523280434e-03
6.311775635194970258e-02 3.361645223656220538e-02 3.635670980561830218e-03
6.196984279309150634e-02 3.287113781325830264e-02 7.134030359535080065e-03
6.799783685187170412e-02 3.276057313917379865e-02 5.091654224376280721e-03
7.355803489999999945e-02 2.742235422000000034e-02 9.297654033000000984e-03
7.484160360909231091e-02 2.758513503484480087e-02 1.912415712283810050e-03
8.237617585823740762e-02 2.800281095922090013e-02 3.875501070417780060e-03
8.138130897972729871e-02 2.641120327546489857e-02 1.139696264546679987e-02
7.722489966997089783e-02 2.608435671764739935e-02 1.216714562413299949e-02
7.016049540429158959e-02 2.625175264059920188e-02 1.917657196310040141e-02
7.163040229192449426e-02 2.720161783984159989e-02 1.262638231483179975e-02
3.724585172471080174e-02 4.464179838552809892e-02 6.234294748779090067e-02
3.893596326325930723e-02 4.680754409196070248e-02 6.588687280706560789e-02
4.020875678436929695e-02 4.310797593615860179e-02 5.989006821469840258e-02
4.830910970170589763e-02 4.105586124176350410e-02 5.848243017016859641e-02
3.235535663996159939e-02 4.265775819487460652e-02 5.462902336119290075e-02
3.553451875970269763e-02 4.173580650943960191e-02 5.160844231637769924e-02
3.072006920060630156e-02 4.356160422166929780e-02 4.516745959363559909e-02
3.176604357802199907e-02 4.325789138109899928e-02 4.872074239407150203e-02
6.489335780756509686e-02 3.935696476688330114e-02 3.894435426075960188e-02
6.465467117978160316e-02 3.896512197555519752e-02 4.647271986888600048e-02
6.325803235589140538e-02 3.800264572879660102e-02 4.929784659961860410e-02
6.005430388774289641e-02 3.505430477482070206e-02 4.840510203260160044e-02
2.730696678000000058e-02 4.453513622000000033e-02 3.416081189999999740e-02
5.539794897103270110e-02 3.963242333723280414e-02 9.029798570088459764e-02
7.808800277108869647e-02 2.956574167429859915e-02 8.017444363669440355e-02
5.908837794999999976e-02 3.751788616000000659e-02 5.156557560000000345e-02
5.236919747789160751e-02 3.375367643009810625e-02 7.069654169402510291e-02
5.602575119823050009e-02 3.897900460669900119e-02 8.912294912096349608e-02
5.333079120443869753e-02 3.734375416888820187e-02 8.343174021148488939e-02
4.987425723957029933e-02 3.858377640299420069e-02 7.984641800254579924e-02
5.128542066342029609e-02 3.325725113649100062e-02 7.412260627643110777e-02
5.069836083423580331e-02 4.012009862304790481e-02 8.613201631397029989e-02
5.341534632616400102e-02 4.143402569947220171e-02 8.865039163875020056e-02
7.491114195700840361e-02 2.992508564260100076e-02 4.879839646074619897e-02
6.835777945875630424e-02 3.854662082248510452e-02 5.020688461689560428e-02
6.218567427156000693e-02 3.765347173360490685e-02 5.248414460899589878e-02
6.229868039555960108e-02 3.493860226717470513e-02 5.273855329011770121e-02
6.555392147209880560e-02 3.271251875352739619e-02 5.343051892484870086e-02
6.432180926979601254e-02 3.664083322409759924e-02 9.575983634950850643e-02
5.820852561786660218e-02 3.703186703947140140e-02 9.306997948977251134e-02
6.188055950319880372e-02 3.703840603575260515e-02 9.356024880501469243e-02
6.749672219858880717e-02 3.518080209726250074e-02 9.183162679836000264e-02
6.831560388170740405e-02 3.511774669181619984e-02 9.543897630857850478e-02
7.702229517271300119e-02 3.157321969406880202e-02 8.600929331054210647e-02
7.508643922544770699e-02 3.241416622710980439e-02 8.556391077879399454e-02
7.324563573620639090e-02 3.131034299416719791e-02 8.862303780588010049e-02
7.522186302633140920e-02 2.934615645177490045e-02 8.842828714977529758e-02
7.809657251912539844e-02 3.048382517347170140e-02 8.701470509971739875e-02
7.107941394106059851e-02 3.407171456351600070e-02 9.090272315690510474e-02
1.066572068401400036e-01 1.939541228529800126e-02 4.531910532717829676e-02
7.872107012582089947e-02 2.601480053144170079e-02 5.803313545814500068e-02
8.456787921761829696e-02 2.398015475074160088e-02 7.514034458239951531e-02
8.327913944466840135e-02 2.066700403119979892e-02 7.304409892187439801e-02
8.218669663811808968e-02 2.352616718940290022e-02 7.092316539633439221e-02
8.341613005955370030e-02 2.228626941768689987e-02 7.060428538991130043e-02
8.336482423680330323e-02 2.605709596796500216e-02 7.799665266609820402e-02
8.133957553820529707e-02 2.645360646331020374e-02 7.704973060864350742e-02
8.351602714621571277e-02 2.616409492477210150e-02 5.245929466672909908e-02
8.829088421796649211e-02 2.209665375002959828e-02 5.749633094179930348e-02
9.171389580000000041e-02 2.080311298000000336e-02 6.229836940999999850e-02
1.018336176822380035e-01 2.133777413093899955e-02 4.723334278320349966e-02
1.039481285846329955e-01 2.038381028597559957e-02 5.039985719120949892e-02
9.901757424176130251e-02 2.238987588645499974e-02 5.027013171495919863e-02
9.294322046746390786e-02 2.327279997334219877e-02 4.917470919710190125e-02
9.518404235010409498e-02 1.939020687381170019e-02 5.535543907702560051e-02
9.022307396883851027e-02 2.231324532700039789e-02 5.145024738673920073e-02
9.760438008326539905e-02 2.957860188253220307e-02 3.471197455914010188e-03
9.584297705762540032e-02 2.679576467933119863e-02 5.733777358811410069e-03
1.087893840660120043e-01 2.000028537973740084e-02 4.235269376955270310e-02
1.021228787265039961e-01 2.262453919194539961e-02 4.143897755773470054e-02
1.105713466911120019e-01 2.206566692530699883e-02 2.092275653380610070e-02
1.074723161073280059e-01 1.785237878409520057e-02 3.269691410657590142e-02
1.090850957531870058e-01 1.837032608816729917e-02 3.901097081570760461e-02
1.062214628980059916e-01 2.317699774959060266e-02 1.150031297454599984e-02
1.070233455520099991e-01 2.386837746357059822e-02 8.529833173110909841e-03
9.946471360858319399e-02 2.587709576707779985e-02 4.165953776815830428e-03
1.039085749748010074e-01 2.255144648879589889e-02 8.743536564357340043e-03
2.760231416494560164e-02 5.038427424016870410e-02 1.779626982373299846e-02
3.031117054190319779e-02 5.010509564792740150e-02 2.067873979627449926e-02
2.484252452999999999e-02 4.936502457000000593e-02 2.871641874000000275e-02
3.085046810421620059e-02 4.078479134202259854e-02 4.107446376197840254e-02
6.654045146430349889e-02 3.766185003214440191e-02 3.629729580796990651e-02
3.733956319939070456e-02 4.271464539543379929e-02 1.099449034458939954e-02
3.092128785694070112e-02 4.654466447401419543e-02 1.515856181554899908e-02
3.108759322599700253e-02 4.749010485691759764e-02 1.266415274695270078e-02
3.130538791536850024e-02 4.729760571330569874e-02 1.733090556853670097e-02
2.908305471247999915e-02 4.853420034569599917e-02 1.453003309735840035e-02
3.793699875925560239e-02 3.939919102776669874e-02 8.121019864143390679e-03
4.126445633758930170e-02 3.848329929672240218e-02 1.063433323591590068e-02
4.234703534776670247e-02 3.751235725007449895e-02 8.222296645402480189e-03
6.510315799449480079e-02 3.069603674115980313e-02 3.088633348953260041e-02
6.841830018516729950e-02 3.075953591759490041e-02 2.669714481485320132e-02
5.713616884594039519e-02 3.376244439658680069e-02 6.012950505490280255e-03
5.276357229165309914e-02 3.430138856813899628e-02 4.249381324295099446e-03
5.813372132561440281e-02 3.308588687817329982e-02 3.838596471077759809e-03
6.048555125558569695e-02 3.217427805364719839e-02 5.371278310009630109e-03
5.217519793615309903e-02 3.389334768534249531e-02 7.848155031827890038e-03
6.789337022066159466e-02 3.152885807799839929e-02 2.878824490811009770e-03
7.156939159707080556e-02 3.053551242195079798e-02 2.718901597224950180e-03
6.897321546030230066e-02 2.962930485947540271e-02 4.288325697321440123e-03
8.117004087023470260e-02 2.546895899607149946e-02 9.130738002957310834e-03
8.254596112084350290e-02 2.658585884335120178e-02 6.378022799914269923e-03
7.741860051607780957e-02 2.488874761889039999e-02 1.665677668238780065e-02
7.577933885982929274e-02 2.412857489501889913e-02 1.545365333853639979e-02
7.268147468999999750e-02 2.401495934000000276e-02 1.512981176000000039e-02
7.435022143418150431e-02 2.768762998122240027e-02 2.311238848969510151e-02
7.370416762436120262e-02 2.484344688121559869e-02 1.899595244970720201e-02
8.944290933941660693e-02 2.632757611830680022e-02 5.378017991142609519e-03
9.266729355000000168e-02 2.576630591999999956e-02 7.434495687000000456e-03
3.531782389000000244e-02 4.595761775999999965e-02 6.412905216000000519e-02
4.485648840754330458e-02 4.241347097063710020e-02 6.578849427563970842e-02
4.783455024420010110e-02 4.195020690081690401e-02 6.397703453904060589e-02
4.284608599417340236e-02 4.451345105938219610e-02 6.806780246907970233e-02
4.545455690332409621e-02 4.064891477147240112e-02 6.186230097927319926e-02
4.109291867479880622e-02 4.133111995651440190e-02 6.229269552691200224e-02
3.343113751129640071e-02 4.243942426342240531e-02 5.711603765737500310e-02
3.113888311180239982e-02 4.192240957237570315e-02 5.119554717147060258e-02
3.445253928082979422e-02 4.081039260576040106e-02 5.489165215291289673e-02
2.918722994358419892e-02 4.347791050054380241e-02 4.057236310876670415e-02
3.261643714737480493e-02 3.997468464026120161e-02 4.854538648657449884e-02
3.227075500131849906e-02 4.412070888657049911e-02 6.132509252185890103e-02
5.994805916149500286e-02 3.391942992668200291e-02 4.066257947875600437e-02
6.187638461548820162e-02 3.488884716278699977e-02 4.006578720148880335e-02
6.694591512717670834e-02 3.732876300376700152e-02 3.965734733982780036e-02
6.828832449295681173e-02 3.772321780941720326e-02 4.726209719875169857e-02
6.418339409573591003e-02 3.446972555246240189e-02 4.245803322636380189e-02
6.080044652472980232e-02 3.313200037576249923e-02 4.411501855761289920e-02
6.495108315759000328e-02 3.523330746230619870e-02 3.895623896370590394e-02
7.980855277942559833e-02 2.772284093890510157e-02 7.696539745821841250e-02
4.889512026245820125e-02 3.958205684301780575e-02 6.264207297051770096e-02
5.048132205268480305e-02 3.564596616675100305e-02 7.392501840576089223e-02
4.949663982492619879e-02 4.006830364747870216e-02 7.114113489853980676e-02
5.128657818000000035e-02 3.395772457000000716e-02 6.809718132000000534e-02
4.910573995641129980e-02 3.828271607100969948e-02 6.543855713316260037e-02
4.690153904999910112e-02 4.034879171235520451e-02 6.729257923144109366e-02
5.359000217935100396e-02 3.757242901762310183e-02 8.636823002516069714e-02
4.942982588895050017e-02 3.617539115815240208e-02 7.724710167938018957e-02
5.079879793037370139e-02 3.506368645212079582e-02 7.936539820405440204e-02
4.990201083135689664e-02 3.985627674706580109e-02 8.321165009921639710e-02
7.765367789543629884e-02 2.596189214166099921e-02 5.198806441901550335e-02
7.101216243080080148e-02 3.023400959824569870e-02 4.848690561543980010e-02
7.402680801341120220e-02 2.770412187011830202e-02 4.856364614065329655e-02
7.169449454276120848e-02 2.771107397126710073e-02 5.227191906027319618e-02
6.888234439096629913e-02 3.332635796404920248e-02 4.970476659804880237e-02
6.568561811078740820e-02 3.448603191224210163e-02 5.069321813570439733e-02
7.515965663136420227e-02 2.577011387611040025e-02 5.398320775654560227e-02
6.688268822179230244e-02 3.394060912741009989e-02 9.359970429025731009e-02
5.628118259146609736e-02 3.664121055418149975e-02 9.361750404338729792e-02
6.117283095361960438e-02 3.412036762250969524e-02 9.524897161860799988e-02
6.302728904543809796e-02 3.362490326248079864e-02 9.374523198402749669e-02
5.440947680460070379e-02 3.938955481747340170e-02 9.179448781475919861e-02
6.034249519276809609e-02 3.627944079298919822e-02 9.239983972501869536e-02
7.349630074980889605e-02 3.144169770983609724e-02 9.200079578032230310e-02
1.040688848500000013e-01 1.844695210500000085e-02 4.765658617000000097e-02
8.111413314049618906e-02 2.539163460764470165e-02 5.376259410332689948e-02
8.645124101684810436e-02 1.971109989319939915e-02 6.897564552145149519e-02
8.052510029780091116e-02 2.558690196594510038e-02 7.445984789968559947e-02
8.456828213411610173e-02 1.986744726039059786e-02 6.750454460276540669e-02
8.444008814032059884e-02 2.347668974950520293e-02 5.313895026504160402e-02
8.261254200690079652e-02 2.378141356264800235e-02 5.678784913128019640e-02
8.612967286177540538e-02 2.090469965984599957e-02 5.892747447385770360e-02
8.534648712840639528e-02 2.166361185618799826e-02 5.505804031399270243e-02
8.824777869440680877e-02 2.316944359960559918e-02 5.388266586707980005e-02
8.780223324074350189e-02 1.990763667401140163e-02 6.307106754506559831e-02
8.945262609310110358e-02 2.011189007097599971e-02 6.555325716062460062e-02
9.298849754081929542e-02 2.087704431168549771e-02 5.822588158215970255e-02
1.009176753699620038e-01 1.895323614137570112e-02 5.155110036874680640e-02
9.884468589981909581e-02 2.237330953884740167e-02 4.447643958763720234e-02
9.675010180888339584e-02 2.332151005674390140e-02 4.749854731751899928e-02
9.432888086015930873e-02 2.136050439727370243e-02 4.980712935574660438e-02
9.618708654777320677e-02 1.998472856448680127e-02 5.123174244575760122e-02
9.189146721834309806e-02 1.936196537210040092e-02 5.220583197451139634e-02
1.046034517329870045e-01 1.907506194303480035e-02 3.984692626097110363e-02
1.085193206130330018e-01 1.882935975991990168e-02 2.082627781720389898e-02
1.118157674254749989e-01 1.812866616177009893e-02 2.652767859363480002e-02
1.125242369642489998e-01 1.976162851016459790e-02 2.250461047669519848e-02
1.030585983491200119e-01 1.808976571935000041e-02 3.087821375161130255e-02
1.070547181588910046e-01 1.662675268226189787e-02 2.705286826468910125e-02
1.102160593599460087e-01 1.605807072912449757e-02 3.056917627078569941e-02
1.084031749130440064e-01 1.592339662829789920e-02 3.549545122329950120e-02
1.045551944895300039e-01 1.648786472346189941e-02 3.542309897350259806e-02
1.125739956000000042e-01 2.166102170999999882e-02 1.764808177999999811e-02
1.084999473609800091e-01 2.279481703038820084e-02 1.493167075602180004e-02
1.108899884609290121e-01 2.353932756639949900e-02 1.284030697308939997e-02
1.073831729123539969e-01 2.224333009510310113e-02 2.038123418571370291e-02
1.006933513905940020e-01 2.192089105881559960e-02 8.172037455078580773e-03
9.747711119597690654e-02 2.364466313720570145e-02 6.649300559493960192e-03
1.015869154769550031e-01 2.197930117601029978e-02 5.496770284837560437e-03
2.690862568198510232e-02 4.856944854932810501e-02 2.099359801552560037e-02
2.631042562882330085e-02 4.468126274271819881e-02 2.777375929589590009e-02
2.374749899000000095e-02 4.683990478999999763e-02 3.214355945999999853e-02
2.877699494167310079e-02 4.132511585202590376e-02 3.413024289243860032e-02
2.680905386052030021e-02 4.688233843738009998e-02 2.422910677954400252e-02
3.019109313247169898e-02 4.159097178741379824e-02 4.317156280676380520e-02
6.492798652467710041e-02 3.433193684766579906e-02 3.597692664025709669e-02
3.742866842328380211e-02 3.986484759717819765e-02 1.217839317834840118e-02
3.200966575861819569e-02 4.503110129096749709e-02 1.097138972936510110e-02
4.567887125698089773e-02 3.550774311303509650e-02 7.233398597064909924e-03
5.031540686804199941e-02 3.563925402714380325e-02 6.504469840112380406e-03
3.879657878010669969e-02 3.671172234717629684e-02 9.321827415814800538e-03
3.690769631366039999e-02 3.987335666611890178e-02 1.039153630906520034e-02
6.649531794205959523e-02 3.355079814233950103e-02 3.356246654002109642e-02
6.895345415825220037e-02 3.138335511668779998e-02 3.051852148316620134e-02
7.309868264830260420e-02 2.958810699937620275e-02 2.566947104957910050e-02
7.208735191583359736e-02 3.106089305766530223e-02 2.793285000400510046e-02
7.036890455047049853e-02 2.861209961065599994e-02 2.688101663012799902e-02
6.424429581758420160e-02 3.001964120436240169e-02 4.763737297584659698e-03
5.957476492633909798e-02 2.994829557982100002e-02 7.034654371970400222e-03
6.984273811889039896e-02 2.987806266317660081e-02 5.917020872501030024e-03
7.447295548006420407e-02 2.357613978413159936e-02 1.123535930821289996e-02
7.692383176670830602e-02 2.491927972638670330e-02 9.345280003738760249e-03
7.000001803102630371e-02 2.770953039382670000e-02 1.568081934433120106e-03
7.848121209878040905e-02 2.479153439076890036e-02 1.869769956050830158e-03
7.402471685749999197e-02 2.541603171499999883e-02 6.521710738700000481e-03
8.168514512015140339e-02 2.453861077064660098e-02 2.954846978682340152e-03
8.809845914639220787e-02 2.754131787532940190e-02 3.085339512770899836e-03
8.661637673322040987e-02 2.491158267936450024e-02 6.234514180007030143e-03
8.506170453588310365e-02 2.607523302529600115e-02 3.705433520506660073e-03
7.963921011319409493e-02 2.426612623985980113e-02 1.384160704502090077e-02
7.214616908228120573e-02 2.616118463351419995e-02 2.229762761698820053e-02
9.263164152150829556e-02 2.521472298914840052e-02 3.233537604744240231e-03
4.012078347189940164e-02 4.366909068336430333e-02 6.725666109466790776e-02
3.736878763658210006e-02 4.228317181109940426e-02 6.145012350341860080e-02
3.567367125722600146e-02 4.328408431012349677e-02 5.920698194099489886e-02
3.348310232676739856e-02 4.223267549001089721e-02 6.145012660653070141e-02
3.179993235310450000e-02 4.052226209502490101e-02 5.320419990023610157e-02
3.315630610519980370e-02 3.955141876376910143e-02 5.275081287915119738e-02
2.592794189349000022e-02 4.272753136835980015e-02 3.827267651105020069e-02
2.893699401214880340e-02 4.121679555602680151e-02 4.758335400799519610e-02
3.089261531868179797e-02 4.019867244259489603e-02 4.977107313591370291e-02
3.040469052476980211e-02 3.891622860528560351e-02 4.485710992001389757e-02
6.164338014762069801e-02 3.282805171723450488e-02 3.750325284868780140e-02
6.913961081887941285e-02 3.529170270464330322e-02 4.199690980893529962e-02
6.389138950121420191e-02 3.458120583475689930e-02 4.782365031810310169e-02
5.366474387996569839e-02 3.752797899540429721e-02 8.955721775476020718e-02
8.031496415606009798e-02 2.706305657918240196e-02 8.142438127307360940e-02
7.534806750245630347e-02 2.613789930845529866e-02 7.901754578437360232e-02
7.668839263275499529e-02 2.851661521582099859e-02 8.304930919280009705e-02
7.583639158554320026e-02 3.061685367343349937e-02 8.319243789110919440e-02
4.817433670280350105e-02 3.701363023367230248e-02 7.290587572576960607e-02
4.939379986882180135e-02 3.594105273206800455e-02 6.679851054073600303e-02
4.953463017432179621e-02 3.371620101407889897e-02 6.974717815491821016e-02
4.686642170000000079e-02 3.863967895999999985e-02 6.949810028000000250e-02
5.221437193260270587e-02 3.817636133506990131e-02 8.933627351256619165e-02
4.947214639497760080e-02 3.660309379585709871e-02 8.202865268328431159e-02
5.081829208061160175e-02 3.553721750071939939e-02 8.418792579013099908e-02
4.708980760532009702e-02 3.731604122622830116e-02 7.939920167377130522e-02
4.793468819849069917e-02 3.815389795306270426e-02 8.372482405853129417e-02
7.897408598370331267e-02 2.754750855725110123e-02 5.213192667596489721e-02
7.193566552701560757e-02 3.361368873675719959e-02 4.623072619968850161e-02
7.276765665057251253e-02 2.587507448565010137e-02 4.954300480789609884e-02
6.439870695127410116e-02 3.448684927873740119e-02 9.176261327071520701e-02
5.611905525949420492e-02 3.428248514250750029e-02 9.066826689059349909e-02
5.383252925103240022e-02 3.614312716359999872e-02 9.131386281188200171e-02
7.052233010253450285e-02 3.237278288576050239e-02 9.435642381569030179e-02
7.160278981107690011e-02 3.171732689483940104e-02 8.794625169693860711e-02
6.942537853952809868e-02 3.106562905420049911e-02 9.086980818174131280e-02
8.174404020061659670e-02 2.373221379737990022e-02 7.442532735719030457e-02
8.178150659150699997e-02 2.040901882807839851e-02 6.771617304179398944e-02
9.034250804600531259e-02 1.967256730028390035e-02 5.785390403741690751e-02
8.503352466452210323e-02 2.379645827511389991e-02 4.928755523861640120e-02
8.910197290128779590e-02 2.390921534310450070e-02 5.015681332642530493e-02
8.914635788472939637e-02 1.740485739604620205e-02 6.245676501532589769e-02
8.356474859778401099e-02 1.937261485734630140e-02 6.450203019728840970e-02
9.670473210126021013e-02 1.713460963570320045e-02 5.094462448310760339e-02
9.265835914426440167e-02 1.695264283860859963e-02 5.426146932359190295e-02
8.859802816517640955e-02 2.055223395217979990e-02 5.502289542898090163e-02
9.624188323210090823e-02 2.652273824631160015e-02 3.422386935167249979e-03
9.975492142463950052e-02 2.037904110624970053e-02 4.139300653374910349e-02
1.064872320790269944e-01 1.726052769533670261e-02 4.209538895960780042e-02
1.068564833448829993e-01 1.646740329398630256e-02 2.324615680838279866e-02
1.106405143586070144e-01 1.656886198196290058e-02 2.313122091193350188e-02
1.058085785520530148e-01 1.628946023964500042e-02 2.962861357231199796e-02
1.097046566000000056e-01 1.527240574500000024e-02 2.639817476500000079e-02
1.019062900500000007e-01 1.848901272000000318e-02 3.501558184499999754e-02
1.066387541372779968e-01 1.594111534091790031e-02 3.894311737840080306e-02
1.048598003000000001e-01 2.133328915000000034e-02 1.419376969000000002e-02
1.091734693023870134e-01 2.220354654890089804e-02 1.098933651849210054e-02
1.092055662175410030e-01 2.085270177653060150e-02 1.805846547156440135e-02
9.890345573000000612e-02 2.153099775000000271e-02 9.380500913000000204e-03
1.027762829692860092e-01 1.881356137484660115e-02 9.118767147651758720e-03
1.047758495187239985e-01 1.887612651847399986e-02 1.180612677333950020e-02
1.047110026313550074e-01 2.191194528641679865e-02 7.184577603831609864e-03
2.525212679024880016e-02 4.895750439103660479e-02 2.023735793587580142e-02
2.387829475819280151e-02 4.872784530039000334e-02 2.605842334687590370e-02
2.421045738729259850e-02 4.963397626456610146e-02 2.301260912182679849e-02
2.432199839444319778e-02 4.634718370382059915e-02 2.691480615470430091e-02
2.485998940300000043e-02 4.211918091650000001e-02 3.072011768799999890e-02
2.294043388224130051e-02 4.387081867538910468e-02 3.006132932214820169e-02
2.566819906000000068e-02 4.113774776000000272e-02 3.238505602000000400e-02
2.290042241321799815e-02 4.354051827394069679e-02 3.519698584887059889e-02
2.808253018643290175e-02 4.108879001104160517e-02 3.954651358349440399e-02
3.406971146593509858e-02 4.220904618116559648e-02 1.349277561333160104e-02
3.173297056900960256e-02 4.397041706679270107e-02 1.535358506564019933e-02
3.396161358507160388e-02 4.087797562615779617e-02 1.190985084110920099e-02
3.123370165943730251e-02 4.239825463422310092e-02 1.329928022430949992e-02
2.796077670499680021e-02 4.569732269239030337e-02 1.706588429232229823e-02
2.764811205771000244e-02 4.631142549885410020e-02 2.080672843258099883e-02
4.438327296168459446e-02 3.573175482458029739e-02 5.544525026479250017e-03
4.078399367497849426e-02 3.666272543187999722e-02 6.435669785201210240e-03
4.863636563415430630e-02 3.660240947927130561e-02 4.976121490044370550e-03
4.834641708093209700e-02 3.455398172268210610e-02 8.435255333692060972e-03
4.186173579006390727e-02 3.435728082503420461e-02 9.712263875707819252e-03
6.438782591160210900e-02 3.023444348490869973e-02 3.584281275604259825e-02
7.086953546388259639e-02 3.257898368893219487e-02 3.357446793196300350e-02
6.746555437023789292e-02 2.819228159855740115e-02 2.889804477353240253e-02
5.304873237712840611e-02 3.340062233817760184e-02 6.033209996750500161e-03
6.052318295506640272e-02 3.014597690202309999e-02 3.382398692740990007e-03
6.443347644863699208e-02 3.023254612475059777e-02 6.438827001784179840e-03
7.068228722000001463e-02 2.595100880000000138e-02 4.781627356999999974e-03
8.536773174494129146e-02 2.422340117524770381e-02 9.476929223424159637e-03
8.097889960268710163e-02 2.371296117950490168e-02 6.936563108417960997e-03
7.468888851812900687e-02 2.413509044380589968e-02 2.859751569384680250e-03
7.440654755000000731e-02 2.377449512000000265e-02 4.250484407000000228e-03
7.822917943626450654e-02 2.264180908688250005e-02 1.184553474855339940e-02
7.704209391276670149e-02 2.280260680168810089e-02 1.991383860438379963e-02
7.394403381433059530e-02 2.130567369108729917e-02 1.817900506620840143e-02
7.546073779312059693e-02 2.491443024256249916e-02 2.255994642463370059e-02
7.182950101668400533e-02 2.347948800748619891e-02 2.223581600319430099e-02
8.898557747477170432e-02 2.434777689279980090e-02 7.734787279684719741e-03
9.312172026437830208e-02 2.345763108276599854e-02 5.782511215891210019e-03
3.626071279147000115e-02 4.276370526529760241e-02 6.699486237231450092e-02
3.548223558977200293e-02 4.276364273572209884e-02 6.376739701710060215e-02
3.907300890499860319e-02 4.190091286136549825e-02 6.461833628204580182e-02
4.262226746465910127e-02 4.072745425667240182e-02 6.839388684030368870e-02
3.109573364296710010e-02 4.241935379399820044e-02 5.726653572328889441e-02
3.386135435726409654e-02 4.167327014031090016e-02 5.750334301046149815e-02
3.002712629975550288e-02 4.061291863904990113e-02 5.466155952255030009e-02
2.893824949467619853e-02 3.937348654883639915e-02 4.682289591050139976e-02
6.612190842775660105e-02 3.352278145143119947e-02 4.516600536449289632e-02
7.859515443392210698e-02 2.527386178295890073e-02 7.874573273294099840e-02
7.704426202386630007e-02 2.731914758958879988e-02 8.469608205971600190e-02
4.750507088310940151e-02 3.628287116398550005e-02 7.600011198515260746e-02
4.749498514973470031e-02 3.691936848674019778e-02 6.788962186674200872e-02
4.877096394300490384e-02 3.034740817916910249e-02 6.909164284355989727e-02
5.015253894128440110e-02 3.732371570937689786e-02 8.635049588466789383e-02
4.906971622229610447e-02 3.304674102262500357e-02 7.727879208226029473e-02
5.003442287000000460e-02 3.833345889999999895e-02 9.045592308000000026e-02
7.360731432238540317e-02 2.999384130276079932e-02 4.447677138852400291e-02
7.250522505940079632e-02 2.772847071201340122e-02 4.577797296786140224e-02
7.757625390286909672e-02 2.640691069553439962e-02 4.800985148308060252e-02
6.622228068424379499e-02 3.048553661697920095e-02 4.899168877841610092e-02
6.935730575885280802e-02 2.821477140433729935e-02 4.846892183934799897e-02
6.335156053760590544e-02 3.289598147344040269e-02 5.008305604413890166e-02
6.504397154902050171e-02 3.375770636604490116e-02 9.561207430621840309e-02
5.993631989214450589e-02 3.402385777063779426e-02 9.312883998631620031e-02
6.499351166607830743e-02 3.116263932477070231e-02 9.239136775661900558e-02
7.303740190760898976e-02 2.803914061787969939e-02 8.601256233090039116e-02
7.244443171780549917e-02 2.958779962802359983e-02 8.470073013663170780e-02
7.212860657951550292e-02 2.846926475639960027e-02 8.977467378770559447e-02
6.715442297323269416e-02 3.201232579676999840e-02 9.009773491640150900e-02
1.025660211342740019e-01 1.837310444413460184e-02 4.350645871342310317e-02
8.137451269084870764e-02 2.264084349087819997e-02 7.668076884382629688e-02
8.294038688509429436e-02 1.794900060470199996e-02 7.006335537773790423e-02
8.042123879826350297e-02 2.140860782389880299e-02 7.294101048513440544e-02
8.069982736057960959e-02 1.899547151939169967e-02 7.013637702117979378e-02
7.855550765582100525e-02 2.285645535731719788e-02 7.318843928085740080e-02
7.960646572278409772e-02 2.430055246109700043e-02 7.974983694901539855e-02
7.789825633604970101e-02 2.500966565635949837e-02 7.591834082452610100e-02
7.828229601935671189e-02 2.266764991057700074e-02 7.578506443544300031e-02
8.763746438359949764e-02 1.748280899731769963e-02 5.834588593136030149e-02
8.255048385607889616e-02 2.230494348055219941e-02 4.959501700080200248e-02
8.482744689908978952e-02 1.777070594701339948e-02 5.462771047744099939e-02
8.490161895999999431e-02 1.776656270000000204e-02 6.081696987000000110e-02
8.393955863793410577e-02 1.695400454910080124e-02 6.397873272771979758e-02
9.141905784999999895e-02 1.794986129000000069e-02 5.928808689000000104e-02
9.813038014105598950e-02 1.960483919377300002e-02 4.806578879678399807e-02
9.484268188500000196e-02 2.126675844500000231e-02 4.573229550999999976e-02
9.293418130615530015e-02 1.830480482464990136e-02 4.830777671590080063e-02
8.850506722855079611e-02 2.201925149830289904e-02 4.718628310031210138e-02
8.702926559238810533e-02 1.986795643413810306e-02 5.098333595785969896e-02
9.962251638924510266e-02 1.691765260249060085e-02 4.074618193773500013e-02
1.024817918703530145e-01 1.623513668622929979e-02 3.906730406938090094e-02
1.045038791504580011e-01 1.768329832648219899e-02 2.318511413981559979e-02
1.028917217015289931e-01 1.696125326880520284e-02 2.642982058136570181e-02
1.067735928364050013e-01 1.351418748184939934e-02 3.283271374850139923e-02
1.036602766394539993e-01 1.448571531401370016e-02 3.169912208571230156e-02
1.110606606267849905e-01 1.813057317955830278e-02 1.864711706702230215e-02
1.075697995626880010e-01 1.983280994910990164e-02 9.702690415793699744e-03
1.057639503000000064e-01 1.952769756000000134e-02 1.887912154000000176e-02
1.068854583551590021e-01 1.946960405932510185e-02 1.425597138576089988e-02
9.533204003116810266e-02 2.223748019390829958e-02 8.314442577930469119e-03
1.017483616000000035e-01 1.886999488000000100e-02 1.160335659999999977e-02
9.705181115962191463e-02 2.282974073884809843e-02 4.050672420538130314e-03
1.036307553976720114e-01 1.876418768938199755e-02 7.062600675812319775e-03
2.564057663732879910e-02 4.620459652609459900e-02 1.705775870622629892e-02
2.486465256524280146e-02 4.670270441905630121e-02 2.334621959054500318e-02
2.391850829219680299e-02 4.350614760960470201e-02 2.823548535089799930e-02
2.201169394722810035e-02 4.677508650449839489e-02 2.800958612300650033e-02
2.705604828683910029e-02 3.937333239342589997e-02 3.685672649934920025e-02
2.819567296123030170e-02 3.819163490770080549e-02 4.240470060411630215e-02
2.855231431738609882e-02 3.903070765397019526e-02 3.970477378778279609e-02
6.895220638498730792e-02 3.504453186871880205e-02 3.711092094413760006e-02
2.902339766936510093e-02 4.325497525657379799e-02 1.732251600032650232e-02
2.870407383818660008e-02 4.440323770248439522e-02 1.319094364134329976e-02
3.127689973632900161e-02 4.174375318142060226e-02 1.106893337704070029e-02
3.661563335094950022e-02 3.586764455920660177e-02 8.106928208100661060e-03
3.406023188794519985e-02 3.888216822320710031e-02 9.658516839613339594e-03
3.794863012771590438e-02 3.568657248924789888e-02 1.148303260696379932e-02
4.186337024435240334e-02 3.298455919669959768e-02 8.075776481440630206e-03
4.524363429810399767e-02 3.337562964526229886e-02 8.891492444179759785e-03
6.802089577337799842e-02 3.144038887796760107e-02 3.491732366789570413e-02
7.191577589051360853e-02 3.079559215285850027e-02 3.094491391942059966e-02
7.258879111138050177e-02 2.577253250401960114e-02 2.673230029260550283e-02
6.993425986852379317e-02 2.568410885880580141e-02 2.447458897783560267e-02
5.667871062157220363e-02 2.975549715168990250e-02 3.693397721071689944e-03
5.504742190396879481e-02 2.994140772035029999e-02 7.402963484592260668e-03
6.059819519720890252e-02 2.861416180465869985e-02 4.734378305627710663e-03
5.705675051218810079e-02 2.984035504981040129e-02 5.714646709804580005e-03
4.845613155918770260e-02 3.204704856244409983e-02 6.257416820336520087e-03
6.515466859348430229e-02 2.841357182600990142e-02 2.424641354581559809e-03
6.909215705073720737e-02 2.576569919900029842e-02 3.224757886072250265e-03
7.563288043723349896e-02 2.264676401332350181e-02 7.722009648711300120e-03
8.090044476631240433e-02 2.232712637812139800e-02 1.061883421934859892e-02
7.186533236770301092e-02 2.339490743251010016e-02 7.014716730539960607e-04
7.567900443285439926e-02 2.242874588288130272e-02 4.516872797574840383e-04
7.854649483825411338e-02 2.288508929866080177e-02 4.675758932115959415e-03
7.892559331219620167e-02 2.164889870571130165e-02 1.765764407843289918e-02
7.654725971109301030e-02 2.082476089353480289e-02 2.003467992953960122e-02
7.469029526812651087e-02 2.116596733002230196e-02 1.514822125935570175e-02
8.440640595334200635e-02 2.310943879925309724e-02 7.074523652550910105e-03
7.425425106634350736e-02 2.326541295928170189e-02 2.372707610069980239e-02
8.826710845733770627e-02 2.438011604664740151e-02 3.534766326146479998e-03
8.793669202317200284e-02 2.224622863856570015e-02 6.023105217511040381e-03
3.304362619581659860e-02 4.330179529051080695e-02 6.479509806438940589e-02
4.616409302000000492e-02 3.943106651000000129e-02 6.452437401000001016e-02
4.296869438727499851e-02 3.952977385191500104e-02 6.457395361063500427e-02
3.130658393970590231e-02 4.019971728842639674e-02 5.980496938394289780e-02
3.168708199620590138e-02 3.873369359862059713e-02 5.656750011037149639e-02
2.887656658624999928e-02 3.838175207500000435e-02 5.347574174124999913e-02
3.098964485562170218e-02 3.982488436923550118e-02 5.577147082699000086e-02
2.773849251698440321e-02 4.119853112220860092e-02 4.305107707813320139e-02
2.838069713348529907e-02 4.058663035057040458e-02 5.106772593538690119e-02
2.932402458096549855e-02 3.710999106082329968e-02 4.842668772879650529e-02
3.066137642428280047e-02 3.762856695672000401e-02 5.238443360583320413e-02
2.925719023000000057e-02 4.170994758999999746e-02 5.966091633000000088e-02
6.336204837840189730e-02 3.063933208976250128e-02 4.022395846123990454e-02
6.483067000219709664e-02 3.212052504280830251e-02 3.899233099585420331e-02
6.699280398421519900e-02 3.082648155230479844e-02 4.206851057615070000e-02
6.257124709640540794e-02 3.217217121557150450e-02 4.682374676359959964e-02
7.589303750165370122e-02 2.497492789061379892e-02 8.002378286175620969e-02
7.458880014877110332e-02 2.843698820345729947e-02 8.192984574592410141e-02
7.649348474488350258e-02 2.465633063895879967e-02 8.213970682030800885e-02
4.844332922090980459e-02 3.335459656614570001e-02 7.312105930131951315e-02
4.782096226505599956e-02 3.307815844787120180e-02 7.581860034061399523e-02
4.730204969718980468e-02 3.342390069088919946e-02 6.769145287032139746e-02
4.599923934174120210e-02 3.703339911807930485e-02 6.574722103656480132e-02
4.394991228114380338e-02 3.810748827427919844e-02 6.682970839233730309e-02
5.188702096922109819e-02 3.619603883210299744e-02 8.822442817118560099e-02
4.638277417704939759e-02 3.513696184263090383e-02 7.798593024205920099e-02
4.766042471000000308e-02 3.398876786249999810e-02 7.943205714499999848e-02
4.905653110019760066e-02 3.283546015152990355e-02 8.063582644101670305e-02
4.820669173999999474e-02 3.728449821500000316e-02 8.855931281999999960e-02
8.021188511431200097e-02 2.229947645368710041e-02 5.317487733345389878e-02
8.118380711966380336e-02 2.537818594399550085e-02 5.000078714237889826e-02
7.026875333346990771e-02 3.011040051575560039e-02 4.404907034463529519e-02
6.773960709330470453e-02 3.086877642788430146e-02 4.681746360192040601e-02
7.557467099894249474e-02 2.775334727040469976e-02 4.562910419300410247e-02
7.654954622256750219e-02 2.457820382956910077e-02 4.767791764597129750e-02
7.643132219117380888e-02 2.344962398148550328e-02 5.071075991764430191e-02
6.709059711313990204e-02 3.135547779831120152e-02 9.482591881441139459e-02
5.657574108599929680e-02 3.298862069123710550e-02 9.424569450880260213e-02
5.608797120019440308e-02 3.296091959549190403e-02 9.191163482272729501e-02
6.414989471000000221e-02 3.117969750999999984e-02 9.513297081000000877e-02
5.931340247387959647e-02 3.031317713657699989e-02 9.473221727259670266e-02
6.266596756505710131e-02 3.202647277124290315e-02 9.094196884064040254e-02
5.236663342000000276e-02 3.582190513999999881e-02 9.325493813000000631e-02
5.901473457744170481e-02 3.168501115705400079e-02 9.050216258086429821e-02
6.843526920754811060e-02 2.907821744902160110e-02 9.216361231085400119e-02
7.084880835190610071e-02 2.924582394049830142e-02 8.805798625949430580e-02
1.035382287842760013e-01 1.626868186691099796e-02 4.488207631594700459e-02
8.396839499817460029e-02 1.689775302106270166e-02 6.764889146200289693e-02
8.649677717948880962e-02 1.700939025431659826e-02 6.526750140724699167e-02
7.836927589349300394e-02 2.013404577138859855e-02 6.989924764086449804e-02
7.957355992902989672e-02 1.796311212434940213e-02 6.606612564883090899e-02
8.638567716589590217e-02 1.664878725968910178e-02 6.123558644640900162e-02
1.010000540280669989e-01 1.658354663364839873e-02 4.796081116874870154e-02
9.890741154721491291e-02 1.797113688570759968e-02 4.477320759961200131e-02
8.947230241972370379e-02 1.855717019751460320e-02 4.774543138595579994e-02
9.549556916055280953e-02 1.770370538922439937e-02 4.650514886721119484e-02
9.325607968391429192e-02 1.586007370319230184e-02 5.031114741901390047e-02
8.811462164034739031e-02 1.689904323097220218e-02 5.433813687845920337e-02
9.854574140898249290e-02 1.770280215765829973e-02 3.819862467708220327e-02
1.042292768469530034e-01 1.480223327011010066e-02 4.089358429926180649e-02
1.093041407019670064e-01 1.522442262437910011e-02 2.012984146848189812e-02
1.067532754891769992e-01 1.690237786581720233e-02 1.807072270134069819e-02
1.008766957055730051e-01 1.599405297279870089e-02 2.930274755028679928e-02
1.058446416648110011e-01 1.411888549790890103e-02 2.487582403531930081e-02
1.039459421779749954e-01 1.382627424576380118e-02 2.770483110440839780e-02
1.074663338471600060e-01 1.309524528956749860e-02 2.807177201279290046e-02
9.991200037324199368e-02 1.569991964438410131e-02 3.587777376128350321e-02
1.051139077220600015e-01 1.379720784908539978e-02 3.689682422201150114e-02
1.101734137362589960e-01 1.944082081780269811e-02 1.362703878005040031e-02
1.000042176381980008e-01 1.880198820152970129e-02 8.172040688536651512e-03
9.871338694686970783e-02 2.102422607811879965e-02 6.580854781436240065e-03
2.335969632307010116e-02 4.607668733210579931e-02 2.095169206776260201e-02
2.531500816000000278e-02 4.451406956000000109e-02 2.412722588000000210e-02
2.227260082848729963e-02 4.066861675811100224e-02 3.290042621628899711e-02
2.013557910999999936e-02 4.360328196999999767e-02 3.145199536999999934e-02
2.362358466828400061e-02 4.054250836858759588e-02 3.604668685714810389e-02
2.679653928582680089e-02 3.910757635556390277e-02 4.361268629711160388e-02
6.769202270142800348e-02 3.211850373090480160e-02 3.854370885392970070e-02
3.395079265850709654e-02 3.706385506786690626e-02 1.396765501089189919e-02
3.496749037138489891e-02 3.698762260485369963e-02 1.111967823338459900e-02
2.840255336947310194e-02 4.228415148013989905e-02 1.558687104081290034e-02
2.553229445437329992e-02 4.467638941802780372e-02 2.034604055608630127e-02
3.851404045412699928e-02 3.243937518165340705e-02 9.010319324827669243e-03
4.515921530509309917e-02 3.218505223277449978e-02 7.260623434536840441e-03
6.719429679086320883e-02 2.783078792863650022e-02 3.415917514593690141e-02
7.063341886561440297e-02 2.831143147027729776e-02 3.292189087308909634e-02
7.478394117735079338e-02 2.540448404657310102e-02 2.677798292807440084e-02
7.344597680766211389e-02 2.819428991104399804e-02 2.943386421143500201e-02
7.086241549240580861e-02 2.768902865985809966e-02 2.998978701753399895e-02
5.175713230666320608e-02 3.016078769852219982e-02 5.904579244822519973e-03
5.299648046058359763e-02 2.943107101288239963e-02 4.000854246824190295e-03
6.138219619719190168e-02 2.697046204371250297e-02 6.525489666833770262e-03
6.614672493995989166e-02 2.688973281139190111e-02 5.673663783279740344e-03
8.362185625186910332e-02 2.152970275314290000e-02 1.210381941011219945e-02
7.893314436483850338e-02 2.147745433109220226e-02 8.578968251192030034e-03
7.793236685227350469e-02 2.005693325279540168e-02 2.622780322534240104e-03
8.061221599500000001e-02 2.097457289500000155e-02 1.509620137350000009e-03
8.184658709052269887e-02 2.085653645030620049e-02 4.927089438535969639e-03
7.743220805667740125e-02 2.110684591576950098e-02 1.561041330556989931e-02
8.030471071602170163e-02 2.008747177594469996e-02 1.335762372705440008e-02
7.712262967336749875e-02 2.023426393431420126e-02 9.820726742051168884e-03
8.578594386012039497e-02 2.146355799052350119e-02 3.622628446741849809e-03
7.397863744796080721e-02 2.071958314294600201e-02 2.293278165985410122e-02
9.088870598422631175e-02 2.096017066606799956e-02 6.479233976288280294e-03
9.178801915696449543e-02 2.278272348912250070e-02 8.199263295339509830e-03
9.051345145321589014e-02 2.157506236086129819e-02 3.927820280369609743e-03
3.921563267500000061e-02 3.948384880999999957e-02 6.636498212499999938e-02
3.913351296999999923e-02 3.964824438000000284e-02 6.463346004000000700e-02
3.334239960000000280e-02 3.987047194999999988e-02 6.180844784000000258e-02
2.489527418791650029e-02 3.933728737455319951e-02 3.996583931230240222e-02
2.648204104101570255e-02 3.744484200414670283e-02 5.040860001207980029e-02
2.674016237000000074e-02 3.690934181000000286e-02 4.545042037999999507e-02
3.015207529000000011e-02 4.071413516999999871e-02 6.398553371000000045e-02
3.355881197328990095e-02 4.128686832585869854e-02 6.570189932089920415e-02
3.623795628500000449e-02 3.975935816500000136e-02 6.322095394000000479e-02
6.423178995981269901e-02 3.037175385593570212e-02 4.399314995268530093e-02
7.318157259389100611e-02 2.552822667385070202e-02 8.225283665314739312e-02
4.632188995716789853e-02 3.365845690552139724e-02 7.425933579344899671e-02
4.703962692068090062e-02 3.259273605481290137e-02 7.045625392699039757e-02
4.442204066032380549e-02 3.449702620591470204e-02 6.814818269587590016e-02
5.026029450756419603e-02 3.539703868483530524e-02 8.945838266312240716e-02
4.987799879504750677e-02 3.474866396154800002e-02 8.692860244377659251e-02
4.795051075565839871e-02 3.452486920943050042e-02 8.432687865149489370e-02
4.601836378113050713e-02 3.601166552074330091e-02 8.300471174287399334e-02
4.545504506380720205e-02 3.437513650485889832e-02 8.068955161474120064e-02
4.895851062844530643e-02 3.096875195552920013e-02 7.518386709180049920e-02
7.205893842134640515e-02 3.181417108527769683e-02 4.171043587481960274e-02
7.480280173428680013e-02 2.491087455197970105e-02 4.488069706472830322e-02
5.346523285000000236e-02 3.297377347999999597e-02 9.357477665000001055e-02
5.996807018021829694e-02 3.081913908285660239e-02 9.221898945411240167e-02
5.309383527784449636e-02 3.465407337360140033e-02 8.945017463485260834e-02
5.184414458584379881e-02 3.319661239858540114e-02 9.089602456762459204e-02
6.820797701772930710e-02 2.878997836419869977e-02 8.636482427621869351e-02
7.311267010507470354e-02 2.663377309240869822e-02 8.707834168923919704e-02
6.672492776679350701e-02 2.934000273363859823e-02 8.993458766603759647e-02
4.214452586827130420e-02 3.661270652011600069e-02 6.909442629380549428e-02
7.946048679467149212e-02 1.962016750615750219e-02 7.472214269190030622e-02
8.067323269055420853e-02 1.807551603583889763e-02 7.196022785552801115e-02
7.943903565500000374e-02 1.650721669249999995e-02 6.734525799500000465e-02
7.994540691500000296e-02 2.460990547999999944e-02 4.706391811499999883e-02
8.450275625639640242e-02 1.947943960277590328e-02 5.194397030189380066e-02
8.527619816388470886e-02 1.955776494000300084e-02 4.656450686081179541e-02
8.529454536685510124e-02 1.594763848103120107e-02 5.749322574452889884e-02
9.044668786035420238e-02 1.527150016954180109e-02 5.642887048468470113e-02
8.871216350195811062e-02 1.475244513763039958e-02 5.923218408571789828e-02
8.052591359290151019e-02 1.612875183083880073e-02 6.248892411908389677e-02
9.156045959692180047e-02 2.082030064826280100e-02 4.574076233642600242e-02
8.969458086655709983e-02 1.633253918566749882e-02 5.081652775286790019e-02
9.429221054698549986e-02 1.992600679753730314e-02 4.271695886603079848e-03
9.673640360489450807e-02 1.912451681039070012e-02 4.216997437414630318e-02
1.026633787215379956e-01 1.356032684064160075e-02 2.452761862326369863e-02
1.083858552786190060e-01 1.366778337337100011e-02 2.407188207093580168e-02
1.045203494432289937e-01 1.348992887072589936e-02 2.128823833277540198e-02
9.986815596244490167e-02 1.626141153642579953e-02 3.308610881052900105e-02
1.012782593375020079e-01 1.369703713110980055e-02 3.355692284548490029e-02
1.034348011000000012e-01 1.795768261000000102e-02 1.571552277000000039e-02
9.590286752675421245e-02 1.989161514569600178e-02 6.940492475183549989e-03
9.643663078794739718e-02 1.804707794082089853e-02 1.019237004357259960e-02
9.894076430416449963e-02 1.814492556473080304e-02 5.383343624387950700e-03
1.021501266843770073e-01 1.629980294168629704e-02 1.022110490422560060e-02
1.020036411000000004e-01 1.524870276000000156e-02 7.492491006999999967e-03
1.055729103000000030e-01 1.626891136000000251e-02 9.568410516000000823e-03
1.079667469271240049e-01 1.672616348649690055e-02 1.187795751933819893e-02
2.235663877660309939e-02 4.621955835079880059e-02 2.463340528925080097e-02
2.331618353915820147e-02 4.357266089390790520e-02 2.454505363030089898e-02
2.018074676388750127e-02 4.313941816267390095e-02 2.692021288333209736e-02
2.429240890823509968e-02 3.901720867928040043e-02 3.127899160826089903e-02
2.198166802752779883e-02 4.042898081042450159e-02 2.870957890966959955e-02
2.488404448604419894e-02 3.758989686681749737e-02 3.503772580319049895e-02
2.201544371416220072e-02 4.077657171540560038e-02 3.970496081637150260e-02
3.108062766364400389e-02 4.048105265995970148e-02 1.485954388248380068e-02
3.159249404033770414e-02 3.783839832853500007e-02 1.280822092566040113e-02
2.779188295960479879e-02 3.960388184387240301e-02 1.316794989885650136e-02
2.496103353177360137e-02 4.180734721729709863e-02 1.889619589868109933e-02
4.809523547408010163e-02 3.357367210007450309e-02 4.721285652478430205e-03
4.171532207332610126e-02 3.257990634057569834e-02 6.124500541353019439e-03
3.879389463434559926e-02 3.341415831971399769e-02 6.990145189541910505e-03
3.478684722130979956e-02 3.400975116543000082e-02 1.144719622286140097e-02
4.983603873771959986e-02 3.057355920994789950e-02 4.287851801335010142e-03
4.856572863901310183e-02 3.152210549905649917e-02 8.177182313865180227e-03
4.370902061000000310e-02 2.979863166999999896e-02 9.319257140000000370e-03
6.694445380513690258e-02 2.762398675491899852e-02 3.820523767452449482e-02
7.345555339271730988e-02 2.851209484421540069e-02 3.404437731524809913e-02
7.022473973534419656e-02 2.494400549576009790e-02 2.897626110073359823e-02
5.137653575169770503e-02 2.948804516219750288e-02 7.726688722329090424e-03
5.874257800352759851e-02 2.686765636390819889e-02 3.331380035657620191e-03
6.176738132044650581e-02 2.637867833985179863e-02 2.738343752395070146e-03
6.333565644806229966e-02 2.529395314319170252e-02 4.240084060135120708e-03
5.861060294819530475e-02 2.656858561460940030e-02 5.210567736859130286e-03
5.746133471698009615e-02 2.714640730112940006e-02 7.073275295876879816e-03
6.802814433101080083e-02 2.375938989341199944e-02 1.218722638141870067e-03
8.253760261374851193e-02 2.034364448792779986e-02 9.193676086625359248e-03
7.409996978726160477e-02 2.000212091865430017e-02 2.111645438361850393e-03
7.113270968932880467e-02 2.219645174400880147e-02 2.698596113719060365e-03
7.829173913491380143e-02 1.984156936152170134e-02 6.754717494243579583e-03
8.919189049566050853e-02 2.187741610510569867e-02 8.709562877068120074e-03
7.948357518476839578e-02 1.735072475508060014e-02 1.068906484222499967e-02
7.686096830448599371e-02 1.937261706509940326e-02 1.306991323704550026e-02
7.883044559034989296e-02 2.062745425489610068e-02 2.127403084538579889e-02
7.680951891702890444e-02 2.246223750269199862e-02 2.447589664147000257e-02
8.674537505173370022e-02 1.980962177443110206e-02 7.303029591520750728e-03
7.288721955081070569e-02 2.187757888139750181e-02 2.687226574885090077e-02
3.591028620563990054e-02 3.906593812666400017e-02 6.492562580115379678e-02
3.884241221809889982e-02 3.930806714638050009e-02 6.799670375798319566e-02
2.858294605863050120e-02 3.870602348053459735e-02 5.811671614681589854e-02
2.648104846532519860e-02 3.964866391559460079e-02 5.353655370228120602e-02
2.679486298593810115e-02 3.712878336853420169e-02 5.555498005092900093e-02
2.413894321068260282e-02 4.047362647278469894e-02 4.334203238636290256e-02
2.610838837070660057e-02 3.959802369612400175e-02 4.613764479916700190e-02
2.585928627062769949e-02 3.968005770170640600e-02 4.925070818658709715e-02
2.456322901369520015e-02 3.709128985261889860e-02 4.699704193831190369e-02
7.796144026697980622e-02 2.151857140088269879e-02 7.784019025799010505e-02
7.505070172912310655e-02 2.320197798488619900e-02 7.583496296181670149e-02
7.015990557380510917e-02 2.569577085614480061e-02 8.165535909999330211e-02
7.133286910197170205e-02 2.293497853877899881e-02 7.760517513741090057e-02
7.385738799868570015e-02 2.459929495217230005e-02 8.412407564092930223e-02
4.516622749833280187e-02 3.432571577180090067e-02 7.047973105215149525e-02
4.391597483559630394e-02 3.043847657193260101e-02 6.932860549489661128e-02
4.903668059523659528e-02 3.281600538120409832e-02 8.450046538132981178e-02
4.694295792325169775e-02 3.002120155563410206e-02 7.779003028293930699e-02
4.608895324859960119e-02 3.544886302067659645e-02 8.663206346423529824e-02
7.842104941852230671e-02 2.128815482117140181e-02 4.872159012177100512e-02
7.984744822797650021e-02 2.231284050458220286e-02 4.770381316563489932e-02
7.478168820407719852e-02 2.710982714769789859e-02 4.221328711155000052e-02
7.241902934805639902e-02 2.664673820589190043e-02 4.194224875868680230e-02
7.359074951021200850e-02 2.915584944996309907e-02 4.087917678281829947e-02
7.107885851792609955e-02 2.586077654350999941e-02 4.490148264702020081e-02
7.668387057301319365e-02 2.529087061865169933e-02 4.387935361464970208e-02
7.465821922917210973e-02 2.365881545353770016e-02 4.746714514900919613e-02
6.736468013564948787e-02 2.857593269958769860e-02 4.514037279469609865e-02
6.481356168350829727e-02 2.990111744718079723e-02 8.874663819394300324e-02
5.329051375884970299e-02 3.182039823585579991e-02 8.971544957637149487e-02
5.610216796681670448e-02 3.130412408154929771e-02 8.976003143701929976e-02
6.933388291547450122e-02 2.614527564803429890e-02 8.876498652044800819e-02
6.534924461846969290e-02 2.889086230606540198e-02 9.240760734999879655e-02
4.098346882393140433e-02 3.643908682144170186e-02 6.668968269548339323e-02
1.001560247292849898e-01 1.356421223610630028e-02 4.397095531327470386e-02
8.020621368259940598e-02 1.548924023188629970e-02 6.867761767803259865e-02
7.751529494135449283e-02 1.974933152063540129e-02 7.316402526499159176e-02
8.355756843266229361e-02 2.186550999741910042e-02 4.493529204544859795e-02
8.211183549311940055e-02 1.950245840758960125e-02 4.985114819306930151e-02
8.416054419554770682e-02 1.448613278917480068e-02 6.072287982959009844e-02
8.579031013593810262e-02 1.445959207587469916e-02 6.228749924445420305e-02
8.304956492860919581e-02 1.497730420317670147e-02 6.546595344144269524e-02
9.836302553008199889e-02 1.503467688639810104e-02 4.737139654348899998e-02
9.298782290820900576e-02 1.887687207264000105e-02 4.316635487751379480e-02
9.160833255815351017e-02 1.641564243406330031e-02 4.519257661305720042e-02
9.543549641957750629e-02 1.400006643892679967e-02 4.641154175962999839e-02
8.872597520928880710e-02 1.990600374631360317e-02 4.374145705827650610e-02
9.187687558521138997e-02 1.483220620717230070e-02 5.170801261830570289e-02
8.828706436594618845e-02 1.404048891152469974e-02 5.294262554015959771e-02
9.187401350023099988e-02 1.331477908999230061e-02 4.907750502016560573e-02
8.502157688000000491e-02 1.526728450999999959e-02 5.092828511999999974e-02
9.447686383003289778e-02 1.706685906126610003e-02 3.948784237713010015e-02
9.795720234676720539e-02 1.430557508710110157e-02 3.819772929904549641e-02
1.014142777745559998e-01 1.519464783271940074e-02 2.310752340176600028e-02
1.068163695926000051e-01 1.228387952942100111e-02 1.988701037878060074e-02
1.019230551025499948e-01 1.554343648619450034e-02 1.915926318876510007e-02
1.018319369893670029e-01 1.216956485966699981e-02 3.864283300831959644e-02
1.037238789000000105e-01 1.198091983999999971e-02 3.468858479999999828e-02
1.043234274771629999e-01 1.514150643047459943e-02 1.538929983047050178e-02
9.251451319426501341e-02 1.997481615850950007e-02 8.809870309653950946e-03
9.826738348870429907e-02 1.609373277219090098e-02 8.420007220659950567e-03
2.297798562764300292e-02 4.238065474370220076e-02 1.932113830344739727e-02
2.422549315354120131e-02 4.067192034347480445e-02 2.520405800217389788e-02
2.365033984000000297e-02 4.068022251499999603e-02 2.837149977499999962e-02
1.932964563000000302e-02 4.116777419999999993e-02 3.573017835999999642e-02
2.196468616642469757e-02 3.796117924244680336e-02 3.698763168292489717e-02
2.499821282235169945e-02 3.638609745201320383e-02 4.011239126521760207e-02
7.084836131332360176e-02 3.267100388917000553e-02 3.834483303702130447e-02
2.872010780732829963e-02 3.951119695912300167e-02 1.499189578366219924e-02
2.861021888655600198e-02 3.931134636890659673e-02 1.726485299373200014e-02
2.534702632039149972e-02 4.144054401894860240e-02 1.549459787357720074e-02
3.104549162202360074e-02 3.830507471670369785e-02 1.109029802016450045e-02
2.637804541730190064e-02 4.156388500961560178e-02 2.033852639824819744e-02
4.483106094542370357e-02 3.068368884097140079e-02 5.332132768105950216e-03
3.344753526065950139e-02 3.540594501909090364e-02 1.017204590745920088e-02
3.574801862656099699e-02 3.160380712640310091e-02 8.557254073764010774e-03
3.951589206482000044e-02 3.191901733967190263e-02 1.056512188138200060e-02
4.314345806423030422e-02 2.944652240022349945e-02 7.623543600037739967e-03
6.973262664025560442e-02 2.901314797016840002e-02 3.693085248629500439e-02
7.549912509809199312e-02 2.458347896697500243e-02 3.150876515772170483e-02
7.457113010036300893e-02 2.310712069386320136e-02 2.766299894580620186e-02
7.350050687499999624e-02 2.403148710749999917e-02 3.196513414749999754e-02
5.212527544587800682e-02 2.600211344613950065e-02 6.239963815711790061e-03
5.498333420061020382e-02 2.752346252792920236e-02 5.259779958406689965e-03
4.718909060075350548e-02 2.764250869794160001e-02 4.933107603904389980e-03
4.805706016191430008e-02 2.729081991669550164e-02 8.341848681583689459e-03
6.386040552940949744e-02 2.367141035484940023e-02 2.022149882185519942e-03
6.721192237378909029e-02 2.395910913760130115e-02 4.920655924228520446e-03
7.293860379607210176e-02 1.986191666142159834e-02 2.198030758473890208e-04
6.996722184155809710e-02 2.154836672956529989e-02 4.291102488417329781e-03
7.572528334737320399e-02 1.789354165590329934e-02 4.269346512693560330e-05
8.269000786191900432e-02 1.900717647046060166e-02 1.612685141645750150e-02
7.948025496764139775e-02 1.853725488035340083e-02 1.694505971419230095e-02
7.677896892384721006e-02 2.012101788203600125e-02 2.503227358937499744e-02
7.661032332878750517e-02 1.798575190867699944e-02 2.120097374745099836e-02
7.664694465603170970e-02 1.818908637571119841e-02 1.686738511762799972e-02
8.327604257596350756e-02 1.810080544537610164e-02 6.290667410474330527e-03
3.437576770999999781e-02 3.829434394999999686e-02 6.669934272999999969e-02
2.705065897922180260e-02 4.026877032790719679e-02 5.828681568080369690e-02
3.267750712067400004e-02 4.009806549006710019e-02 6.425974287034069699e-02
3.044145690195560264e-02 3.777352940780649704e-02 6.179277215303749515e-02
3.017133414244910217e-02 3.736943688806219910e-02 5.966621507228089816e-02
2.848850131000000077e-02 3.534888744500000457e-02 5.172526120999999810e-02
2.648972874066870056e-02 3.419032003532099934e-02 4.769048941555740356e-02
7.024325879018479546e-02 3.000065619392590019e-02 4.003906412492379968e-02
6.752924431624270085e-02 2.774076103384480116e-02 4.156818957838510215e-02
7.664656993671499496e-02 2.275242443470159789e-02 8.008524563877329749e-02
7.264519404901399746e-02 2.191650630786839971e-02 8.138486640205630507e-02
7.218843552053851031e-02 2.126465308852249977e-02 7.850341983526390455e-02
4.623615682808440014e-02 2.977071707005030099e-02 7.290213546993250249e-02
4.905760049999999955e-02 3.096856594000000143e-02 7.862936258500000108e-02
4.525544521799059611e-02 3.103552077609050136e-02 7.695515753029100181e-02
4.115942079781589880e-02 3.496797055963460354e-02 6.505945319251919823e-02
4.343845028774059869e-02 3.033014312743860172e-02 6.704300590371059521e-02
5.143858432500000161e-02 3.331701994000000472e-02 8.824752330500000574e-02
4.716122564971760023e-02 3.130580225169200120e-02 8.140756664383601293e-02
4.936887263999999859e-02 3.616729498000000043e-02 9.229933739000001358e-02
4.822499244365360122e-02 3.234922513789589837e-02 8.702144595751121203e-02
7.651965391327780752e-02 2.125245799479489814e-02 4.481642899610059627e-02
6.138351326586410223e-02 2.806590689072159875e-02 9.188633832061249285e-02
5.456383228000000196e-02 3.012564182000000007e-02 9.389461517000000090e-02
5.354889620003800560e-02 3.012026685561470379e-02 9.040552134570280229e-02
6.350577093692240382e-02 2.920484262899369909e-02 9.030909576486989554e-02
6.161076031955380061e-02 2.977457552358610260e-02 8.846755223770010057e-02
5.694450063164530063e-02 2.919674331595539796e-02 9.020967071912260049e-02
6.852756930507689082e-02 2.732787996921659870e-02 8.744182985008250308e-02
7.037649913477408981e-02 2.601184562934710093e-02 8.490893245091790664e-02
7.761888790363319357e-02 1.680033914527570213e-02 7.227286722648890160e-02
7.581511078648531243e-02 2.084188169939929849e-02 7.255089714129700496e-02
7.666394556958559814e-02 1.739437359830839705e-02 7.039305198101530880e-02
7.659855172310030269e-02 1.763434646001579842e-02 6.754407042013750584e-02
8.861079227211189624e-02 1.311178973422840073e-02 5.650752534689900547e-02
8.508368146130040888e-02 1.667015053144150008e-02 4.758857328387249702e-02
8.160358928223969410e-02 1.958497450306170146e-02 4.395904700525139763e-02
8.506540355670630382e-02 1.359502562683790119e-02 5.372171522580330288e-02
8.547244010950889870e-02 1.331899195938860032e-02 5.615708586150069959e-02
8.204613044883930784e-02 1.508647829860339934e-02 5.936388737231980406e-02
8.561884234198199883e-02 1.212800229253889993e-02 5.855210017269239786e-02
8.043404253995879716e-02 1.355086968709100052e-02 6.184853796585700059e-02
8.099643601136959081e-02 1.498551210158130011e-02 6.432619772819969661e-02
7.785387159564570447e-02 1.451152808338680017e-02 6.476879934715870646e-02
9.086081505000000169e-02 1.323049307000000001e-02 5.307244301000000469e-02
8.731843763326241348e-02 1.399792576340700041e-02 4.907245627971129620e-02
9.699121578279119860e-02 1.517536012676099985e-02 4.209132247688140288e-02
9.930146646660109599e-02 1.434720194230670008e-02 2.586091303348810044e-02
1.085070007313049950e-01 1.522064454908250014e-02 1.587371411560270160e-02
1.043702125999999980e-01 1.100494265999999929e-02 2.933467626999999855e-02
1.000753239991860055e-01 1.218093654991750027e-02 2.896740787318680121e-02
1.047136211000000011e-01 1.046712398999999870e-02 2.434977770000000194e-02
9.598635218351270204e-02 1.520391661072969906e-02 3.530185403407039985e-02
9.972994262647159880e-02 1.588731282047359944e-02 1.414923765305439902e-02
1.060724718457780047e-01 1.399673493391710016e-02 1.258246062039829888e-02
2.140856596434349834e-02 3.682420693067869899e-02 3.294115698042139606e-02
1.885858127204170093e-02 3.930683336101840203e-02 3.192793516480180172e-02
2.334070359325340210e-02 3.784966062623959515e-02 4.318339860517060591e-02
3.083155067607970187e-02 3.711280539525280142e-02 1.562166861562979889e-02
2.620960803865510225e-02 3.901239156943879516e-02 1.781842593074179845e-02
4.577505600084180032e-02 2.861880023320840030e-02 7.272785027613550696e-03
4.011579841843210259e-02 2.906719211811800013e-02 6.863875004666129646e-03
3.636656070888189679e-02 2.990171907093529952e-02 1.075762716285660024e-02
3.587243079485499808e-02 3.225342690463129519e-02 1.271127144927360064e-02
3.986161259688299902e-02 2.765081049721370213e-02 9.283882205290380427e-03
6.969097807585949989e-02 2.534112943279389837e-02 3.296671310674390704e-02
6.934224820607370887e-02 2.553507247908359812e-02 3.620530417525039818e-02
7.280799650046419769e-02 3.001558128270869971e-02 3.799993966100129877e-02
7.181399310391549384e-02 2.652371421763759923e-02 3.642905791735009946e-02
5.248777775393030642e-02 2.573637932477690349e-02 7.778379293221419563e-03
5.075825070994050003e-02 2.686723463486979935e-02 4.357434488458199542e-03
5.521958368985940141e-02 2.561896039417749932e-02 3.822855456299110045e-03
6.360628493776410153e-02 2.409044442020229909e-02 5.817375189573179700e-03
5.837722262184839861e-02 2.322377644116430107e-02 6.930770713721759804e-03
4.773979044332619937e-02 2.567385273841090235e-02 6.732779891950790505e-03
6.584727858790610788e-02 2.260618767222390135e-02 3.415794814590090035e-03
8.796269410606089023e-02 1.934963406381480164e-02 1.106271117803660047e-02
8.537358602446540323e-02 1.705260466712979830e-02 1.063261227705749982e-02
8.252109572985169561e-02 1.773133509926560006e-02 1.325378870431959989e-02
6.985594788861120008e-02 1.965271190381890146e-02 6.591896455318250634e-04
6.821637501184639463e-02 2.057837883357750003e-02 3.120249282881060442e-03
7.916175634395790361e-02 1.631912154094070089e-02 7.193336491442829835e-04
7.592845917000000389e-02 1.959385036999999885e-02 3.708042502000000098e-03
7.687131999995830411e-02 1.541598078484219918e-02 2.453985608233430309e-03
7.229027175395980054e-02 1.899154994819639980e-02 3.909331635244490087e-03
8.397260293762200123e-02 1.773486138876570126e-02 3.515462556421240260e-03
8.062959044486719962e-02 1.601434832041340184e-02 3.103418940304769960e-03
7.985972633573079627e-02 1.562862008859329868e-02 1.471189232633600061e-02
8.106375496631269828e-02 1.905549306828580036e-02 1.956221487908689841e-02
7.946552469232280591e-02 1.764569999850739909e-02 2.102093376310379749e-02
7.601713852111099956e-02 1.841022659537620149e-02 2.454237923568750035e-02
8.966117358427741491e-02 1.736356697814130101e-02 5.060397076903450087e-03
7.687784616442779051e-02 2.259379186306410131e-02 2.829752183532249776e-02
8.957933652803100333e-02 1.722651354244170152e-02 8.544184378818479864e-03
3.794960472267459861e-02 3.483603823302659774e-02 6.746162171379910255e-02
3.614967366342740351e-02 3.614215619287030473e-02 6.290898121232170459e-02
2.690329552000000207e-02 3.753395081000000105e-02 6.155056477000000331e-02
2.860761227966310272e-02 3.539199052277660490e-02 5.697662580846090535e-02
2.279048344117769881e-02 3.936614562885910190e-02 5.063924986604980555e-02
2.355640888000000086e-02 3.385142802999999839e-02 4.353842734999999881e-02
2.333020253777759803e-02 3.340666586737860155e-02 4.879183825986859596e-02
7.450267900770130014e-02 2.056086101222509913e-02 7.882721670139471171e-02
7.464775457880550025e-02 2.106478767727560167e-02 7.619672857290440970e-02
6.999119854752780534e-02 2.292083781901680176e-02 8.116771603231219545e-02
7.055602993719409244e-02 2.384056535160630069e-02 8.510625884617410708e-02
4.139664942477539605e-02 3.301964938094140156e-02 6.940270787157139243e-02
4.807111121326460013e-02 2.812437754665949793e-02 7.304328570567698853e-02
4.706908702999999805e-02 2.684915304000000044e-02 7.056486130000000356e-02
4.542982169869610315e-02 3.366401305521989767e-02 8.332948738208370565e-02
4.864304172823469968e-02 3.026735295323430136e-02 8.164071391967760161e-02
4.794002473250000285e-02 3.012847274625000266e-02 8.469503045375000039e-02
4.918551206499999912e-02 2.771951198500000046e-02 7.570873260499999535e-02
4.719632625999999748e-02 3.376905917999999812e-02 8.977788925000000642e-02
4.537515457795490009e-02 3.183929276423209942e-02 8.508892511275020776e-02
8.124409654380970736e-02 1.876106924707780094e-02 4.709748758381599593e-02
7.708023378489049782e-02 2.364043399527070155e-02 3.963231346631550245e-02
7.795708753375368838e-02 2.230238463901210166e-02 4.378935877966790013e-02
7.370501567616240257e-02 2.297200415282150271e-02 4.230708810259169866e-02
7.935605344979790310e-02 2.364238596927720204e-02 4.436804894176820530e-02
5.739244457754780204e-02 2.848285739428380037e-02 9.220575891331410368e-02
5.004844779312720565e-02 3.112086181536500087e-02 9.193040204224520173e-02
6.037151163888690442e-02 2.796602585054230178e-02 8.880762665712120529e-02
5.020547628250000144e-02 3.001659393250000196e-02 8.828846931500000661e-02
5.771172187054320057e-02 2.957026158871210036e-02 8.806886120493709336e-02
6.546352322299729687e-02 2.662257850415319926e-02 9.021994788919179831e-02
6.526277319388851250e-02 2.695457998301450248e-02 8.772001344451409166e-02
7.600467980040820359e-02 1.854565395405149975e-02 7.552974548269290878e-02
8.323226140018061270e-02 1.871034693403040086e-02 4.223717444381539649e-02
8.204516214090419590e-02 1.238296550865989991e-02 6.224904293046199660e-02
8.236830830276040127e-02 1.268278626131070022e-02 5.851984665724690310e-02
7.713966697645230353e-02 1.607112919974080026e-02 6.484307014521689672e-02
9.366164697220270841e-02 1.534987427144890101e-02 4.272236943887290639e-02
8.914454557931220102e-02 1.358011891427310033e-02 4.658861898980889982e-02
8.834502108337280446e-02 1.614950795815610005e-02 4.475353543437599751e-02
8.945966724484380461e-02 1.036686170530480046e-02 5.037185438686540145e-02
9.491919848114740987e-02 1.607253120042850120e-02 5.387626162771720108e-03
9.328041474136010425e-02 1.783211723286180078e-02 7.539117324955620265e-03
1.015404000580659993e-01 1.214087584002260072e-02 2.217905248731080053e-02
1.018442647307980092e-01 1.243105405569409905e-02 1.834624616730039931e-02
9.751538112255800361e-02 1.425318829319940049e-02 3.077596893693770180e-02
1.018943492466080070e-01 1.113270532415860069e-02 2.696239881216740131e-02
1.018656564563190092e-01 1.046908578399939962e-02 3.264121253976450671e-02
9.781112552667849125e-02 1.352188343865720101e-02 1.180631912367710069e-02
1.009046172999999991e-01 1.168421268000000013e-02 9.494567513000000750e-03
1.037819099000000106e-01 1.348355174000000038e-02 1.028913379000000010e-02
1.020939188089709931e-01 1.323721815108759928e-02 1.372306340216730008e-02
9.809414864000000345e-02 1.342786789000000036e-02 6.804071665000000456e-03
2.157035439932580151e-02 4.276354688676880372e-02 2.301054422584280015e-02
2.419797596906440168e-02 3.897057211737649934e-02 2.094169416887229837e-02
2.190624993201599827e-02 4.128308317669149990e-02 2.543925008336559920e-02
1.951525455693510144e-02 3.931181630087890455e-02 2.828799251688230224e-02
2.293539286000000066e-02 3.574251174999999725e-02 3.205870389999999903e-02
2.346232170807239711e-02 3.827669292886999586e-02 2.781018582654800134e-02
2.168202732834220020e-02 3.710786522199779891e-02 2.873078081528800121e-02
2.294231176000000039e-02 3.425758839000000305e-02 3.727792500999999731e-02
1.871395706999999867e-02 3.843963146000000525e-02 3.965059757000000129e-02
2.179071954036880185e-02 3.627227780356250680e-02 4.088374593850110233e-02
3.098802879905689783e-02 3.346493778121020085e-02 1.380585879618119981e-02
2.989112244022960191e-02 3.582481303427110381e-02 1.194650315823250070e-02
2.850494302750820191e-02 3.575334389232220217e-02 1.581374737229979816e-02
2.548058573043369968e-02 3.655677573892490012e-02 1.544785933558360039e-02
2.345952289175830263e-02 3.829747155745560211e-02 1.820584958192589947e-02
3.219911212155599639e-02 3.252788114127370261e-02 1.108865079044240101e-02
3.157683487267300138e-02 3.337259385862550304e-02 1.577727891887389933e-02
3.926998378492999736e-02 2.784647060089069995e-02 1.127329822908190032e-02
7.065128232259580698e-02 2.499115607624890004e-02 3.949661563795800467e-02
7.366299648258549382e-02 2.435165649610710262e-02 3.544636527076509835e-02
7.182507296197650215e-02 2.311354280712060033e-02 3.151411960510019927e-02
5.955225354518120517e-02 2.363021453761380078e-02 4.608376724134949885e-03
6.287777701384200668e-02 2.105901097297950206e-02 4.079749141595050491e-03
5.579466889837349924e-02 2.372132510943960118e-02 5.592759516166489857e-03
6.582553111180990124e-02 2.074157139225609944e-02 1.399347524503770064e-03
8.208682150915951048e-02 1.640263038102390131e-02 8.368710008568510175e-03
7.288443459258620027e-02 1.597726539528340067e-02 2.180026838112220089e-03
7.011052706606191176e-02 1.795697171156500002e-02 2.408582495831490273e-03
7.999617576999999702e-02 1.742019415000000196e-02 4.546851814000000408e-03
8.656461989453000105e-02 1.818439708750910211e-02 1.368496107807270004e-02
7.920352206246959736e-02 1.975985966272660044e-02 2.420061631176840047e-02
7.620643040414580571e-02 2.084541853207120057e-02 2.879933894322410023e-02
7.651694552486509870e-02 1.810056380868019926e-02 2.791693628660539897e-02
3.478918737918179627e-02 3.490951702672209778e-02 6.592557171427640417e-02
3.735300393653320089e-02 3.448221189297859951e-02 6.538294021900228903e-02
3.492183215228010507e-02 3.542355144181610210e-02 6.392802333852290464e-02
2.480763158808680161e-02 3.895346203650210115e-02 5.642753914585299513e-02
3.137792263558630140e-02 3.485694839075870188e-02 6.445373599400740228e-02
2.500938339932989862e-02 3.719650279386960134e-02 5.824605902772989757e-02
2.804798578964510028e-02 3.575076897726459785e-02 5.932035963549439628e-02
3.250839082849869832e-02 3.436610860900749659e-02 5.994848868091000316e-02
2.365634580094650233e-02 3.889916875980019978e-02 5.398533525614410133e-02
2.511131499328150135e-02 3.452400306980290406e-02 5.362261880095579858e-02
2.118623734000000050e-02 4.023231505999999569e-02 4.421241282999999883e-02
2.210678339000000242e-02 3.976142883000000072e-02 4.757533072999999696e-02
2.309521431242000239e-02 3.223357282881900154e-02 4.579188019894409739e-02
2.668034553500000031e-02 3.262554406999999823e-02 5.168578862999999995e-02
2.246524082870039740e-02 3.664697749942430471e-02 5.124577264398970378e-02
7.221001067692479902e-02 2.010614632728649834e-02 7.348692222571800992e-02
6.676238881586789298e-02 2.231578447103390109e-02 7.836813604132669697e-02
6.823017573175389761e-02 1.969926351608999870e-02 7.725894437403429960e-02
7.130126398863589898e-02 1.846950073470359985e-02 7.468753888255330597e-02
4.295066357000000556e-02 2.961465359000000144e-02 7.122035503000000156e-02
4.029394633188960323e-02 3.241102609316320188e-02 6.674766102328609507e-02
4.385743379750000476e-02 2.650335729249999814e-02 7.032184481749999272e-02
4.482891838040110183e-02 3.072657206020700318e-02 8.162901685269970120e-02
4.874198914000000410e-02 2.828121662000000064e-02 7.965842723999999597e-02
4.358138064365240510e-02 2.703420399746150199e-02 7.456019905090700839e-02
4.672682740372520460e-02 2.589878033933270055e-02 7.478556571365720107e-02
4.651461386413159593e-02 3.151393339583030001e-02 8.759216949886169945e-02
7.437240473264900009e-02 2.722997908818150167e-02 3.836853432258539864e-02
7.152698116573989739e-02 2.755068188406210178e-02 3.933136544331389955e-02
7.571611074549039477e-02 2.273484743436040081e-02 4.127864370305049657e-02
7.905402515189731416e-02 1.945442873421589919e-02 4.501852783338090164e-02
6.366089872719300768e-02 2.794190099987590298e-02 8.656512599915319739e-02
5.453135500883880132e-02 3.020517057092040117e-02 8.792061819340109274e-02
5.119005379374250153e-02 3.001517057213260245e-02 8.628792595316570058e-02
6.692430322515000030e-02 2.441916018874849825e-02 8.416958814845600101e-02
6.606120021247510743e-02 2.372468685560849902e-02 8.679203128775840603e-02
8.026870897116390735e-02 1.338285665880009981e-02 6.544917175022420264e-02
7.592707095874469403e-02 1.449647028376750170e-02 6.983287186313789918e-02
7.462768748354320358e-02 1.841857665432619987e-02 7.299689338508240366e-02
7.415472996055230692e-02 1.820799324120300072e-02 6.983524456528840407e-02
7.503911148772020312e-02 1.505087758680950100e-02 6.814409464814970285e-02
8.622777010972229594e-02 1.889873599204579951e-02 4.070992875607230138e-02
7.944715881507941058e-02 2.247350312949939963e-02 4.116009151861320381e-02
8.259574355729248918e-02 1.672893899424210060e-02 4.420102428220919893e-02
8.088795351913020959e-02 1.260844075322310048e-02 5.583048536623030217e-02
7.835409105029500498e-02 1.317768303667400144e-02 5.897166294296779521e-02
7.597246762449559598e-02 1.375454199644910065e-02 6.158085803143170667e-02
9.004016875999999725e-02 1.750053405999999964e-02 3.997494458999999861e-02
9.144078294462100465e-02 1.511160536796610047e-02 4.092030421018189729e-02
9.164390298883999530e-02 1.362363525119759944e-02 4.439109837277229603e-02
8.610285621394329902e-02 1.705559168520559901e-02 4.294000141236249679e-02
8.720191541219840525e-02 1.097987470599269891e-02 5.478340280267450513e-02
8.501825376486629726e-02 1.327073786324400005e-02 4.704793401760760246e-02
9.597619660771750105e-02 1.252758108419690063e-02 4.369165739420440009e-02
9.631743910424581112e-02 1.084154927960380085e-02 4.047934306529159948e-02
9.418545642100210891e-02 1.338304569434060030e-02 3.899116944493800224e-02
9.827299314991989887e-02 1.364102521006249971e-02 2.161340883808890098e-02
9.938944440204440511e-02 1.054475128928549985e-02 2.487005225811899853e-02
1.057927568505849930e-01 1.258894164981930186e-02 1.524832191175080030e-02
1.037005730786339924e-01 9.592615207686521275e-03 2.019788316249429908e-02
9.912067255391709963e-02 9.840943737681521336e-03 3.551855436404149913e-02
9.614493277149320505e-02 1.209572791945210009e-02 3.544251088660770044e-02
9.708792638249370832e-02 1.138248625419140125e-02 3.157621160215080131e-02
9.210652504560050413e-02 1.769179945667270076e-02 1.143982301421360079e-02
9.426270495233179947e-02 1.548352413983180090e-02 1.357132495830410020e-02
9.501251589162089395e-02 1.434594498925950007e-02 8.162953809654769147e-03
2.528163678009730242e-02 3.780533763600040648e-02 2.237147640652260155e-02
2.291219519399900068e-02 3.859611366802410265e-02 2.384072105363590002e-02
2.053023531261110105e-02 4.000969704629329937e-02 2.492277854613870330e-02
1.902927745105279997e-02 3.580482260048049870e-02 3.470546046160050135e-02
2.718086865703730343e-02 3.662523518234370168e-02 1.946579651740720091e-02
4.366038246055579941e-02 2.623781217355959997e-02 5.888350006102250310e-03
3.641163891525099616e-02 2.716776488277929807e-02 8.746382292578369980e-03
3.374489183389590280e-02 2.896944917933910041e-02 1.028768804666150075e-02
3.343360678211560605e-02 3.043224793448209842e-02 1.281982241208260050e-02
4.298595015910999795e-02 2.580662028082249954e-02 7.928791019585079355e-03
4.382961809016470284e-02 2.515993993138150239e-02 9.728532975977730729e-03
7.534635868958919347e-02 2.513887772559730144e-02 3.570421436841789836e-02
7.434810095884830661e-02 2.051987878497590206e-02 3.157441454329679847e-02
4.800248145482000073e-02 2.355650494902520112e-02 8.764498619273069363e-03
5.916334666784339724e-02 2.243321582522820115e-02 3.064479533349210010e-03
6.048419191908629977e-02 2.065014082725359981e-02 6.349552415834099420e-03
4.740547408820190017e-02 2.415653739136330164e-02 5.146051224693050201e-03
6.657776962115290187e-02 2.064496195594949998e-02 4.923633759162579331e-03
8.650183540846829999e-02 1.614384267429829975e-02 7.063683904822969442e-03
7.092709560600529706e-02 1.552790483000200152e-02 5.930844198513830594e-04
6.848793992663199104e-02 1.670773837905489834e-02 4.835048706712490388e-03
7.464026507570099833e-02 1.346078867953339961e-02 6.989365326957359828e-04
8.170580942841079719e-02 1.740066854329129845e-02 1.603803742669650170e-03
7.483343036529151171e-02 1.627899346890039969e-02 3.773160831673750062e-03
7.727039336999999564e-02 1.597875118000000039e-02 3.807711005000000062e-03
8.486175281608339394e-02 1.513238424917989940e-02 1.528649738858659998e-02
8.220669395519840383e-02 1.593634836093680077e-02 1.792313616139210031e-02
8.297966758313139735e-02 1.383716194010690091e-02 1.271318153633020122e-02
7.987412349293090963e-02 1.499543428006810085e-02 1.984766797464460053e-02
7.890594528931520191e-02 2.020979335464300267e-02 2.754594616157650042e-02
8.128838170117361206e-02 1.806402706056639898e-02 2.254957349721290263e-02
7.852392844357411472e-02 1.612211196085050133e-02 2.421901848312869865e-02
8.452850818500000363e-02 1.326831817500000003e-02 6.064025759500000015e-03
2.917413984216549877e-02 3.292664161243960552e-02 6.179248814561449921e-02
3.107581596706189900e-02 3.353144406862689636e-02 6.089710935515289802e-02
2.739704131999999917e-02 3.359447240999999945e-02 5.430114746000000436e-02
1.998551240328850023e-02 3.953814918672210466e-02 4.160127621219500416e-02
2.208323236991810087e-02 3.605108587886530352e-02 4.570206283805880454e-02
2.466133833000000095e-02 3.143160342999999635e-02 4.437431811999999892e-02
2.596364974999999797e-02 3.165661572999999701e-02 4.907042980000000248e-02
6.469810903747359732e-02 2.419879993408180149e-02 8.150130713276999839e-02
6.818787570605519543e-02 1.971400194154309879e-02 8.052918648936860380e-02
7.058086639696771469e-02 1.878970890714850087e-02 7.856939242053620487e-02
7.271623173908070559e-02 1.777102659960830278e-02 7.630013339013190510e-02
6.811816139816329052e-02 2.179526377660279818e-02 8.340574590415419931e-02
3.825277753817959980e-02 3.167866175208250423e-02 6.340236234566939966e-02
4.203368669605229979e-02 2.703267607240150000e-02 6.673666333400270212e-02
4.045611463812229941e-02 2.865209416340359916e-02 6.706258137761429705e-02
4.473527571156150212e-02 2.780255995859010065e-02 7.801533221110100447e-02
4.598126493887269572e-02 2.672839880510920196e-02 8.068218783495099966e-02
4.841181287329210381e-02 2.789740340685920028e-02 8.276839893342020915e-02
4.749017954000000347e-02 2.687836885500000106e-02 7.983969926999999467e-02
7.382599000875610107e-02 2.431682705878469852e-02 3.878152300627470128e-02
7.726714081465840822e-02 1.946802606170710062e-02 4.111212887713890096e-02
6.179635653267020329e-02 2.514840680160219943e-02 8.881793746457899985e-02
5.481028629490020121e-02 2.742521943618830144e-02 9.097662679956490528e-02
5.103289413081849718e-02 2.825118692315600061e-02 8.983495833645691042e-02
5.746053704422160457e-02 2.598716480608309967e-02 8.915534196000679534e-02
5.995999813000000428e-02 2.752935885999999860e-02 8.585346221999999583e-02
5.348629161640849894e-02 2.761686439089009945e-02 8.733855660489389661e-02
5.777956805479229907e-02 2.615369637552020232e-02 8.641474997311160422e-02
6.556446399190339613e-02 2.639710704225079960e-02 8.445590086064100332e-02
7.665807768098849284e-02 1.257525465507930082e-02 6.639184150864339828e-02
7.347723456523801155e-02 1.590745915278870062e-02 7.336657025490289641e-02
7.403323325994230764e-02 1.264538428758059906e-02 6.461413126574279409e-02
8.027160304617519948e-02 1.908563318726319916e-02 3.903638732614650442e-02
8.054342985000000066e-02 1.698071121999999988e-02 4.093776941499999850e-02
8.165291440588980099e-02 1.065443315309340042e-02 5.528150998553640200e-02
8.566521786588880694e-02 1.125426154692570069e-02 5.216005324023589851e-02
8.394603851164191000e-02 9.728597120041619292e-03 5.569464493299499525e-02
8.172432451482361526e-02 1.044724925284420090e-02 5.909162600102429996e-02
9.244505013093100299e-02 1.072904312794559917e-02 4.468623515755990039e-02
8.570147791204810184e-02 1.420000387590480105e-02 4.257677280311140261e-02
8.474061063479461364e-02 1.123645056441720073e-02 4.969495608608990450e-02
8.753292639017620780e-02 1.071810947265459946e-02 4.775320058674559914e-02
9.159777124509270452e-02 1.549112058766339943e-02 3.664606947477599963e-02
9.685352203605600285e-02 1.367886284910370051e-02 1.709569443818429943e-02
1.037410297290380090e-01 1.009892553734540073e-02 1.679356025243010017e-02
9.989627458102200153e-02 9.041714838964440629e-03 3.088510796953390300e-02
9.466808013522880205e-02 1.254212082347629965e-02 2.808681845388889819e-02
9.609586136965270198e-02 1.043983638453190033e-02 2.716759488697510078e-02
9.998862467373779983e-02 8.326688074519110125e-03 2.606564601354299793e-02
1.008203923458550061e-01 8.095593267825810027e-03 2.193742137006579954e-02
9.314436866745939847e-02 1.362924300802540074e-02 3.268432358383849962e-02
9.948286059996959418e-02 1.170736898259040065e-02 1.366867717353360129e-02
9.962224882454809305e-02 1.090722335084610105e-02 1.731567903514430115e-02
1.031245136000000090e-01 1.099333404999999937e-02 1.300729156000000018e-02
2.186877627003579877e-02 3.918886398366110135e-02 2.100735744024409893e-02
2.168124617871540136e-02 3.296477983754090429e-02 3.448313697969840330e-02
2.216100902703299971e-02 3.297607245306129892e-02 3.134017897553979803e-02
2.128542184499999934e-02 3.376089930500000141e-02 3.806987046999999597e-02
1.946684000547820037e-02 3.602577579470010033e-02 3.040409937058050072e-02
2.441043183594520175e-02 3.661366735024840224e-02 2.515372198941100146e-02
2.380479812999999889e-02 3.223672152000000429e-02 4.102742672000000285e-02
1.942760551406389966e-02 3.408443794640129976e-02 3.873332841567009993e-02
2.939757226877380211e-02 3.562381112698660007e-02 1.726770206923870093e-02
2.760136110886330166e-02 3.519727488789380077e-02 1.390384898472160104e-02
2.587304021244690028e-02 3.510215824279620117e-02 1.851621970897950054e-02
4.020408904509449599e-02 2.379840547252390012e-02 7.540927131681520075e-03
3.492175111421250144e-02 2.832675625493909916e-02 1.404345804875270151e-02
3.622895538200700261e-02 2.587845946333780164e-02 1.133693239553809975e-02
3.980755506810240013e-02 2.402520484425080260e-02 1.179608300780330028e-02
7.253064067623919697e-02 2.274395980065930037e-02 3.572877557764650436e-02
7.757264296648930246e-02 2.269179020233690058e-02 3.518673704109770428e-02
7.884451801304419305e-02 2.077436905404789896e-02 3.146583244916120042e-02
7.648721533092539548e-02 2.085702787642420078e-02 3.297800356498799962e-02
5.355770230000000270e-02 2.109189376125000098e-02 6.139546595624999908e-03
5.004296799812149588e-02 2.156578091755960089e-02 6.843562695734090214e-03
5.138651235128970096e-02 2.312065771975860273e-02 4.537258939635950387e-03
6.241491345589599699e-02 1.982878790734430088e-02 2.163868099738679770e-03
5.804848739221969700e-02 1.993727674173730036e-02 5.259873617419620617e-03
5.367393545383539882e-02 2.121180870992580084e-02 7.909917718333889583e-03
6.574567571460500359e-02 1.828179515022070045e-02 3.264369813692530060e-03
8.904326785407859490e-02 1.515610268316470131e-02 1.126967421729560027e-02
6.827946756872520229e-02 1.542990843447749998e-02 2.892958154116580336e-03
7.854245119126300467e-02 1.129685484023110024e-02 1.839846619433799842e-03
8.228310500067860522e-02 1.454781817453470148e-02 2.080599066297740118e-03
7.514605411048759509e-02 1.197493775620350059e-02 2.850950766312459767e-03
8.030152321000000315e-02 1.374737740000000000e-02 5.051535367999999623e-03
8.751257931287810543e-02 1.571023781280580026e-02 1.708633830809240181e-02
8.386936493772739754e-02 1.686879007536950040e-02 1.998769357005150335e-02
7.901693335783280259e-02 1.811254446874580037e-02 2.852430094506150024e-02
8.042762732420179195e-02 1.685400662353880169e-02 2.432415286368900045e-02
8.597802677444039976e-02 1.407827018276170024e-02 4.647625784181549403e-03
9.264232312416620374e-02 1.452212590178660057e-02 6.573528346774620661e-03
9.058920860000001241e-02 1.253237367000000109e-02 8.180001973999999690e-03
3.502010274988640037e-02 3.177262459349859680e-02 6.568704089121168987e-02
3.840497896512500009e-02 2.975780947014030134e-02 6.807212974185619658e-02
3.502720600938239587e-02 3.126147328869800096e-02 6.122978161634780314e-02
2.280368372615939818e-02 3.550113477565540465e-02 5.528432850058919573e-02
2.825635964496680044e-02 3.301278702351230498e-02 5.783762968123600662e-02
2.585468170581380065e-02 3.393923816324290188e-02 5.921539632079650395e-02
2.029057265836690244e-02 3.758672273840900357e-02 4.338359855978210500e-02
2.175434625067980063e-02 3.207693955204420078e-02 4.167071572207690228e-02
2.071121429347410128e-02 3.386834966458160401e-02 4.696258678028190220e-02
2.543294397053270234e-02 2.880670032230770242e-02 4.969177046662150155e-02
2.013795437162010232e-02 3.703339818777160591e-02 4.756884343546680105e-02
2.161757894432870045e-02 3.354468785172450007e-02 5.050058754591090632e-02
2.598143624521160114e-02 3.036422102262420139e-02 5.219651489006790074e-02
6.772082016695370188e-02 1.927069342941100175e-02 7.404211681472999684e-02
6.625406011173111398e-02 2.156027717957029882e-02 8.061990051251390066e-02
4.829802980587569877e-02 2.508557831279059971e-02 7.245350257251730042e-02
4.352518419987100318e-02 2.436099915053660178e-02 6.792295062671939443e-02
3.991166275428290056e-02 2.660504097740319998e-02 6.967221729031139454e-02
5.107794567957950338e-02 2.777372653498339991e-02 8.262599220820460166e-02
4.615539863220720351e-02 2.843580334143430352e-02 8.449086274802700136e-02
5.002015093810469742e-02 2.585779918225249857e-02 7.752101940881120368e-02
4.832060746916120447e-02 3.029622010045849786e-02 8.950463291679609801e-02
7.855085611499999787e-02 2.069347858500000109e-02 4.086081534374999547e-02
7.699446827826790518e-02 2.106181009449899916e-02 3.751631322565020243e-02
7.435335161676420723e-02 2.157337599452640101e-02 3.895866967251399721e-02
5.076037571186720054e-02 2.649691724375550020e-02 8.340379195085950714e-02
5.455396469685660360e-02 2.812075288763260170e-02 8.509721912097019392e-02
6.314482808249999302e-02 2.556030809749999799e-02 8.653476953500000013e-02
7.229772592648359142e-02 1.618518390831820072e-02 7.073392760397489987e-02
7.291097800086950020e-02 1.543438607515260075e-02 6.622428837161539739e-02
8.324312878927619952e-02 1.815639953749139876e-02 3.979172937056709575e-02
8.611275640528549824e-02 1.588255008278049996e-02 4.013608971933909503e-02
8.331564600700279433e-02 1.511318094315059965e-02 4.112047570382180300e-02
8.157785489127160339e-02 1.079325300434980095e-02 5.177055692115970637e-02
7.886451383209600041e-02 1.124686543927350124e-02 5.950441803584310269e-02
7.709607449463221074e-02 1.228691067806940082e-02 6.248228981661910209e-02
7.843469295845420519e-02 1.170791226084070061e-02 6.385435833810039485e-02
7.849632765787400990e-02 1.010664669878989959e-02 6.106469165372339913e-02
9.161627828091370440e-02 1.211520958024319902e-02 4.146657874822030215e-02
8.857373086974490439e-02 1.097330260790210094e-02 4.402316165627650352e-02
8.850481026275279495e-02 1.407927494523569974e-02 4.192289729162099882e-02
8.619313341044849974e-02 8.742158550911859408e-03 5.142998494889980399e-02
9.623562050350020769e-02 1.004565283687989911e-02 2.362672481843830150e-02
9.840657762380240758e-02 1.033053226494700001e-02 2.174933028471199778e-02
1.010150172210349945e-01 7.954723752394249683e-03 1.829384652574620254e-02
9.724639295749559764e-02 7.996976874969240548e-03 2.867258463420069986e-02
9.233701936686110334e-02 1.413704057744000035e-02 9.962705892554799686e-03
9.398706037045090333e-02 1.066473987078270062e-02 1.394493547085360122e-02
9.510583330209439190e-02 1.261935877809050068e-02 1.093828145653779997e-02
9.754354477000000412e-02 1.054774403999999936e-02 9.007015228000000984e-03
9.443993119503961420e-02 1.198947845707490009e-02 7.732277523157529524e-03
2.425938290747350207e-02 3.477218508214659914e-02 2.176357574080600016e-02
2.053472049548830253e-02 3.528379319122960239e-02 2.644144934566509952e-02
2.407916899445559922e-02 3.102009012888620049e-02 3.555881453033610251e-02
2.399759552053170111e-02 3.535392252599529883e-02 2.778847478835020160e-02
2.295662666212169856e-02 3.476210775149630311e-02 2.495246704346330141e-02
2.021526924778689963e-02 3.197918916194669725e-02 3.215926475047100469e-02
1.960617517990160055e-02 3.405963045957059732e-02 4.326501765049260012e-02
2.871253690088889851e-02 3.086068071999159904e-02 1.741946789026579956e-02
3.081330602010949951e-02 2.936902913204100102e-02 1.519092413533610145e-02
2.975055337203200145e-02 3.315285200227190143e-02 1.285039044439099942e-02
2.432560613062929866e-02 3.388976455035530577e-02 1.800895836008340259e-02
2.679857744330570168e-02 3.228820916827059712e-02 1.576005754555019969e-02
2.240314007000000079e-02 3.483068705000000320e-02 2.103920220999999993e-02
3.987234862653470102e-02 2.241570493951689988e-02 1.038144088439300027e-02
3.041254449604370233e-02 2.914883879259220351e-02 1.320390983153390055e-02
5.095011708860260752e-02 2.230803258226990091e-02 8.364834055152469208e-03
4.385945475012850009e-02 2.276582491255649959e-02 8.660925396961258876e-03
4.665526344784340362e-02 2.101798082367470344e-02 7.921013463656039963e-03
5.451694753028920454e-02 2.146749294344369938e-02 4.028018560437790323e-03
6.191686292651630424e-02 1.714464326041939893e-02 4.370463439094990181e-03
6.321377482736320608e-02 1.925787119076900061e-02 5.857885229349009577e-03
5.718560099282139764e-02 1.918653164327389915e-02 7.236851254732410386e-03
4.409054262913530281e-02 2.275433119336220042e-02 6.324132173823570659e-03
9.023688652765869678e-02 1.664818041935330062e-02 1.371581772740380033e-02
8.784182785564349782e-02 1.351061771946610035e-02 1.357412716299240089e-02
8.703528893052381310e-02 1.334043467438280131e-02 9.262941344014390121e-03
7.115930897141810318e-02 1.146499651789550066e-02 3.675891529804209759e-03
6.472435800361281411e-02 1.625434623307020141e-02 1.885737077563300144e-03
7.868799404138260289e-02 1.053258296881369981e-02 4.702329613582930008e-03
7.205984567621880055e-02 1.398073369836069953e-02 4.587678664798300159e-03
7.627505445617829838e-02 1.330494970507430097e-02 4.301970023697720448e-03
8.331872180617909407e-02 1.285923510169019977e-02 1.665219381554119971e-02
8.322810861875599986e-02 1.479958885149209973e-02 2.219407025941880218e-02
8.090471855864790618e-02 1.855965069668459935e-02 2.566583319965659929e-02
8.136786299227040387e-02 1.377215226384359906e-02 2.331210584651510070e-02
8.209893822898468863e-02 1.217881199586479980e-02 4.924773549163970719e-03
8.050105333500000293e-02 1.456039429000000052e-02 2.765990376500000042e-02
3.402090880752699914e-02 3.214565049209289899e-02 6.299702419117429730e-02
3.630358597726639908e-02 2.941849618291950130e-02 6.430530984849849863e-02
3.269124573344379947e-02 3.121107024487270246e-02 5.892241078646080071e-02
2.989765301682490231e-02 3.175131953743629692e-02 5.623221225019940650e-02
2.739629406798540362e-02 3.027992481286850140e-02 5.569315678591209989e-02
2.363580525986539935e-02 2.959353511665729908e-02 4.469435781002380204e-02
2.140099694422610208e-02 3.120054069560260213e-02 4.646103171175330199e-02
2.317175920357440050e-02 2.936272299913150058e-02 4.974378904987800804e-02
2.356722101704980185e-02 3.140086330885070304e-02 5.283872756243889607e-02
2.788778805295979990e-02 2.820161276649529869e-02 5.012512298913530256e-02
7.003059009735540519e-02 1.718675469201680350e-02 7.020680186587800742e-02
6.328767336919850772e-02 2.226794194817739714e-02 7.902298531034800122e-02
6.349194636020259741e-02 2.004182269189870233e-02 7.592646598307550843e-02
6.451697389915979353e-02 1.953067330786049938e-02 7.800225401548489812e-02
6.638872520306880742e-02 1.775526669677749900e-02 7.847287164385859104e-02
6.906833106255678978e-02 1.594270610484940093e-02 7.519469570589670804e-02
6.786477460598490385e-02 1.655528450039389990e-02 7.316899176145499895e-02
4.256446010556380610e-02 2.567560199111240324e-02 7.158419913485410124e-02
3.943350617400780134e-02 2.808441125726740192e-02 6.456569775623509366e-02
4.615478614551010023e-02 2.307796478684519953e-02 6.951413098478430308e-02
4.119630575499999559e-02 2.454835772750000103e-02 6.805969476750001190e-02
4.473491812222010061e-02 2.234594123007980007e-02 7.005920244646750283e-02
4.425412577356350324e-02 2.403757743778340075e-02 7.375185913435919338e-02
4.817122379639050128e-02 2.783430556058930083e-02 8.715785293517121224e-02
5.128007888999999708e-02 2.622974873000000207e-02 7.967263221999999756e-02
5.035323964500439814e-02 2.408278383868080186e-02 7.509725077512709179e-02
4.560196533024480497e-02 2.452204560499880379e-02 7.698347918698769665e-02
7.931474586563451445e-02 2.136121303912009994e-02 3.737771969917930148e-02
5.129955179181239916e-02 2.543551425042729977e-02 8.582845514973450052e-02
6.359941845499579582e-02 2.338366529817529835e-02 8.355064997560630868e-02
6.411786977932511233e-02 2.193815459219599848e-02 8.466185366801150247e-02
6.172362680386140471e-02 2.582310352071480117e-02 8.398967683385701044e-02
7.347984754790179429e-02 1.266539925579420085e-02 6.834609496666679829e-02
7.238867130704430830e-02 1.388416936725700088e-02 7.072234406145810892e-02
7.087953737954080791e-02 1.351363853945800053e-02 6.723766074512499413e-02
8.388061368274020435e-02 1.867703211310449765e-02 3.734634328838709605e-02
7.836975267554789626e-02 1.026479514905440094e-02 5.323497963797840099e-02
7.687713656939729190e-02 9.347623726667690647e-03 5.693705363189999896e-02
7.493439342989499652e-02 1.089057252869280075e-02 6.053276514649240381e-02
7.080203563914740095e-02 1.270497948274210143e-02 6.256946867846639726e-02
8.865953477282320638e-02 1.420605664432100096e-02 3.888797693130210259e-02
8.797831147765289295e-02 7.887713876915260214e-03 4.703815762391779648e-02
8.560356951479410059e-02 1.016768610244469899e-02 4.602109410159270497e-02
9.459549980848869222e-02 9.736313889086549087e-03 3.659802254148020184e-02
9.067503876307571320e-02 1.149787651041130065e-02 3.808934280280020651e-02
9.136661296199549698e-02 1.144491219913269971e-02 3.436521258529940531e-02
9.495547595798510543e-02 1.229930133300909979e-02 2.400234946305620023e-02
9.555978329360070855e-02 7.106244367648470103e-03 2.593456828462559899e-02
9.666403474974920307e-02 7.027111841336670418e-03 2.272479911070440090e-02
9.499772863013060398e-02 8.362374924443230842e-03 3.285757015456700070e-02
9.253397755510210654e-02 1.008777315970790095e-02 3.038050266616810005e-02
9.209990677377949408e-02 1.399756630989559998e-02 1.659208742365559860e-02
9.700195563022881440e-02 1.009507166391940096e-02 1.475626469254519985e-02
9.918283976937949942e-02 8.670916036612571348e-03 1.173497441956899978e-02
2.120785355499999955e-02 3.758551597499999730e-02 2.330155373000000057e-02
2.615703974608279969e-02 3.367818560697720398e-02 2.263080232122209948e-02
2.432965883282199940e-02 3.253039670148749618e-02 2.927589265687680076e-02
2.272302317919929968e-02 3.316881957027240091e-02 2.793751385774089976e-02
2.025122024053170253e-02 3.360230871389970064e-02 2.927887891895520137e-02
1.999302211175360208e-02 3.182418428069300198e-02 3.618302207453629599e-02
2.869073251822940041e-02 3.208715050579030031e-02 1.921556239870229887e-02
3.666480840240040479e-02 2.286853094072070075e-02 9.836003637045719408e-03
3.326809443802000027e-02 2.540795498913589814e-02 1.154931018156350048e-02
3.318016239519729765e-02 2.675601255682260107e-02 1.389367254228520039e-02
3.207488561596399945e-02 2.804236076415179968e-02 1.739717142525490021e-02
3.719736671015740070e-02 2.497757073807310019e-02 1.311397932193010193e-02
4.176280025092940495e-02 2.072557089025910126e-02 1.197466135354250012e-02
7.598842281251300124e-02 1.947549213366850038e-02 3.638456702366009432e-02
4.975339072425280507e-02 1.958670461696400064e-02 9.249315503685070355e-03
4.524552153024330448e-02 2.049491603153959923e-02 1.032670025233000007e-02
5.991524798491910248e-02 1.728923249124079964e-02 3.097188143085459998e-03
6.006633613470759719e-02 1.690582156667520125e-02 6.824181805587180641e-03
4.750002706159620058e-02 2.024347429442910004e-02 5.898923687990020349e-03
6.525761881756529659e-02 1.701333010680920049e-02 5.456968549315989805e-03
6.972255946682770489e-02 1.143259738067460042e-02 1.801049554512250015e-03
6.475102401963539478e-02 1.476587892970010127e-02 4.238905090686469895e-03
7.443148845748820408e-02 1.002811915109970073e-02 1.959284240877220019e-03
8.576824960426690514e-02 1.315899153569010174e-02 1.848396182684169942e-02
8.538070121709841198e-02 1.111293226556579923e-02 1.541899606516690044e-02
8.373581537201331415e-02 1.224511308995239987e-02 2.028272564069739936e-02
8.197163511589650176e-02 1.798489147460690177e-02 2.911212905727680184e-02
8.405804991753329514e-02 1.610399621719259960e-02 2.516096571192570283e-02
8.330147864199879959e-02 1.078314465182569903e-02 3.412550239239069833e-03
8.290206909000000235e-02 1.188353419000000126e-02 7.496605515000000046e-03
7.737745523752839749e-02 1.763389798226390123e-02 3.304568648392420399e-02
7.890807660857629413e-02 1.601564145617280152e-02 3.009670578399760085e-02
3.237821631707540199e-02 2.955548292634550128e-02 6.309721221297590055e-02
3.227854608822850607e-02 2.969562685300820154e-02 6.074601725349999815e-02
2.892787883761810050e-02 3.017111596684409966e-02 5.990634728860280700e-02
3.026281587959750094e-02 2.901723612652060136e-02 5.769370630524709581e-02
2.557578153416540170e-02 3.091623032468610033e-02 5.632936768457010024e-02
2.933354031968410033e-02 2.894731463282820133e-02 5.381874912264550392e-02
2.526064423697760297e-02 2.905882787918150079e-02 4.253328973717390021e-02
2.498016866129100164e-02 2.674542608213020117e-02 4.491439238961490721e-02
2.149903564689499905e-02 2.906938137843240177e-02 4.294583666758890195e-02
6.246558189035110453e-02 2.152679281597289981e-02 8.046602320860139768e-02
6.502106465682720715e-02 1.771707238289580225e-02 7.496366227408830796e-02
6.473654514168859786e-02 2.024328456730329837e-02 8.216897452474890284e-02
4.101426984977060014e-02 2.403466231233070127e-02 6.504909296578409439e-02
3.899172725755849916e-02 2.511236583858860241e-02 6.563041520143500507e-02
4.733207908843849870e-02 2.138445355503089743e-02 7.238091569982101070e-02
4.822868479733840447e-02 2.569255793960480150e-02 8.347036133153119819e-02
4.937237846043989603e-02 2.441332332172330144e-02 7.855430184917329417e-02
7.886332227868320111e-02 1.719567133442080273e-02 3.772376063169510102e-02
5.936679866838689978e-02 2.350542165747080206e-02 8.646134688459421180e-02
5.387413242394880480e-02 2.595935449526480185e-02 8.830347228364460177e-02
5.766181085933020506e-02 2.584312034240320022e-02 8.315105662588030688e-02
5.986552628182369856e-02 2.360253386806089940e-02 8.357846929324520835e-02
5.406637929771160311e-02 2.486367900006380277e-02 8.357083937207600288e-02
5.524757106633360060e-02 2.347702368040679999e-02 8.514853003058781011e-02
6.246623431557800366e-02 2.281379047132810201e-02 8.624670032913830942e-02
7.000972161127951010e-02 1.416509615959550029e-02 7.222122785613049878e-02
7.489112777514519981e-02 9.868644875507719474e-03 6.289325257745499720e-02
7.211566425252090295e-02 1.067127818666270024e-02 6.573734627096840255e-02
8.760608270713610146e-02 1.652233689734640062e-02 3.648905006177209642e-02
8.186083713301600673e-02 1.735981785791509968e-02 3.603042796010330617e-02
8.167099384056210332e-02 1.553483293665080048e-02 3.870415730449870001e-02
7.920043866438900015e-02 8.541336870954209862e-03 5.328720899674829758e-02
8.264504169254530130e-02 9.148881962038168947e-03 5.141519442606889978e-02
7.669995909989650584e-02 1.095539076453530027e-02 5.590850680871500139e-02
7.950979124799870124e-02 8.415342341183001257e-03 5.702214413780359870e-02
7.371272532233280605e-02 1.117707131237670112e-02 5.826253950640770257e-02
9.052744619715240304e-02 8.254070873243559564e-03 4.082901983843070098e-02
8.583113670000000472e-02 1.266468762999999921e-02 3.801027298000000249e-02
8.453638044623000558e-02 8.566075740748250317e-03 4.869539674249959843e-02
9.252406991228509514e-02 9.517878598846870111e-03 3.902525349003290595e-02
9.451691218612100209e-02 1.297076737989020026e-02 1.972656244956100258e-02
9.561963243833070114e-02 1.023342524093940123e-02 1.853714373191259895e-02
1.006171636573710004e-01 8.491374536448961091e-03 1.481766711313440080e-02
9.260045978427020041e-02 9.224398541809571139e-03 2.560785814820609740e-02
9.307181057323081486e-02 6.948867957767300430e-03 2.796355033628870196e-02
9.767390434092410034e-02 6.985860605724959760e-03 1.957130269859359839e-02
8.942016666507029976e-02 1.338951342817900139e-02 2.951049345263030005e-02
9.229162993271390614e-02 1.349385445557970201e-02 1.284409848779509943e-02
9.468281844902530497e-02 9.102436128846980168e-03 1.097816078024949939e-02
2.273846850754450075e-02 2.917469466047669865e-02 3.702229098434950405e-02
2.470448976853899942e-02 2.997243432271880226e-02 3.203682792478350361e-02
2.338970159764960227e-02 2.762492233808620107e-02 3.313096525926299829e-02
2.481268773594750079e-02 3.297605978453529985e-02 2.620369869092420076e-02
2.048371021941470041e-02 3.037578905407890134e-02 3.936514836525350364e-02
2.292518306762579908e-02 2.990157055318760221e-02 4.010044193872389778e-02
2.565948964629769999e-02 3.172612127212250110e-02 2.060970486402199930e-02
3.909422874111940366e-02 2.029288753277539922e-02 9.231282259215040434e-03
3.653543964461739707e-02 2.230310131586470124e-02 1.256650681221199890e-02
4.263737765028469823e-02 1.992498510386530100e-02 9.615055861032169998e-03
3.821142770074510003e-02 2.167891399961949933e-02 1.358044620115160007e-02
8.017522979209311396e-02 2.020514846189350178e-02 3.468946993555049874e-02
7.967228105548929129e-02 1.801913706621110015e-02 3.358836302618219832e-02
5.203947838741689730e-02 1.927408102143050167e-02 4.951568013171489882e-03
5.579090996607750236e-02 1.659184087959900133e-02 6.503497881941590515e-03
4.868277841288289748e-02 1.808286785167370278e-02 7.884520980034380802e-03
5.589725698079030247e-02 1.804236531597240220e-02 3.998267673095590342e-03
9.098452758478810243e-02 1.043281766001950134e-02 1.137306978955150011e-02
8.560579365640480498e-02 1.030744252506140060e-02 1.090544655213330008e-02
6.756322106630879842e-02 1.243882469585519922e-02 4.013190173594190051e-03
7.661054423072630182e-02 7.493300204778339732e-03 3.813620116980250344e-03
8.051141153529160766e-02 7.586525662341379872e-03 4.596787754936900068e-03
7.500337872712931064e-02 1.020603361336740005e-02 6.346052044230500802e-03
7.434716198868740467e-02 8.095404247417050878e-03 6.088121088577140572e-03
8.667299094658570402e-02 1.486150395087089925e-02 2.167314437322389806e-02
8.888516974859639319e-02 1.180587421945650077e-02 1.799229134529670149e-02
8.298282451020090600e-02 7.759584926899700148e-03 1.350627018004969988e-02
8.175762773485820145e-02 1.604645069396340093e-02 2.993273365737359956e-02
8.257721608245610634e-02 1.487695347731959883e-02 2.697425564223270011e-02
8.642677912035659493e-02 1.042968739457050126e-02 6.394770412663049707e-03
8.300833915126280826e-02 9.320060541451969868e-03 7.122354258917030188e-03
8.017241451287260290e-02 9.944675639369420297e-03 7.115641067088829957e-03
3.510335725899849796e-02 2.768163258279350211e-02 6.526013062560820366e-02
3.604329457953190513e-02 2.821918928106790375e-02 6.150204441858399956e-02
2.816280085394230054e-02 2.786557857691100010e-02 5.427390035963029769e-02
2.648090526122090158e-02 2.803248550674870138e-02 4.601194156635990407e-02
2.300910293939480156e-02 2.688335023035910015e-02 4.607015651069899798e-02
2.671709669175029861e-02 2.521414040536090057e-02 4.772282805938109912e-02
2.502102278220410050e-02 2.760316511873600262e-02 5.240919486893520080e-02
2.803152700269940026e-02 2.520299897365670116e-02 5.110173590345819944e-02
6.570805948514280015e-02 1.607467731670000205e-02 6.960725404840360786e-02
6.054857834612260153e-02 2.388755094937209875e-02 8.127645549615609977e-02
6.249478462362290099e-02 1.734360141861400126e-02 7.197091358895940649e-02
4.397846750972619900e-02 2.186728346671880027e-02 6.654232124208750432e-02
3.716296104806050132e-02 2.456373169525820008e-02 6.679500389906881108e-02
4.057174730866969919e-02 2.316288332860740040e-02 6.925054201897239137e-02
4.810296821839310510e-02 2.106841818528170165e-02 7.037629916130640206e-02
4.616304359176869737e-02 2.168912521132190102e-02 7.437009084932720560e-02
4.794969320082850123e-02 2.399429325934239812e-02 8.015784800992480086e-02
5.374371509147810033e-02 2.652096294907969887e-02 8.227016264058691075e-02
5.271315832202499996e-02 2.362839263144090110e-02 7.743720040195019305e-02
5.041301551523749702e-02 2.087158689814520157e-02 7.215440399267079863e-02
4.987384063121459710e-02 2.200188591213250028e-02 7.605172101305970878e-02
5.108821344525790037e-02 2.265774424860990052e-02 8.158844146713960244e-02
6.827130409953559298e-02 1.442087103099430091e-02 6.992802967592159913e-02
6.808659553500000239e-02 1.443199455999999957e-02 6.645793199499999693e-02
6.930418796400861225e-02 1.145654669326860026e-02 6.410619962251729032e-02
8.438148900659830920e-02 1.565047082770520265e-02 3.716093942159059971e-02
7.850012842107428890e-02 8.811346588962858800e-03 4.995389852540810249e-02
8.221900799367511115e-02 7.593503084270020360e-03 5.306292683368150215e-02
7.600571894690751062e-02 8.480363108687469925e-03 5.959356295083140242e-02
7.109859967959800131e-02 9.923441964722190881e-03 6.092938582018640054e-02
8.785860286122150475e-02 1.071125670518850020e-02 4.018121735235550412e-02
8.849659920000001179e-02 6.762965322000000570e-03 4.300918578999999436e-02
8.632969495519370040e-02 8.030539302450271158e-03 4.426896618433170255e-02
8.240621910130299654e-02 8.902901472305701017e-03 4.684522762145090086e-02
8.530225519051660987e-02 8.961470926345371096e-03 4.303353248233320050e-02
8.754717748225621099e-02 1.307407194792209980e-02 3.545147507659240221e-02
8.949720029448220149e-02 1.474678535196260153e-02 3.359978601838740225e-02
9.251206053884189484e-02 1.025571008673619930e-02 2.099943848956030076e-02
9.828615666499999903e-02 7.572357058500000029e-03 1.656978011000000139e-02
9.120558687645401175e-02 1.224582025821169956e-02 2.575049523995280240e-02
9.088317216621180639e-02 1.142100472334190049e-02 1.481604958933730072e-02
9.175228028586598916e-02 9.716923109536611258e-03 1.737219994321349825e-02
9.321428299000000806e-02 8.109039366499998930e-03 1.449742317499999947e-02
2.324440846989619947e-02 2.992597486449440070e-02 2.953261214419940217e-02
2.144794999864949731e-02 2.769488201095800239e-02 3.550355270508200045e-02
2.114067538392080253e-02 3.116965320077089846e-02 2.792991644946530086e-02
2.411453537698930033e-02 3.101239402520599917e-02 2.538099352310310003e-02
2.508968296788740074e-02 2.862696885218580026e-02 3.935140683407910289e-02
2.963837915253749941e-02 2.785232330744990062e-02 2.075974796279849918e-02
3.077287790235070167e-02 2.630627714144249951e-02 1.717445575679840339e-02
2.822964924092840125e-02 2.742506082773140189e-02 1.641708442069780144e-02
3.080224127093449810e-02 2.462529907721720118e-02 1.446145276752260067e-02
2.550349208037940019e-02 2.975723210400130214e-02 1.874928917188900188e-02
2.362283068563809929e-02 3.219238554138689756e-02 2.015399678200590142e-02
3.651646169628980365e-02 1.982204801216450041e-02 1.112282414135959928e-02
3.356690907473250385e-02 2.191164559782669830e-02 1.268922914694159930e-02
3.357289583438839708e-02 2.355542152375840123e-02 1.455942090352929999e-02
3.493871694337660067e-02 2.385020349056500219e-02 1.574385480202630111e-02
4.266828214978900247e-02 1.964727295665899889e-02 7.739241198713370413e-03
3.751536032676450194e-02 1.922905480722050114e-02 1.330031484785700047e-02
5.220904070096069743e-02 1.745988242062180076e-02 7.333754993348670301e-03
4.524976487130889791e-02 1.750031047249619998e-02 9.873245646881899720e-03
5.931648417458520312e-02 1.497891598055119990e-02 5.672275548828180011e-03
6.080305120057460239e-02 1.363166847142930141e-02 3.640298792167010085e-03
6.296701804339989439e-02 1.518100186345820030e-02 6.499821546633499994e-03
5.330091277924590282e-02 1.731058820445329979e-02 8.720495154707500265e-03
5.649049896014680244e-02 1.440092025189109934e-02 8.660094098866749981e-03
6.567132495071470455e-02 1.425529724145640012e-02 5.932808868365870882e-03
7.259677346198389891e-02 7.686958640140059695e-03 3.750780406379560211e-03
6.802346702083349184e-02 1.235757818717799980e-02 5.772733784180070216e-03
7.790262221999999515e-02 1.117522090649999966e-02 5.819201618499999888e-03
7.142599491158310721e-02 1.009492886266970084e-02 6.884040403436889922e-03
8.350308460756700191e-02 6.931362759956110134e-03 1.773351651897049977e-02
8.434624644653281045e-02 1.167526664620729959e-02 2.523706623473410265e-02
8.661887472865750781e-02 1.229136627630740032e-02 2.232751343356530194e-02
8.503040158531390003e-02 1.387153876901069983e-02 2.620731586713529945e-02
8.855591197162070161e-02 9.298636035860619042e-03 9.394054106091519890e-03
8.149842706021430405e-02 1.414013987465849963e-02 3.212565518833469802e-02
3.440001625610190211e-02 2.658596390930800107e-02 6.194832896276489947e-02
3.301234678171479503e-02 2.838256826545099837e-02 5.836211866279089611e-02
2.841538457000839998e-02 2.741560067380499968e-02 5.822804507075189651e-02
2.425357285642270114e-02 2.651204124031160056e-02 4.033488097412310514e-02
2.468357279327269838e-02 2.546282024301440086e-02 4.909563093911840231e-02
3.023962093210480137e-02 2.437173506028079972e-02 5.090019436598629959e-02
6.032174553738340467e-02 2.144381189488860084e-02 7.781322005078811221e-02
6.217777932640110305e-02 1.839353146582930337e-02 7.616825964978490848e-02
6.205677283682540374e-02 1.736817812620020107e-02 7.838336898180349455e-02
6.508913191954009136e-02 1.567910984941920174e-02 7.570295590153520993e-02
6.430860213551059523e-02 1.478174627462860123e-02 7.136614608414440508e-02
4.333777067774079866e-02 2.197122469238469919e-02 7.147263665164070578e-02
3.785534008046780030e-02 2.567149107666519964e-02 6.249305780645809938e-02
4.707139611471070073e-02 1.969540030858280347e-02 6.813218859980099684e-02
4.060516299783969996e-02 2.197840177587560145e-02 6.622535192609839416e-02
3.635628913601000184e-02 2.397429219774630318e-02 6.309505038977070157e-02
4.519318598378670171e-02 1.806403420664539836e-02 6.784692038401429759e-02
5.184277105780100287e-02 2.364388127300290007e-02 8.013358300371480059e-02
5.679999877578279649e-02 2.338063895051210178e-02 8.299794482693140241e-02
6.097009391523660476e-02 2.115685930147040081e-02 8.358576107211439232e-02
6.941916301496120489e-02 1.215624561805899936e-02 6.919718839467808857e-02
7.043697948955160437e-02 8.988927038524940905e-03 6.349197462824859861e-02
8.489110961391220511e-02 1.716064860879500109e-02 3.410000078706310056e-02
8.222998848693599538e-02 1.844171682183120067e-02 3.318080592874090434e-02
7.609360926545770398e-02 6.636872717999860345e-03 5.127813844414460392e-02
7.479627254100779110e-02 7.832572422619340016e-03 5.495556108691580094e-02
7.289518940581869721e-02 8.573613908691940164e-03 5.780911952432020440e-02
7.515451539429120198e-02 6.770252093725179568e-03 5.671129645931500401e-02
7.829338668825990000e-02 6.255181670070769986e-03 5.338754208985510563e-02
7.275707378438160677e-02 7.676670680644650038e-03 6.011293056679700014e-02
8.454419904145700493e-02 6.489594554642060149e-03 4.847129857425110100e-02
9.173987070315831049e-02 7.651423903338780592e-03 3.576785548382960256e-02
8.881228316847340765e-02 8.697265880146810499e-03 3.600507277656709443e-02
8.984108290028480770e-02 6.522636168770080435e-03 3.841212055796960206e-02
9.039598589263909967e-02 1.325753004784649934e-02 2.108300199061620070e-02
9.182679701976509401e-02 6.323176031904020021e-03 2.300519033364750027e-02
9.367210652884490341e-02 6.880788923801100382e-03 1.937601826911069733e-02
8.758104324106930072e-02 1.198470946227570173e-02 3.150032905185549958e-02
8.866195764714010497e-02 8.652323835367620522e-03 2.890184466948730185e-02
9.495773965596579491e-02 6.764784362132799690e-03 1.657515065788140243e-02
9.681280355650200009e-02 7.666295906460699958e-03 1.398056185878339928e-02
2.275211878231609905e-02 3.046266961557509909e-02 2.309491949925340099e-02
2.519889972311390239e-02 2.799730491837200061e-02 3.587299745359850273e-02
2.171181956551690093e-02 2.807483353886500166e-02 3.048150049071890119e-02
2.548257265573539848e-02 2.989236585066970195e-02 2.824216565193220230e-02
2.776091829007790168e-02 2.841872384864689918e-02 1.996896102690690067e-02
2.766544791201369993e-02 3.021701144160090016e-02 2.232898026674860065e-02
3.970286000451710151e-02 1.647596783067559884e-02 1.074143276407450026e-02
4.132348594433820493e-02 1.731269611684930002e-02 1.222245687493830023e-02
3.946378920007669738e-02 1.837213821519209991e-02 1.468887691472989948e-02
4.303617665324029756e-02 1.743171230439289829e-02 1.298002820781289993e-02
4.636650622089490137e-02 1.724747742302789807e-02 1.145510177212669990e-02
4.987167342978730128e-02 1.617165830386399841e-02 1.041907162946649999e-02
4.471567052547120030e-02 1.629349044483199838e-02 8.252555859048639475e-03
4.919795663469059971e-02 1.589806674174560133e-02 6.776569180834450361e-03
8.818574542987429876e-02 9.988160672191560494e-03 1.459839831094849986e-02
8.247932231858930152e-02 9.217275214367061029e-03 9.815688698698300102e-03
6.938995681102000379e-02 8.118218105856389588e-03 3.919917181017689746e-03
6.363980388692989931e-02 1.149995892925629974e-02 3.576816449043740149e-03
6.277512113276520478e-02 1.203123774485630008e-02 5.710104090644549726e-03
7.727546224512690798e-02 7.073386361548280113e-03 7.753682964743430564e-03
8.029101945859161427e-02 7.232723153695609988e-03 8.325034383114320036e-03
6.931532885194140181e-02 8.575579159867919091e-03 6.250737993244640314e-03
8.621233076072630508e-02 8.168202516088660797e-03 1.770830148357070005e-02
8.441426541500481051e-02 7.349172230351239989e-03 1.359122709678369997e-02
8.817807516373180055e-02 9.137469422016939249e-03 2.091220703669719946e-02
8.554315439236259699e-02 1.540568281380170004e-02 2.846507313583780327e-02
8.786259686114350487e-02 1.387997484778439976e-02 2.549238985520260042e-02
8.452234268000000106e-02 1.199216722999999971e-02 3.066522837000000209e-02
8.382253942795619972e-02 8.022267978996411308e-03 5.928794009975460813e-03
3.080395519858000059e-02 2.600666680291610286e-02 6.057933301197090253e-02
3.214274897116579932e-02 2.569216586630230018e-02 5.854544735543890099e-02
2.707304989492320332e-02 2.609221124830099839e-02 5.525024190660050155e-02
2.970179857638050036e-02 2.492681123898490142e-02 5.341002499359260441e-02
2.687863961193770121e-02 2.558956339000510033e-02 4.177520785224179967e-02
2.220336931171960210e-02 2.609657520617929966e-02 3.936301724127800467e-02
2.374916578217479979e-02 2.407685466063200219e-02 4.235520433696210452e-02
2.507542977332869946e-02 2.288573449437769983e-02 4.550428070237580447e-02
2.909089064526540133e-02 2.368794111173249881e-02 4.646622826311670035e-02
6.074392433202329550e-02 1.960713211204500109e-02 7.881785807558749912e-02
5.767088204781840172e-02 2.109750175060780275e-02 7.977628246437890036e-02
5.926594156430459864e-02 1.888336637259820094e-02 7.399172067200680825e-02
6.150404621013660228e-02 1.654038315413799975e-02 7.429556525858160843e-02
6.587640573285989676e-02 1.340185313475080083e-02 7.222500010979480967e-02
4.152705011169739724e-02 2.066162051820250034e-02 6.316364582143080275e-02
3.936405865859179953e-02 2.069326123781240270e-02 6.367605470312660831e-02
4.231102745350130701e-02 1.956679579179370146e-02 6.920018352683780793e-02
4.588915167842429893e-02 1.867479226406450199e-02 7.187366844616190076e-02
5.081211288148369809e-02 1.867505329478780229e-02 7.266940983725118930e-02
4.854195959907389724e-02 1.703715806630030222e-02 6.917193926141679272e-02
4.907630486066030112e-02 2.121784352463930087e-02 7.756845348547820873e-02
5.459400895641059598e-02 2.286253216277099945e-02 7.990236063281110079e-02
5.300932209551630775e-02 2.125627884914460183e-02 7.485767120428969690e-02
4.834004315917599798e-02 1.847285649188900106e-02 7.412584069851260726e-02
5.788604441776300236e-02 2.135118281985740052e-02 8.341972976369520232e-02
5.609069802682770112e-02 2.388210164236560101e-02 7.993869473207379506e-02
5.478933647908239973e-02 2.051389353980049776e-02 8.088787918580998826e-02
6.628122081756999961e-02 1.272335845796299970e-02 6.707837176298520054e-02
6.851671284288081420e-02 1.024036555634959961e-02 6.627296299809010138e-02
6.665396773774860673e-02 1.227773082673910138e-02 6.305496656645449838e-02
6.864897538477339467e-02 1.068998315978650013e-02 5.964543678721840464e-02
8.158604363173470320e-02 1.477769070868670091e-02 3.560076618094670103e-02
8.351002881969959990e-02 1.548232353894849964e-02 3.357249012215469952e-02
7.924898604169830496e-02 7.101844271645139928e-03 4.953263494886890606e-02
7.541196980059701460e-02 8.919821206174538900e-03 5.258587411047300347e-02
8.086734573178210039e-02 5.736112317380380465e-03 5.028412137706040480e-02
7.343285951893240016e-02 9.425935223569480506e-03 5.505871662384140275e-02
8.568482748949581007e-02 5.328939272520410303e-03 4.405952701237669800e-02
8.513843733450079942e-02 7.826864882722810862e-03 3.928952836897410539e-02
8.164509637734930492e-02 6.678181473424820228e-03 4.682386340176530187e-02
9.042125392428500275e-02 6.080343603936310022e-03 3.151191160106039946e-02
8.852392352710529433e-02 1.067641445245350040e-02 2.550032668683690010e-02
8.916932650942289984e-02 5.150500459017339459e-03 2.605134126885630050e-02
8.907639542102190056e-02 8.239281321601109667e-03 3.295089612375730337e-02
8.706849850561160231e-02 1.196659455007040122e-02 2.799296139891930060e-02
2.635106781906609852e-02 3.057052001406200190e-02 2.504535712326860092e-02
2.465740160498669856e-02 2.521800951617150094e-02 3.625812005961309703e-02
2.660205041085449834e-02 2.564373791395560195e-02 3.399933192225770145e-02
2.650998891500950042e-02 2.687547333938089880e-02 2.980990387891679916e-02
2.377244602536190271e-02 2.514352322516770141e-02 2.848329854722170262e-02
2.333502256958049775e-02 2.434600290841129958e-02 3.274860897830590700e-02
3.235837317708249727e-02 2.467359263546260034e-02 1.911427328183960134e-02
2.566733392829860169e-02 2.855192388665869774e-02 2.394071416128600027e-02
3.496804324284600446e-02 2.017523937614480040e-02 1.499545264284309933e-02
3.656482475418430106e-02 1.999589306650430276e-02 1.654942672392380187e-02
5.317540402040590169e-02 1.637372809067350055e-02 5.132617412722040480e-03
5.712608664194369912e-02 1.414421270911980083e-02 4.571982897538780753e-03
5.405507005306690177e-02 1.381999941483970026e-02 7.990322051255899921e-03
4.943705020563170238e-02 1.449133496493450017e-02 9.311592329709629870e-03
6.063676281121080369e-02 1.292695686026930010e-02 7.961818050984949616e-03
5.749912005899130568e-02 1.151125356675910053e-02 7.849178140795800424e-03
8.822197103428729148e-02 7.115276120627900269e-03 1.252375514001450099e-02
8.569525624667510832e-02 7.172092140456849847e-03 8.902331830056510811e-03
6.623449082082349948e-02 8.632594602074590215e-03 4.378618968329000237e-03
6.449621862118110061e-02 1.207658576036780076e-02 7.198324263565900744e-03
7.404014386322189945e-02 5.262693080685520476e-03 6.157297315961749763e-03
7.832097606791070532e-02 4.938196577926880562e-03 7.024101958945740132e-03
8.201731391432710849e-02 5.757173616120740342e-03 7.773294555237200004e-03
7.446593626440629887e-02 7.199566068961519780e-03 9.886178768265979286e-03
6.945323081429591316e-02 5.717778959030069517e-03 6.266446236277220180e-03
7.764948395395049330e-02 8.089187545896480216e-03 8.979886227288380249e-03
8.321389569553909460e-02 5.468652722722450524e-03 1.539846444209909924e-02
8.289292110345870823e-02 6.675164869028500127e-03 1.094248788197190077e-02
8.406119713101550817e-02 9.645590706079931395e-03 2.195733249185909813e-02
8.416482509283350344e-02 1.675152075525650208e-02 3.141478306960950040e-02
8.513613138104070277e-02 1.402503943382560174e-02 3.092462095155460236e-02
3.351171500009900162e-02 2.453951467671600106e-02 6.305032110850139482e-02
3.519905647187079878e-02 2.453200801239830212e-02 5.903096612743480298e-02
3.020839262086520011e-02 2.513226623728009868e-02 5.586717672685819619e-02
2.644767631148309955e-02 2.441837514125110020e-02 5.234641024286150468e-02
2.845241806229159912e-02 2.260718606139030043e-02 5.441464245814380679e-02
2.696427684080220100e-02 2.277822276673660204e-02 4.322230667173740382e-02
2.783569681217120187e-02 2.108601232744749740e-02 5.012464562906050053e-02
2.894001493946970344e-02 2.173548879708719905e-02 4.744492109197499807e-02
3.222345931051930068e-02 2.455301183283300007e-02 5.488021174429959931e-02
3.099474833802320223e-02 2.154622672432400174e-02 5.262101269143330123e-02
6.134089887693320448e-02 1.480521511400240131e-02 6.794506630747260134e-02
5.985946645719450454e-02 1.894872900865830073e-02 8.049013689811569672e-02
6.041598604330290084e-02 1.476646292324909973e-02 7.113596947761900713e-02
4.462285081717259905e-02 1.829704901615259935e-02 6.438596425981499283e-02
4.370324965042540061e-02 1.722320235249440168e-02 6.487529096172510445e-02
3.861033103675870493e-02 2.259085347823630227e-02 6.140973956577640280e-02
3.922133018622270262e-02 2.052436221599640218e-02 6.672414743875949850e-02
5.070565721885979954e-02 1.836836642782450207e-02 6.968134551957119727e-02
5.407778833104200100e-02 1.982156936694829882e-02 7.619550233865010624e-02
5.182518777993370268e-02 2.019706255063090025e-02 7.854386651622680127e-02
6.593432810852800641e-02 1.097889714020059901e-02 6.826453316158219431e-02
6.739241877532849145e-02 9.454284286130728784e-03 6.114372388905139899e-02
7.554813140998359322e-02 7.359705040146150533e-03 4.859543262102940242e-02
6.961323234674260396e-02 9.159237235677230096e-03 5.644262579683090308e-02
6.784516945616499151e-02 7.198521257054430085e-03 6.108277706885080482e-02
6.923124991601359302e-02 8.245964423111779712e-03 5.857282646454649994e-02
8.673852450674619796e-02 1.553258859336640110e-02 3.219458451662490089e-02
8.707854610174750598e-02 7.427537234066310286e-03 3.877616969639480216e-02
8.424304041162689050e-02 6.116046887433349878e-03 4.058332725138890512e-02
8.426023990538830666e-02 1.248322517468460069e-02 3.395597722546610242e-02
8.593412313015180715e-02 1.017640765545060021e-02 3.635981801797689983e-02
7.831898195777720062e-02 7.204100847057410932e-03 4.609974613522199727e-02
8.152853348991620508e-02 7.233475158133460814e-03 4.291107953081999687e-02
8.529797342266071114e-02 9.734799812461220406e-03 3.300254412805300047e-02
9.072727046220328828e-02 8.683272137109411190e-03 1.421589011484380126e-02
9.052779737578860175e-02 6.461857697261970054e-03 2.000287806739979926e-02
8.954000473000001126e-02 6.985816956000000244e-03 1.724560380000000198e-02
2.567066618371429895e-02 2.640288535858680008e-02 2.712921888137150017e-02
2.264301340433850021e-02 2.808476161579090066e-02 2.651407320245070115e-02
2.733226755661649979e-02 2.568225723218780024e-02 2.326213197202979879e-02
2.953162484702160154e-02 2.459808858967700226e-02 2.031368877353730007e-02
2.854727776354409885e-02 2.396024163736959825e-02 1.845639684431400057e-02
2.584495972906900030e-02 2.680929856399280262e-02 2.065244663196489847e-02
3.176598979607700435e-02 2.292330000467050072e-02 1.776627507262010242e-02
3.474320943485410124e-02 1.727936643070929895e-02 1.467621923381699951e-02
3.124080934427490158e-02 2.075921762159770034e-02 1.647651378637129960e-02
3.794300889732930143e-02 1.638376973988110025e-02 1.548121365920930061e-02
4.563168849554990331e-02 1.479915906029130070e-02 1.150328101668370018e-02
5.934680478118300323e-02 1.045538384660889969e-02 5.521518295416320311e-03
5.221207836174279748e-02 1.302506155494569974e-02 1.120630016379690029e-02
6.530698662445200142e-02 9.289723614528450427e-03 6.831299307222329920e-03
7.555413658945370203e-02 5.167392143077189672e-03 9.986623051784569716e-03
6.687782676631301437e-02 9.204347435397591121e-03 8.504644491185200592e-03
7.200285282032450884e-02 5.709882864086479777e-03 9.043619380067098590e-03
7.975701865628660736e-02 5.921957712192660143e-03 1.571984552434770033e-02
7.998669660454160724e-02 5.208824704877409832e-03 1.175838490469310015e-02
8.688028959030900944e-02 7.285256334696810568e-03 2.434611174488529942e-02
3.455361563130610048e-02 2.348202616881680388e-02 6.025574885431890515e-02
2.648051557676379952e-02 2.572026313989470014e-02 3.824600248730379570e-02
2.623786655190000344e-02 2.295112756750430222e-02 3.896583917112859952e-02
3.159450877798340024e-02 2.170419548936070031e-02 4.896940646215570264e-02
6.288694831265799479e-02 1.294517664750919998e-02 6.842214549777099475e-02
6.428139039386920883e-02 1.354912195586240042e-02 6.587769153413289280e-02
5.805226114495650597e-02 1.833457661530490251e-02 7.582365441931780692e-02
5.656764468125589918e-02 2.110396752794260061e-02 7.640805417524329513e-02
5.731708726172840551e-02 1.748827982045569884e-02 7.778406764117951067e-02
6.174038173585830180e-02 1.432521397483800009e-02 7.391358357978980442e-02
4.838040788926700059e-02 1.722930306115280294e-02 6.640753802124349514e-02
4.168002310315930409e-02 1.665199097168190007e-02 6.600163562598070077e-02
3.612186308616860408e-02 2.129593126986250098e-02 6.385849295653110713e-02
5.513112549471649998e-02 1.814919121938330174e-02 7.181081765727999333e-02
4.555045585636800787e-02 1.650911961585359994e-02 6.923977357581530268e-02
5.110908542234340185e-02 1.791502215139929854e-02 7.545471136383050115e-02
6.539424858805030494e-02 1.017281160909179992e-02 6.364586485569290186e-02
7.143525328945329878e-02 7.608428462316190084e-03 5.195178291882410204e-02
7.259091365125419637e-02 6.434803003245660041e-03 5.322347895159830478e-02
7.811828516689969804e-02 4.208226046867380443e-03 4.867460914144629974e-02
7.697389985775780763e-02 5.594238447652230030e-03 4.747424189044029824e-02
7.464729697186629764e-02 5.015073268002380805e-03 5.313799651343109609e-02
7.054735659569050243e-02 7.422897272380889894e-03 5.523418071143790242e-02
7.015645175704988967e-02 5.455457615378849802e-03 5.668883054455010201e-02
8.689947684091629820e-02 4.750848867964250176e-03 3.933984794516560274e-02
8.202849080977769880e-02 5.452323476253179493e-03 4.263606400935150004e-02
8.877900610434499851e-02 5.256473588438920208e-03 3.553233354894919788e-02
8.483107377206090816e-02 9.157822778237361197e-03 2.669755648596400244e-02
2.348830525210210060e-02 2.359737120404270180e-02 3.706622584121590375e-02
2.695266853844729971e-02 2.227232934861190020e-02 3.394146098036419923e-02
2.645529946788460068e-02 2.403586280728270061e-02 2.979926858479240229e-02
2.763223677342349985e-02 2.744100293948580072e-02 2.545294707071390009e-02
3.032701732863629998e-02 2.450517019026860269e-02 2.304212131138309860e-02
4.307509694649250265e-02 1.351099910558250031e-02 1.071996726312940060e-02
3.424726287072630410e-02 2.187724674249810070e-02 1.846778194511800031e-02
4.141012340211810278e-02 1.555100430649160141e-02 1.575104941040340184e-02
3.843988586963030529e-02 1.620701873148680180e-02 1.846579690237679788e-02
4.189528354787079578e-02 1.404247493199729975e-02 1.425707253754950055e-02
5.169886300508500648e-02 1.433444965074750013e-02 6.595591823541339764e-03
5.476155787165490341e-02 1.183877965758740013e-02 6.255573787367350522e-03
4.512965969319140264e-02 1.375199167304230058e-02 1.476643615800059955e-02
4.821093075889640311e-02 1.405009854180429979e-02 1.252312631325700094e-02
4.675686889508320204e-02 1.260235810707940017e-02 9.576690646259568979e-03
5.528423931873750058e-02 1.077186017607179892e-02 1.152655604803159983e-02
5.856703702597779865e-02 1.066566071744820023e-02 1.019399420614960049e-02
6.258737741502269636e-02 7.979018590999880159e-03 6.225922091075170028e-03
6.235088076383450695e-02 1.001396068463339915e-02 9.367076715825640304e-03
7.022696352543310316e-02 7.560314533110869956e-03 9.442959290069441458e-03
6.831113575104240387e-02 6.124440559676280239e-03 9.103721862683371302e-03
7.838647230437439939e-02 6.638503041589969775e-03 1.201758979881540138e-02
8.773973134651359695e-02 4.955895405474620118e-03 2.086352212108789905e-02
8.393755954585860324e-02 6.434072526875779865e-03 2.155443550041400216e-02
8.064260680924720259e-02 4.108770752700159450e-03 1.692201231088370089e-02
8.404983985328119689e-02 4.867866861332609610e-03 1.158479202807090151e-02
8.615591012584120079e-02 4.668205636656310061e-03 1.604777173081669769e-02
8.479710910019680470e-02 5.377331878579970879e-03 2.008500666037120116e-02
3.321098790807500145e-02 2.153295333869070100e-02 6.038734565203630195e-02
3.045601614697649936e-02 2.309222661301060103e-02 5.794104017187360484e-02
3.354710279488740121e-02 2.162418217665609821e-02 5.705184691566300009e-02
2.413148680447320046e-02 2.259575795827360387e-02 3.995658120352740122e-02
2.887392384995610128e-02 2.255102608763370070e-02 4.151086454519160168e-02
2.611214941188670299e-02 2.040478813222380144e-02 4.201474677541729846e-02
2.766720702122070150e-02 1.942766080332559986e-02 4.560625604395419919e-02
3.095687187774260121e-02 2.036830196948759969e-02 4.345458230463410121e-02
3.204527855000000036e-02 2.021065473499999987e-02 4.657121420000000234e-02
3.324434583929480186e-02 2.134020461623219872e-02 5.196513841282190266e-02
5.760697731703090518e-02 1.588949757211690142e-02 6.935950046006489345e-02
6.273023228428789566e-02 1.221034768030889936e-02 7.053464809640609678e-02
5.733691005230030086e-02 1.602243040993659925e-02 7.253309117273999684e-02
5.847180661100170179e-02 1.535330972452569886e-02 7.506062306228010461e-02
3.715253804011520167e-02 1.980328325371679896e-02 6.045694859469180615e-02
4.654281509557949698e-02 1.580151692056350199e-02 6.580261951440660728e-02
4.179540187124999862e-02 1.600368484999999813e-02 6.151039898500000602e-02
3.967386900799390465e-02 1.959001439949650120e-02 5.980990143188989749e-02
4.554864509766130137e-02 1.418874184960640036e-02 6.673408100678250576e-02
5.372316996376449993e-02 1.509393644086320062e-02 7.055969586927408888e-02
4.967516184000000251e-02 1.557874381499999884e-02 7.153224945000000168e-02
5.372539199698090490e-02 1.832190624176889895e-02 7.756232906748690425e-02
6.589260674105509863e-02 8.866101493941050751e-03 6.458517818673130406e-02
6.519719996028811027e-02 1.048506117533739949e-02 6.005190543518550139e-02
6.655850885102090886e-02 9.297641825781249522e-03 5.737729718381800320e-02
7.313645700052259779e-02 5.316648372519409624e-03 4.990180818303940197e-02
8.210482296292470616e-02 4.369908102612230817e-03 4.555805097367880696e-02
8.373176141703950193e-02 3.749310591305230096e-03 4.106570523201550499e-02
8.605195045000001153e-02 7.329553366000000209e-03 3.447152375999999740e-02
8.479397745433120415e-02 5.286976185254530121e-03 3.716548540769949727e-02
7.936599536868060856e-02 5.009099253761140069e-03 4.466843632469490177e-02
8.601129778840349571e-02 5.478817606911669767e-03 3.433852057939380115e-02
8.761346736214059572e-02 3.748227639469980249e-03 2.992180494353999937e-02
8.652757291177819166e-02 5.478939621185270267e-03 3.120974675442289917e-02
8.746446864351470341e-02 3.974133914221879976e-03 3.301845304405080089e-02
2.479304440508550006e-02 2.604279622497019872e-02 2.414521361849759906e-02
2.495580077000000147e-02 2.159166812500000129e-02 3.549153208500000628e-02
2.838995218000000056e-02 2.284214854499999961e-02 3.817793130999999618e-02
2.804223923667889876e-02 2.402082627238930068e-02 3.138855692538940201e-02
2.928144056106150167e-02 2.376790538020840185e-02 2.728673134840610068e-02
2.515140887779660286e-02 2.212408771172740332e-02 3.105891648306460112e-02
2.597979236741279965e-02 2.264134907563829929e-02 2.684409660337119807e-02
3.289842581157490647e-02 2.140483679941269923e-02 2.136852080031500026e-02
3.136523627312819834e-02 2.103162079449700378e-02 2.019610367501600140e-02
3.794186689465330053e-02 1.375561468201859892e-02 1.456903332801300077e-02
3.443887335851599646e-02 1.834315536663699842e-02 1.800755062204860077e-02
5.043025155474119975e-02 1.217430227878299985e-02 7.904973844156540710e-03
4.921984875814860300e-02 1.197294316320140009e-02 1.141109295963619978e-02
5.310129425977920536e-02 1.064064691828150132e-02 9.978569933542021098e-03
6.117067129075100251e-02 9.135173260645921417e-03 8.319160038114760403e-03
6.545917262287399840e-02 5.668593090088180388e-03 7.662259676826130121e-03
7.205107231602100870e-02 3.616623966798980083e-03 8.600169889480400315e-03
7.623090572160409750e-02 3.007243304303650142e-03 1.026962921979760086e-02
8.038775663639860514e-02 3.714247197671369672e-03 1.062352904700780004e-02
7.100539833306220017e-02 6.063755760079380178e-03 1.246033998041480052e-02
7.436571039452680165e-02 5.591914526089029891e-03 1.300695787542020115e-02
6.890677643996950819e-02 3.474395824030130069e-03 9.668337015579439586e-03
8.068263184990580317e-02 5.486155430793529693e-03 1.900303131487150049e-02
8.446659370930770239e-02 6.307051913308500159e-03 2.491378990707589919e-02
3.720792567074690527e-02 2.128751474392910278e-02 5.844565333047860300e-02
3.126485899470950180e-02 1.924921432516050329e-02 5.440795571857180019e-02
2.842998528986079992e-02 2.003693218449430213e-02 3.834814051807020063e-02
2.922799070753150097e-02 1.847157380480409991e-02 4.812607747713749939e-02
2.940788816710110040e-02 1.915121493903480104e-02 4.303358886388120030e-02
3.140071818089189976e-02 1.889481491233609839e-02 4.839251772927259665e-02
3.517810031984849872e-02 2.136748510738320159e-02 5.549241130621859752e-02
5.711009211338110431e-02 1.397984936557520111e-02 6.911343480432159680e-02
5.892424093151450021e-02 1.251585385917909979e-02 6.755769159770849686e-02
6.169875659547940233e-02 1.151163149965710002e-02 6.568841349158929810e-02
6.271091172713870454e-02 9.675886243502409070e-03 6.631108738180950535e-02
5.821246410986759962e-02 1.320336182559080085e-02 7.181473798600671032e-02
4.702394092831760353e-02 1.589649446232610161e-02 6.327286850676219765e-02
4.234429110643969651e-02 1.806315394471109947e-02 6.127676779079219843e-02
3.839951562185630468e-02 1.839150394501249883e-02 6.392333009228649832e-02
4.246867657000000240e-02 1.397778272999999905e-02 6.331425666999999924e-02
5.267212082518279992e-02 1.627606236963440034e-02 6.800480398523220393e-02
5.048208067941750005e-02 1.500562217121130006e-02 6.471144246356649865e-02
5.481794778622960107e-02 1.755159528673710251e-02 7.394192825322359885e-02
4.873600252801730398e-02 1.340908920294990071e-02 6.795429975077291185e-02
6.360262511894319848e-02 1.192989698049159997e-02 6.287325901700580033e-02
6.484909505506379623e-02 7.943270375488019688e-03 5.894956414103520032e-02
7.196881949815009394e-02 6.333840283675360415e-03 4.752136459964920179e-02
7.445657685341730558e-02 3.018301524535819871e-03 4.757311749358100056e-02
7.463314975387200234e-02 5.958188776294949876e-03 4.481431053780109836e-02
7.364431902099059790e-02 4.532375980717240002e-03 4.682391606100200221e-02
6.668975815919779560e-02 6.807617927602350148e-03 5.583216249679109899e-02
6.523995865841000774e-02 5.874549365729659842e-03 5.877631269853139662e-02
7.963777187093709631e-02 5.814365113014329824e-03 3.945902618127000022e-02
8.106422551402650556e-02 4.047020478512940340e-03 3.796244410729160412e-02
8.167119233761080399e-02 5.545353381210870423e-03 3.551320130806950165e-02
7.776835851223720675e-02 6.201539144823549690e-03 4.297193358511720157e-02
8.640851217677310292e-02 5.360706213563800129e-03 2.751541939610870069e-02
8.593815856365739914e-02 3.331720493369330020e-03 2.405550523213330003e-02
8.569160276706250245e-02 6.744602012044450222e-03 2.981614838531550238e-02
2.951011108652820333e-02 2.145328033302340218e-02 3.497692646196610272e-02
2.891124644954159995e-02 2.298832517343939869e-02 2.419645729166260140e-02
2.684718287257250105e-02 2.336825789378500079e-02 2.275467882355420093e-02
3.525510168811860079e-02 1.419060265477209946e-02 1.811624223964269920e-02
4.083605035120100452e-02 1.276865919232269934e-02 1.294620887437119942e-02
3.169889796637419960e-02 1.711417560813400032e-02 2.057708657630749963e-02
3.539829166702609942e-02 1.880247490397529697e-02 1.987683439386309786e-02
3.970012966456969855e-02 1.330192258633100186e-02 1.759112823028689820e-02
3.663431839602269979e-02 1.492503128346169862e-02 1.984221219077720103e-02
5.562065011713360208e-02 7.877745311756619018e-03 8.833560105115368516e-03
4.624952749098260041e-02 1.161738356892650162e-02 1.378641355263149869e-02
5.964184276019769693e-02 7.119837417212749979e-03 8.061049763347189964e-03
5.109632848523860266e-02 9.336046819392570043e-03 1.324909673728580026e-02
5.747962123418790675e-02 8.310002194590710226e-03 1.075448061657120064e-02
6.479251304643840470e-02 6.296331560961190323e-03 1.026616997770149996e-02
7.178408118536259985e-02 2.351693247208849931e-03 1.181707413707300085e-02
6.791169913018620108e-02 7.093723132082440166e-03 1.091398046721839959e-02
7.331543297219700328e-02 4.138034946791700232e-03 1.291725735279120046e-02
6.901699862345400671e-02 4.326742251527769707e-03 1.253760736402330031e-02
7.696115652455159939e-02 3.917564332375370398e-03 1.352133949006619970e-02
8.243815264358879402e-02 3.222723583769100154e-03 1.470268329596519964e-02
7.657842367628690805e-02 4.855890235388290316e-03 1.802255908124309955e-02
8.432988924152989840e-02 3.171242748352520041e-03 1.871615450821250207e-02
8.393807066119289562e-02 4.250139371661320643e-03 2.464854691009920121e-02
3.122518520455360228e-02 1.715451389315580250e-02 5.085593986907140096e-02
2.561172813264669945e-02 2.062841260819149938e-02 3.842341879054129994e-02
3.454463495109690030e-02 1.849493841592069962e-02 4.972460339857160544e-02
3.397310548228819893e-02 1.916819522517619959e-02 5.452040998459150439e-02
5.847631572682350509e-02 1.337355892317660007e-02 6.548771289503860227e-02
5.995595054242269795e-02 1.109140062870650131e-02 6.879861668896419813e-02
6.112753032857190516e-02 1.279056849552930031e-02 6.443880066542510832e-02
4.557974604099319926e-02 1.403023380368419865e-02 6.263914221371980062e-02
4.458943371764530206e-02 1.584186216240519862e-02 6.087880671907810320e-02
3.615318185033730009e-02 1.819691492508869815e-02 6.076548308273999749e-02
4.890146494701310548e-02 1.368150954407269977e-02 6.518987548401170007e-02
5.166060362780949822e-02 1.403399869092210143e-02 6.761240680734399711e-02
5.479226781690510473e-02 1.554959275789920096e-02 7.419571143126030277e-02
6.318845058250950608e-02 7.639515567429070245e-03 6.245005503393699642e-02
6.924600209186500266e-02 5.703513446585309864e-03 5.237133135374760079e-02
6.917269324254479712e-02 6.510543490234650330e-03 4.961078757045159909e-02
7.149464193962500047e-02 3.650428321552309785e-03 5.143496534815380355e-02
7.743780595599290828e-02 2.525229030667440304e-03 4.363255987472459962e-02
7.628647650135450542e-02 4.537701369433300679e-03 4.407340053220869941e-02
6.725369449389470566e-02 7.878960169350270742e-03 5.387301033997140415e-02
8.524505983697679146e-02 3.395020395369940241e-03 3.643416649161849985e-02
8.073659508598619861e-02 2.908879057776890108e-03 4.175697048328450012e-02
7.897894210994389763e-02 4.050068185978200272e-03 4.110701437813919779e-02
8.579291157466110984e-02 2.854222047747620103e-03 2.748768502296360106e-02
2.720258140777529962e-02 1.942270143088509898e-02 2.993629622148940087e-02
2.677575590246679751e-02 1.943213878174730042e-02 3.382454735366100668e-02
2.874400992176580349e-02 2.063666468596990142e-02 2.918434113890589973e-02
3.202685306249750119e-02 2.058328925048709748e-02 2.490458947504560136e-02
2.905249512156690000e-02 2.093386921604480089e-02 2.055502509477399875e-02
4.394773922032320368e-02 1.031935370495580019e-02 1.369523448995360083e-02
4.196309301120140084e-02 1.322996472123869928e-02 1.861279197374589994e-02
4.054731841606030313e-02 1.127424133255660113e-02 1.528467619731030055e-02
4.864080444788510676e-02 1.112650257945189958e-02 1.545825704864559925e-02
4.354803446470570383e-02 1.124679230122909920e-02 1.643608932932030114e-02
4.879717807955839814e-02 9.278218426509318717e-03 1.118175399953800012e-02
5.264254349162340169e-02 9.203501900212610401e-03 1.509475466626439971e-02
5.440340761469170117e-02 7.642666485358380439e-03 1.302760651894390061e-02
5.226527163381830543e-02 9.493848520127389987e-03 9.038984663594941057e-03
5.680335071318919765e-02 8.599366630357761429e-03 1.382839833956290079e-02
6.127353453790190113e-02 6.738253895649740609e-03 1.138182077176600089e-02
6.235402915665540224e-02 5.272948296762179458e-03 9.153413748551329429e-03
6.470302658989099398e-02 7.613948909603950044e-03 1.116665879263119970e-02
7.824092685380860945e-02 1.977755408298940108e-03 1.442046090948299886e-02
6.556253810832790574e-02 3.365484169506800273e-03 1.099986465827620073e-02
7.658300091478451033e-02 5.469332089613440293e-03 1.490447601438209951e-02
8.205379182660449411e-02 3.769527156303940224e-03 2.121915028847410137e-02
7.712256171704630348e-02 3.246679410175290145e-03 1.675361317538380176e-02
7.827902784094810384e-02 2.949492839774570368e-03 2.001440925767680040e-02
8.105488898173809909e-02 5.053463506869300230e-03 2.249071567851889872e-02
3.334611157487150229e-02 1.906653636899760182e-02 5.774078532132390085e-02
3.319467816914580677e-02 1.804770862831189815e-02 5.147496646123250058e-02
3.033915315308020194e-02 2.035193833420069834e-02 3.957857049454319848e-02
2.913527702368549910e-02 1.643420376445029960e-02 4.257066706692499980e-02
3.050898862012190252e-02 1.602348934649330120e-02 4.665567077399630086e-02
3.164192250373770027e-02 1.689997567089549999e-02 4.373752710018320028e-02
3.448031905939590719e-02 1.685679166512580110e-02 4.643938729761230150e-02
3.634786639962030164e-02 1.846517879999530140e-02 5.349699696539170213e-02
5.464782553757660533e-02 1.419504747733140067e-02 6.559580514412130525e-02
3.805953044292839649e-02 1.866567315764409984e-02 5.656354980329010573e-02
3.901193133438209809e-02 1.609281730413830019e-02 5.822937754150690065e-02
4.141052308216980338e-02 1.640723229370349978e-02 5.799158534257910225e-02
3.941634123492480241e-02 1.565498681897910249e-02 6.181018743003990207e-02
4.513016336633760006e-02 1.256059392591720066e-02 6.352920821912370897e-02
5.430365706940700615e-02 1.327764702968460032e-02 7.095088074024730185e-02
5.250127421105570125e-02 1.196332818107389943e-02 6.818682498057980490e-02
4.875845821209289638e-02 1.097986276594360017e-02 6.409139720992940159e-02
6.165361680287819585e-02 9.585656895447099840e-03 6.176009064737630200e-02
6.279016129757350462e-02 8.873744629809079271e-03 5.648557696710800047e-02
6.980970922310120175e-02 4.526544177508649673e-03 4.766813778688000491e-02
6.990212513207370859e-02 2.529297834534819951e-03 4.862499028678409635e-02
6.542641270714079360e-02 4.563082400982429974e-03 5.559212437798839723e-02
6.732110846656469416e-02 3.574729807487250256e-03 5.253672093884630134e-02
8.186391624419139812e-02 2.505070882154290021e-03 3.857389247618719930e-02
8.270480529029039518e-02 3.822036313481380187e-03 3.372160979886759669e-02
8.350451381287010699e-02 5.743630723176749824e-03 3.195964381028710416e-02
8.445925097311310359e-02 2.470746785547370001e-03 3.157565809525809952e-02
8.384205986572619562e-02 3.785234662421010140e-03 2.969463062710530135e-02
8.422369956999999074e-02 2.562938332999999819e-03 2.160520792000000107e-02
2.728355978056050055e-02 1.836316887767390146e-02 3.662510782113940350e-02
2.989768468867450013e-02 2.154526445944550048e-02 3.111825503955820138e-02
2.995209729205290314e-02 1.777266914011979906e-02 3.386738709973489969e-02
2.807741165098739944e-02 1.981598337883179808e-02 2.530320938328880012e-02
3.055184301170249875e-02 1.963905382372140018e-02 2.398939721155510241e-02
3.836731025737869644e-02 1.111988120991850085e-02 1.866966555359590371e-02
3.368515080478260565e-02 1.756380265769580049e-02 2.191426090840829788e-02
3.979701975426849780e-02 1.361004737034870148e-02 2.156528034705959898e-02
3.663966348121729805e-02 1.605655509581480067e-02 2.306800748579910035e-02
4.525126801257150361e-02 1.152870094328560004e-02 1.805601488037070212e-02
5.218060298462300073e-02 7.206734312491850335e-03 1.126774259574900121e-02
6.047288281113270131e-02 7.825332997822110476e-03 1.291761398263330078e-02
7.439560451264440322e-02 1.809565617688770100e-03 1.398129760869089994e-02
7.250924762472490959e-02 4.816095985278980203e-03 1.676142115153729864e-02
6.844858765926710442e-02 2.308859117294970089e-03 1.241967062030560100e-02
8.098099741970919696e-02 2.115823926864050103e-03 1.726075747504780128e-02
7.643269544405970062e-02 4.261449244787430396e-03 2.174523466407130012e-02
8.267078399999999716e-02 5.235010386000000203e-03 2.845637797999999927e-02
8.121304329470790950e-02 4.786672690131560035e-03 2.595729666462570293e-02
3.595989158231620297e-02 1.840691320974700146e-02 5.714058454239140383e-02
3.357908722649610017e-02 1.686146076752179784e-02 5.519397472941189875e-02
2.754737627134850111e-02 1.802432929149760249e-02 3.962964273723430103e-02
3.147255359737620439e-02 1.590923189643600119e-02 3.920627419355550425e-02
3.329002417017340454e-02 1.701695723695129808e-02 4.277182661305990036e-02
3.353231491336350345e-02 1.546213417958050042e-02 4.743134302451090106e-02
5.507806618858099995e-02 1.259537015705800012e-02 6.683032629545769543e-02
5.647898659067950022e-02 1.127763329165589953e-02 6.844241285308790002e-02
5.841263052674670192e-02 8.843809008045371012e-03 6.441235446035989409e-02
5.763061475668170008e-02 1.017985400686399929e-02 6.290861767415520389e-02
4.866325074461170380e-02 1.345416081324629989e-02 6.069036616289000263e-02
4.274791685493929683e-02 1.400766849122580052e-02 5.928389911819240132e-02
4.088009637007659902e-02 1.275655895088610020e-02 5.934906781507279933e-02
4.475461636005079874e-02 1.111137761344000059e-02 6.077133530496529878e-02
5.328551765515960464e-02 1.182877662420030000e-02 6.425753456469379676e-02
5.183337579578339849e-02 1.051942044016250001e-02 6.522730201960230678e-02
6.163902637377400434e-02 1.101280013531430110e-02 6.099115326306729645e-02
6.263087007924759975e-02 6.542195924251090373e-03 5.570765933552070115e-02
6.013747848999919515e-02 6.445758219598330188e-03 5.961656425117550090e-02
6.758134399110950208e-02 5.453227152607479332e-03 4.601692333597130063e-02
7.151581426211819914e-02 5.199964192331180124e-03 4.337451995361570056e-02
7.305549883804120237e-02 3.557127040753759947e-03 4.418798779753969896e-02
7.506284742838101320e-02 5.133892979314880201e-03 4.094619263164290396e-02
6.531108095033459626e-02 5.370188190531530355e-03 5.237100773941190390e-02
6.319075354653790055e-02 7.637637677286609680e-03 5.334424949021860513e-02
7.633400790841890493e-02 4.562337047583209584e-03 3.676894138698769826e-02
7.592042723622219325e-02 3.347150239189930140e-03 3.992546228653309770e-02
7.847528075856349816e-02 1.713280143662230083e-03 3.844970602215929539e-02
7.877453893259629691e-02 2.882779650435590181e-03 3.554835732287580513e-02
3.204261406955190294e-02 1.773430246811900229e-02 3.703216087772889797e-02
3.187592782300729954e-02 1.952907434505920040e-02 2.855836613642160141e-02
3.403773807299769610e-02 1.874563103308920023e-02 2.314129627621110130e-02
3.339374389574390617e-02 1.433361709975109963e-02 2.253788282060970039e-02
3.911400366624769726e-02 1.201369644108079941e-02 2.103429799406380044e-02
4.335432856107630101e-02 9.805181851705880788e-03 1.966428809859419730e-02
4.161970545925419707e-02 9.550701095645139360e-03 1.732388757436870153e-02
5.876219838934179651e-02 5.110649213381140109e-03 1.117505463023769907e-02
4.786428127813530109e-02 8.776848553623189247e-03 1.614512166616840008e-02
5.191524839348860693e-02 7.041583422854570500e-03 1.609051088875130056e-02
5.041676679560060104e-02 6.719231164789840616e-03 1.342010971754440188e-02
5.530986663123680508e-02 5.524085756345230129e-03 1.189146297311869868e-02
5.835137738727420170e-02 6.018509990649180755e-03 1.340652548543530033e-02
6.732569036222740833e-02 6.078954052405779497e-03 1.360561525678610079e-02
6.455385832874591112e-02 4.801564589778849375e-03 1.295814843903810021e-02
7.226690077718310457e-02 3.170267285193960078e-03 1.651333095749850030e-02
6.936273753618039939e-02 4.942407793936640613e-03 1.593315287125079971e-02
6.742990133393979291e-02 3.522912364096209784e-03 1.522706537911510012e-02
7.049144490536599084e-02 1.331849986284589990e-03 1.554998600367759991e-02
7.500975923087720154e-02 2.675599168334129915e-03 1.894563459651190176e-02
8.144773388817189153e-02 1.800405538009679923e-03 2.041613196809710304e-02
8.047535145726320005e-02 2.812108074108780106e-03 2.522617018320959942e-02
8.236225716230549665e-02 1.509660352221150158e-03 2.442551262174130072e-02
3.496493362501480046e-02 1.409496631293129937e-02 5.332898463140269690e-02
3.573621348449400326e-02 1.461482627418880104e-02 5.041165218032600537e-02
3.760316073495949957e-02 1.447109399216459959e-02 4.792932800211920086e-02
3.693291274080870434e-02 1.571130188481759810e-02 5.442370101951969630e-02
5.589652178750890293e-02 1.224901245810560042e-02 6.251305684242319805e-02
5.901968471474049877e-02 1.188514212450179908e-02 6.260640389716611021e-02
5.006955847184769992e-02 1.152860742184470128e-02 6.171802606706160155e-02
4.452766208660860481e-02 1.417737260917479973e-02 5.797161313568020141e-02
4.635975034600539613e-02 1.208077866438270025e-02 5.957567234063340655e-02
3.662940302021720079e-02 1.535144264868869984e-02 5.764738683886049680e-02
6.022392961070190120e-02 8.290821435922140700e-03 5.849843310605570140e-02
6.640276267479720829e-02 6.481347785964200123e-03 5.025930942725970185e-02
6.735201013318781182e-02 4.251553570571380003e-03 4.937507627936930238e-02
7.344205639695229604e-02 1.688591968463279977e-03 4.317530178897779902e-02
7.053678365969590081e-02 1.705553503476989977e-03 4.494007637879580269e-02
6.222348537461210721e-02 4.952517060424960205e-03 5.622303886436540166e-02
8.152420084173270243e-02 1.756069301634600186e-03 3.471268036803589613e-02
8.073189684013791501e-02 4.819688693657759627e-03 3.174367304871770351e-02
8.282289111835020035e-02 1.617916525237979904e-03 2.852191904528719735e-02
2.877605569700029953e-02 1.637908620522010236e-02 3.324012686186159776e-02
2.915657592475030119e-02 1.681821423874639912e-02 2.902846947728329741e-02
3.174505410352230356e-02 1.852520521473120102e-02 3.242507336506759985e-02
3.109918589579800316e-02 1.770639559018210088e-02 2.843546912046170105e-02
3.334331276059970123e-02 1.634312340201320157e-02 2.555165122062049918e-02
3.587050844413579992e-02 1.247122557764089937e-02 2.060471439998660254e-02
4.212457511019120082e-02 1.002090166018249941e-02 2.308489860391940013e-02
3.613665108061680370e-02 1.403918690610640035e-02 2.389194795967169993e-02
4.750032713531979894e-02 9.706846206295881296e-03 1.977372891015340139e-02
4.471626549511160259e-02 7.801824187412430799e-03 1.740540251482940171e-02
4.747127966213880029e-02 7.323685891546850152e-03 1.490965317834410178e-02
5.088016804618190198e-02 8.698370220153248469e-03 1.799552596174950128e-02
5.575176390411540339e-02 7.037267520757770067e-03 1.681141724020699876e-02
5.303021940907920451e-02 5.397786537545970313e-03 1.408246949998260070e-02
5.871085950492660466e-02 6.485423282041960676e-03 1.658667143568889890e-02
5.600342737386750092e-02 5.350526881023750028e-03 1.603401632538530019e-02
6.407702596843940779e-02 6.327074847596129807e-03 1.410337665930930066e-02
6.051635794420850284e-02 4.774013296018850619e-03 1.564329553037089801e-02
6.251177769381620342e-02 3.722397782527540281e-03 1.189801705546660038e-02
6.578462671466449307e-02 2.012471338624150039e-03 1.465602199800319916e-02
7.940026271311050043e-02 2.865167800120460399e-03 2.259956761388300095e-02
7.784368783773089329e-02 1.245951417661470212e-03 1.878923157753130055e-02
7.462788409875741047e-02 1.086323094137549902e-03 1.708885753625110152e-02
7.370417639602439008e-02 4.184037950906030826e-03 2.006053645360169821e-02
7.577006870699379282e-02 2.490738235041550178e-03 2.361135053312289969e-02
8.109928029611690459e-02 3.132998892363460155e-03 2.846896713335380150e-02
7.888019673317600566e-02 4.274026962943479509e-03 2.506187858068449972e-02
2.983738373627770057e-02 1.489274290857230121e-02 3.818788876949820443e-02
3.191735614534899762e-02 1.352961625978500032e-02 4.415537507977939508e-02
3.403700903045609599e-02 1.278454860788029966e-02 4.866605413954139953e-02
3.590595108006010283e-02 1.498544996270070005e-02 4.489106233075770142e-02
3.760708893282959514e-02 1.602453169658269935e-02 5.164508241285589718e-02
3.947468426722149787e-02 1.601935787455540175e-02 5.473634976240659977e-02
4.099345401657170096e-02 1.337709515107349950e-02 5.596342073835999797e-02
5.262547617649519782e-02 1.326803297868950175e-02 6.299088878962219584e-02
5.472069109594009800e-02 1.005507061307440130e-02 6.574461675782219960e-02
5.171339739582550554e-02 8.536977247038611202e-03 6.137466622289600160e-02
5.806119230996990149e-02 1.037850737459010061e-02 5.927171193477750316e-02
5.983299471337200082e-02 7.902701170364489699e-03 5.342653857098880049e-02
5.845685573311030364e-02 8.884732712075710248e-03 5.569938006948029624e-02
6.900704073168070773e-02 3.124581104982400350e-03 4.403465672819780602e-02
6.549897997795520177e-02 3.558877642938790102e-03 4.520737248770680117e-02
6.334046768051959653e-02 3.938315815446090384e-03 5.366804210699790273e-02
6.601250408294789818e-02 2.432464013078090327e-03 4.907767210735210217e-02
7.781746710317380411e-02 4.422717697327780209e-03 3.348757963712409996e-02
7.924734201561740854e-02 2.721735720748590017e-03 3.224657873129409963e-02
8.137491255142120794e-02 1.217973341331759964e-03 3.099476545639240008e-02
3.260974085153760249e-02 1.532254900347139979e-02 3.334953533061160019e-02
3.283584639308249897e-02 1.479109595037340040e-02 3.618687923437340082e-02
3.418017076658429881e-02 1.748679649805229969e-02 2.599919345501870011e-02
3.087793170625939901e-02 1.591032811380619846e-02 2.575242283930539999e-02
4.368648792256440289e-02 1.101315743446710030e-02 2.273616742835569970e-02
3.962414464864250085e-02 1.309123466415990089e-02 2.535855057308809835e-02
4.199179398354740272e-02 8.128029236631709176e-03 2.113807846913690058e-02
5.367093349677379971e-02 7.331450922745170844e-03 1.851216981312630086e-02
5.654660431140170335e-02 4.169797791060550658e-03 1.414912082440310075e-02
6.972036581480620110e-02 4.063243800511050045e-03 2.072269302659249940e-02
7.387429463228470383e-02 4.935034359453700347e-04 2.147602223221440135e-02
7.927701379786621094e-02 4.260661980284360419e-03 2.811827125107859912e-02
3.468335119729330090e-02 1.494954496194310020e-02 3.827260842281209746e-02
3.443782619269249862e-02 1.375512586625970111e-02 4.352483617895060164e-02
3.089019783701289767e-02 1.418682528479940121e-02 4.146401699842059557e-02
3.800449458351130155e-02 1.165171446558129972e-02 4.739031349922590008e-02
5.358609190807710199e-02 1.134161477278120174e-02 5.965416283786539875e-02
4.824767650962110549e-02 9.998392469181100264e-03 5.690469688503239920e-02
4.333687678522169656e-02 1.343648753155719973e-02 5.492705224751379817e-02
4.396021493893410154e-02 1.203513508579500020e-02 5.707302806571289827e-02
4.684192812102679765e-02 1.228113021486990086e-02 5.660385286223670182e-02
4.856338171137800086e-02 9.430245151403539305e-03 6.106645771104340231e-02
5.609120393558510165e-02 7.189141276772820395e-03 6.030332080967720082e-02
5.938971923867620434e-02 6.367942249437479919e-03 5.525426505364820079e-02
6.085098147499999610e-02 5.600283965500000433e-03 5.249118804999999832e-02
5.665520277285450435e-02 7.887011247266290104e-03 5.747828692667700246e-02
6.693125082084369626e-02 1.732256998103419952e-03 4.634914105064150136e-02
6.844263164906409791e-02 4.524525762090680220e-03 4.179103712480849997e-02
6.458301651525190368e-02 5.840318729425640273e-03 4.787270815426099974e-02
7.110677064685279325e-02 2.848143389211959999e-03 4.100552818850079773e-02
7.470412307792920203e-02 1.130818299248939878e-03 3.927071701921880376e-02
6.202120492999119855e-02 6.815184730924080114e-03 5.071567025219880093e-02
6.380646835365839931e-02 4.567150359894400595e-03 4.900722329722599635e-02
6.323091287812350469e-02 3.001095138285550176e-03 5.063102097601020202e-02
6.031789290678370163e-02 3.980918514023839942e-03 5.301195290242959740e-02
7.139834256296970216e-02 4.341481226561169464e-03 3.906206654013080065e-02
7.510486691745189847e-02 2.683590078499189808e-03 3.403474938261809996e-02
7.349859063611630106e-02 2.302291002215900353e-03 3.684555657377860255e-02
7.622894919342650122e-02 7.825553874334570522e-04 3.532410924877400077e-02
3.148089320602329849e-02 1.405419809737320017e-02 2.991144834155000029e-02
3.119456506445100405e-02 1.367889525168810086e-02 3.404231622448650185e-02
3.319339397932549729e-02 1.491562463949029985e-02 2.976560406450729987e-02
3.406356823796639899e-02 1.580873733618879881e-02 3.358504949751769941e-02
3.477636897381250480e-02 1.601489904574210019e-02 2.934587479432980081e-02
3.769943358489050156e-02 1.017423572789470133e-02 2.399788885506240130e-02
3.959152178485260409e-02 1.086497188572299946e-02 2.588747380232910011e-02
3.653611402871950048e-02 1.505534443580040099e-02 2.657076862801010034e-02
5.039336168066600036e-02 6.462668776673279915e-03 1.911657370092630093e-02
4.680182879986590633e-02 7.749488104860030938e-03 2.102478728775610331e-02
4.840580407193480206e-02 5.516570307318910057e-03 1.854469046304560095e-02
5.103617838716049959e-02 5.191242712570200320e-03 1.612161085463790014e-02
6.070751716828439587e-02 2.855477592429339889e-03 1.463625004913060058e-02
5.416524931169990065e-02 5.161440535135429671e-03 1.899073358832439884e-02
6.203156260696859881e-02 5.678650231921159725e-03 1.680354231223860073e-02
6.403120628487019017e-02 3.525595229418049953e-03 1.623916213552610219e-02
6.759327507437550009e-02 3.024416317099000093e-03 1.918147270433320090e-02
7.158979003040390199e-02 8.052249941932210220e-04 1.876233914826220053e-02
6.591674926166560256e-02 5.007991788485860636e-03 1.716635127429190152e-02
6.689259408263330264e-02 1.044277439710219980e-03 1.800514838157250136e-02
7.832325301883090451e-02 8.130443224650120123e-04 2.300242507188470301e-02
7.267717395284170601e-02 3.798315299581489848e-03 2.414032777773169811e-02
7.173123732145150755e-02 2.235295686932130092e-03 2.216336783611779979e-02
7.760838719451250423e-02 2.196884897507099966e-03 2.778705357703400297e-02
7.905743849318490335e-02 6.701060716671500359e-04 2.759007914552060250e-02
3.949893991431709800e-02 1.154817435137909902e-02 5.525700086091070440e-02
3.909832601770830279e-02 1.282034535768530013e-02 5.215798123443409623e-02
3.748524582928960264e-02 1.111977536629150075e-02 5.136786471700129780e-02
3.323380009561449633e-02 1.174020337351729983e-02 4.062679398431750383e-02
3.586088192150199694e-02 1.448675429249150076e-02 4.215783363090490343e-02
3.854440344426050130e-02 1.265621621463720002e-02 4.357849345022459658e-02
5.434014623373680658e-02 9.586423896824670249e-03 6.050597027468750111e-02
5.457385060352289846e-02 8.781657124803020353e-03 6.317070428075440003e-02
5.072507379096960478e-02 1.071293996412179921e-02 5.656954193714849866e-02
4.384490154912339815e-02 9.373495311407908925e-03 5.622862388165870279e-02
5.797696846712229596e-02 5.556578119319960547e-03 5.677788773656079757e-02
6.315404907809060719e-02 5.289571185412209747e-03 4.516729004821019855e-02
7.027209031823160312e-02 8.545911651927049239e-04 4.077054120452160146e-02
6.620785155803529665e-02 1.178244022667880109e-03 4.302522407094190593e-02
7.267913940078329915e-02 3.691614135650929905e-03 3.278471148467080459e-02
7.668028075137850452e-02 4.022609428049880170e-03 3.031039229055849937e-02
7.759944439000000804e-02 6.601656786999999475e-04 3.187384366999999885e-02
3.392625031901650573e-02 1.118460917798710062e-02 3.647371176876509913e-02
3.468473411807249801e-02 1.275523492306900042e-02 3.913794473270239965e-02
3.380677633286890277e-02 1.261418246226969977e-02 2.655967430887950023e-02
4.408194158309880484e-02 6.708799452978199754e-03 2.322213525721199961e-02
4.285517192582589951e-02 1.090482345953349905e-02 2.640992585677449933e-02
3.632787894069859636e-02 1.294296862297640051e-02 2.765185581097859974e-02
4.565231503742260555e-02 6.378894853948210292e-03 2.056941794467530282e-02
5.184090614499999722e-02 7.366816997500000123e-03 2.148784756499999907e-02
5.831698564032200549e-02 4.218608963766220035e-03 1.876500904874919828e-02
5.417754832563299872e-02 3.911163359687539788e-03 1.616275630620090178e-02
5.758996972299210149e-02 5.718243844961180475e-03 2.064944398358480038e-02
6.011834711690119959e-02 5.476980720034269404e-03 1.886831374702040154e-02
5.710748090789140308e-02 2.793041660438829940e-03 1.740132312874689835e-02
7.580248321033890291e-02 3.881969616526680274e-03 2.659534251592440141e-02
7.558086181582319985e-02 3.203271776126069927e-04 2.528399327571730082e-02
3.630407040291579873e-02 1.004206010661250030e-02 4.460036912894430050e-02
3.740940767476470113e-02 1.016366822367590142e-02 4.829980095373530291e-02
4.203742763851060077e-02 1.132507630673110048e-02 4.717145854513530440e-02
4.037490152226949625e-02 1.366260697473919983e-02 5.107092127544210491e-02
4.091074461247620059e-02 1.052853276573540060e-02 4.936541860603419624e-02
5.225272196762609928e-02 8.561115819651039099e-03 5.676704764708030010e-02
4.436491800324030010e-02 1.038337174601059940e-02 5.342110777540130112e-02
4.843429389370089433e-02 8.057118579621250568e-03 5.795713652325270443e-02
5.461407701792540120e-02 9.620368859260309408e-03 5.612771889442370182e-02
5.565534613153520077e-02 6.480510036828749341e-03 5.266628088341460123e-02
5.816278120111010447e-02 5.451570044317869887e-03 5.046917781906220396e-02
6.471419851997078920e-02 4.602449129578850030e-03 4.185329776147490161e-02
6.681487957549789303e-02 2.551257169068650056e-03 4.012001113733090069e-02
6.299720357102110702e-02 1.949090943851379976e-03 4.653735405212150456e-02
7.205831981217629412e-02 3.966211532390620173e-03 3.580774449804099979e-02
7.507132315536729772e-02 2.173084209278540284e-03 3.055518546454250028e-02
3.626161680130469966e-02 1.229208750884840107e-02 3.160961151322080193e-02
3.497411683390979492e-02 1.260812780891260032e-02 3.507679502239660629e-02
3.326995209922049834e-02 1.205624212192990020e-02 3.245867483263999848e-02
4.743898077983030315e-02 9.068430105716689463e-03 2.314293948231320106e-02
4.607930239068479955e-02 7.625146733988960070e-03 2.489205567655200166e-02
4.193969198847369989e-02 7.518161252198620262e-03 2.501619178687040229e-02
4.082789888802840217e-02 1.176842526090600069e-02 2.855617062744880003e-02
4.354670312315810088e-02 8.696104965090670214e-03 2.734507582177020391e-02
3.812282797472280049e-02 1.337181172208060098e-02 2.914932806255000203e-02
6.329323536167930087e-02 3.128354074336920157e-03 1.962725073551409988e-02
6.172953219730560603e-02 1.777837474527460071e-03 1.768280845007199828e-02
6.622184720917499712e-02 4.208570157010109794e-03 2.108389084217060158e-02
6.680307488948759864e-02 2.473151918781060169e-03 2.278808533371379924e-02
7.250862751524020378e-02 1.881342525924099883e-03 2.716539011633449865e-02
7.173339810665971261e-02 9.503405602673411319e-05 2.581628457906419774e-02
6.936902803008530849e-02 3.446117846457070078e-04 2.193551985375729804e-02
3.737763419586649649e-02 1.140335408477530059e-02 4.203726756243830048e-02
3.977328241297440475e-02 1.040642946943650012e-02 4.492967049312059785e-02
4.763080456873890201e-02 1.055986857118250064e-02 5.303054152046229874e-02
5.009181059371520250e-02 7.958624674462710588e-03 5.280824644334939505e-02
5.338054055759770128e-02 6.338854836636019681e-03 5.681556266859200122e-02
5.638955315756209730e-02 4.648383900702910548e-03 5.343085674762080434e-02
5.593275546999999792e-02 8.159519433999999627e-03 5.251194000000000695e-02
5.738673597118909564e-02 6.849187228175750500e-03 4.877181056263740072e-02
6.101860872669180591e-02 4.440824109204349890e-03 4.757949312382300094e-02
6.755905170272150095e-02 4.119521362251769500e-03 3.897951433753499978e-02
6.096468292766350772e-02 6.033516405990580617e-03 4.745984846763020432e-02
6.316429085477130723e-02 2.964808705039320095e-03 4.117085268939769949e-02
6.893399109643699729e-02 2.086122496792980167e-03 3.686267423912750058e-02
7.133925075666219806e-02 2.030079631048640164e-03 3.280591164291389583e-02
7.340386647077279392e-02 1.477110756800160149e-04 3.214498357304589743e-02
7.063881156756610102e-02 2.937875323705470038e-04 3.636510522677450369e-02
3.680452279533530380e-02 1.389942569654619917e-02 3.201870723532260210e-02
3.721112386338509825e-02 1.319205933962860032e-02 3.552619000410579819e-02
3.684690986407170021e-02 1.146821042956350060e-02 3.717654031548749821e-02
3.698240018115080130e-02 1.008887290727589897e-02 2.831760274501020011e-02
4.670527799750640030e-02 9.098452183067000723e-03 2.668193222540710119e-02
4.011935170275310325e-02 8.205925621499670503e-03 2.793092656339690033e-02
3.959250863386769986e-02 1.056415454984090119e-02 2.993283329820639951e-02
5.016339082343539840e-02 6.122321863585029889e-03 2.274799285646660063e-02
4.893099665572080148e-02 4.568163501789300300e-03 2.182185561887890063e-02
5.286765706773250556e-02 3.509116889522230238e-03 1.996637842133979976e-02
4.703225838471500331e-02 5.133375548851910018e-03 2.422527440226489998e-02
5.503248184535260157e-02 4.520661357145489868e-03 2.195094288791680018e-02
5.810022999300160085e-02 1.937538633110990000e-03 2.092915722670739970e-02
6.223043350194289863e-02 4.651165710598539720e-03 2.146959694920019812e-02
6.985369464149160379e-02 3.662936139589089736e-03 2.509202913349270134e-02
7.185650534000530276e-02 3.589315933284290168e-03 2.852847074759779986e-02
4.181349407281540614e-02 9.265691085725519943e-03 5.326890870526680699e-02
3.778861568582200098e-02 1.263772427268390099e-02 3.954775222681630037e-02
3.609507914856430189e-02 9.649526354717628818e-03 3.957704718629789786e-02
3.974727993575170176e-02 8.094267605078009006e-03 4.561045154036719868e-02
4.073066347450979979e-02 8.621506710826081291e-03 5.003227820839180329e-02
4.137474244609330026e-02 1.087683269482169965e-02 4.348820290383269976e-02
4.389242593960209632e-02 1.161531704177120108e-02 5.133167992163360088e-02
5.212312735519400442e-02 9.044081332667269421e-03 5.276504607521560059e-02
5.046883551957680181e-02 6.300599299807719926e-03 5.462753140072770103e-02
4.755540168984570548e-02 7.050600714375179420e-03 5.412735250827149791e-02
6.097594227438550563e-02 5.128973585231450319e-03 4.259951097837240408e-02
6.054800567603210032e-02 3.571606187902629827e-03 4.456566550534109966e-02
6.600667587512090706e-02 5.171330274183819336e-04 3.876193201617399858e-02
5.834835740400870496e-02 3.066379066661789957e-03 4.878276709948570211e-02
6.861663620461379287e-02 3.667463373874599829e-03 3.551451248227569663e-02
7.505954674472860300e-02 2.287939485475540095e-04 2.841090920489700022e-02
3.408311739240280080e-02 1.178668958188400055e-02 2.979223660089800121e-02
3.593523041966940196e-02 1.003034621887459975e-02 3.251168191403709662e-02
4.430391972147700030e-02 6.207759270900950303e-03 2.736048416954060120e-02
4.366252486894479923e-02 1.024520245855380096e-02 2.989013454825390284e-02
5.976490698657060258e-02 3.545839901356400391e-03 2.182654431877460027e-02
5.367378674830860369e-02 6.404598866307700117e-03 2.391815171675619814e-02
6.589041112726239102e-02 5.920936838797610053e-04 2.226682983581080091e-02
6.658678879597829114e-02 3.849682121393210258e-03 2.455094528159580333e-02
6.911905335740650691e-02 1.859417314411129871e-03 2.637483384261970001e-02
6.273006657460189484e-02 1.114988628555090054e-03 2.107782863809789728e-02
4.117303271038159906e-02 1.079993113341790045e-02 4.043109937440370061e-02
4.000088772824550443e-02 9.343350220860370189e-03 4.075432742505179923e-02
4.304050115007839600e-02 8.609625123317331263e-03 4.553409956087320354e-02
4.469769885520680219e-02 7.461507499924890582e-03 5.226959507882740497e-02
5.289467185844280023e-02 5.083905486915130285e-03 5.243683279182010520e-02
5.544436698003359781e-02 6.129379652341370929e-03 4.904096262911759874e-02
5.684800175684349977e-02 4.678758022539690475e-03 4.654978920281230281e-02
5.470860469413200283e-02 3.953028128070849856e-03 4.962450932591590258e-02
6.478277298817490537e-02 4.068214873571039843e-03 3.741309911600760457e-02
6.172007471783290400e-02 1.201809815889329919e-03 4.132184542520470072e-02
6.080412239314000183e-02 4.768839667438289943e-03 3.920846282657600157e-02
5.896523183604780033e-02 5.808214617106390205e-03 4.482791503071930500e-02
6.501647244633590450e-02 2.253507931816329905e-03 3.529560997198109840e-02
6.792592218286060135e-02 3.579670934365800083e-03 3.182133842920509964e-02
7.059136867500000190e-02 2.489878534099999961e-05 2.943481087500000176e-02
3.905002940482240475e-02 1.019706676391530023e-02 3.430086715218310517e-02
3.755242052670840214e-02 8.779653999510019999e-03 3.625804840977529808e-02
5.063503672046029691e-02 7.391633511172870409e-03 2.522349439490119763e-02
4.864743541999329984e-02 6.277559445320550664e-03 2.766827578326639878e-02
4.061076493045850250e-02 1.140149204957540026e-02 3.271469194161299998e-02
5.610913055917639974e-02 4.149611662785200085e-03 2.530949038332400147e-02
6.246736938402629863e-02 2.602537218367010057e-03 2.453375298699140075e-02
6.717493313604559757e-02 1.462161199668900028e-04 2.612535578439319911e-02
4.414334652461550379e-02 8.872431388024249951e-03 4.952859004512220192e-02
4.306460417728799617e-02 6.954088334948510530e-03 4.797043679966900287e-02
4.425612886692280312e-02 9.625551706073520383e-03 4.342896994278250267e-02
4.638275873688819939e-02 9.946019330076079704e-03 4.970813085111829704e-02
5.026987069675419723e-02 8.498170846490619990e-03 4.849651681892450106e-02
4.733611266905020376e-02 7.877593146099039559e-03 4.988639671458270503e-02
5.233693122750000121e-02 6.057582125250000199e-03 4.839374542249999522e-02
4.887864752205180185e-02 5.631396533809190745e-03 5.068701184664160114e-02
5.382987029628740622e-02 7.840916031001170239e-03 4.984633457015060637e-02
6.267147947163780042e-02 2.592862607015590168e-03 3.796761995637180226e-02
5.922759061600540303e-02 4.252020567725559724e-03 4.152084110433680586e-02
6.635035048098239518e-02 1.954690511110790277e-04 3.452504757940810104e-02
5.808847734683890429e-02 2.112212582551150145e-03 4.396270796620389831e-02
6.840844474618060223e-02 1.895315489136399851e-03 3.126781389872029804e-02
6.964570008931859901e-02 2.417910670084339879e-05 3.238866003362139701e-02
3.986237293432740025e-02 1.141637966460160025e-02 3.697046568978299558e-02
4.665649551851239890e-02 8.884695652201480068e-03 3.032078978683960119e-02
3.897148627390099873e-02 8.365088442453240403e-03 3.195775017164859816e-02
4.330888872784600246e-02 8.270126201055870777e-03 3.085748249611940108e-02
5.218809445614670112e-02 4.844759029573629701e-03 2.499906203305690341e-02
5.817854424977699640e-02 5.157342847106950214e-03 2.492104474200780226e-02
5.531314701277970092e-02 2.294719236868360181e-03 2.392637252196840036e-02
6.785838864339260867e-02 3.625000397369690288e-03 2.775410132949539949e-02
6.555285687532300121e-02 1.989814849165900262e-03 2.721451014805170016e-02
4.006171213219100052e-02 7.411289967339709794e-03 4.006763723200060245e-02
4.556545709437789804e-02 9.598611639727730807e-03 4.634866166896760287e-02
4.421435473324869525e-02 7.893330787775470342e-03 4.226774972528860030e-02
5.365790648425899922e-02 7.280911319932369813e-03 4.693966298178309932e-02
5.591589809814500461e-02 6.348868372993070157e-03 4.461408578552740478e-02
5.795451035376809890e-02 5.593625271802370180e-03 4.204076892600629861e-02
5.866236073744690582e-02 2.819635783914329740e-03 3.874911419296590137e-02
5.649992585000000039e-02 4.173334949000000009e-03 4.277186274499999996e-02
6.175339645849350217e-02 8.505669492559979989e-04 3.679318372397830106e-02
5.109898913756409644e-02 7.086659136463049555e-03 2.956445342230480319e-02
4.785415915210879806e-02 4.557927402120600519e-03 2.857420580073090008e-02
4.202893355600979819e-02 6.975112559311189703e-03 3.149671803281350185e-02
5.134914801345770441e-02 3.366329310070049867e-03 2.519777739041840006e-02
5.427527437270649596e-02 6.047018684836810015e-03 2.707517734073509874e-02
5.880883342876470216e-02 3.027251787946089786e-03 2.641199049727060294e-02
6.307254724465920226e-02 4.049754621276559739e-03 2.810048232415330097e-02
6.315382762094780278e-02 6.435712653730809403e-04 2.467349576486210089e-02
6.673428628655010686e-02 9.996668556251369785e-05 3.046318386168569980e-02
4.283388221885100350e-02 8.381370293386480874e-03 3.732395022155070297e-02
4.258243730305839858e-02 6.553170575518140611e-03 4.362393682744429568e-02
4.771236596195840146e-02 7.131849987850190538e-03 4.668999238273369851e-02
4.603166689797180688e-02 5.873960594656080572e-03 4.833125313519690686e-02
5.175440311500000001e-02 4.323931783499999730e-03 4.811033248500000414e-02
5.504779953444630114e-02 3.175716503370610254e-03 4.590663098084680344e-02
6.106529195010129696e-02 4.411057682629040445e-03 3.523568832477519397e-02
6.413699597312200185e-02 3.909844396339370171e-03 3.314340845782920431e-02
5.652395726730109760e-02 5.699503737313220755e-03 3.913492357041450237e-02
5.573468269909759992e-02 3.945703291143890304e-03 3.808761131114300064e-02
6.315911495737019932e-02 3.642897303990649685e-04 3.218614352790820365e-02
6.481018185499999584e-02 1.986168939750000001e-03 3.211486578000000147e-02
6.016094286033730337e-02 2.757525260272329984e-03 3.436317679978669742e-02
4.065433760435959581e-02 7.318559614359130064e-03 3.484305025725569632e-02
4.515932312504620377e-02 5.667514267730129965e-03 3.105159692078600028e-02
4.590182054227390229e-02 9.036985147635000562e-03 3.373618540439309726e-02
4.812000976707010019e-02 6.377327839862130705e-03 3.130741216113260006e-02
4.398110932734029810e-02 7.673730885763760216e-03 3.374062099594900277e-02
5.832448921291440158e-02 4.946791725439849546e-03 2.916369565052049848e-02
5.416212942467420188e-02 2.391842094408959743e-03 2.837181647179360180e-02
5.214828855762760479e-02 4.724704176378350003e-03 2.898288518594360069e-02
5.936674011243420201e-02 1.344831706547739911e-03 2.436517187212210167e-02
6.391383799193900428e-02 3.724974802762859804e-04 2.787216765824360176e-02
4.328412821946150263e-02 9.924023951365320423e-03 3.667381185224100060e-02
4.450933027005500586e-02 5.660576178098499986e-03 4.046286184274150433e-02
4.553374781276289807e-02 5.558072560038859744e-03 4.443452333927830344e-02
4.783181428999999651e-02 8.524563014500000785e-03 4.406923532500000434e-02
4.649736534608400057e-02 8.739292771278300842e-03 3.906729052768689869e-02
5.195649755376250539e-02 5.458839722186869386e-03 4.423994880298889876e-02
5.822362743398089985e-02 5.083543885573710112e-03 3.656124588285160348e-02
5.053495316931590209e-02 3.492916828184600316e-03 3.055957291560540065e-02
4.916736694830169813e-02 7.798602876460649681e-03 3.255209919403900115e-02
5.558450418621910250e-02 4.001878983741920769e-03 3.003968986940810243e-02
6.201318051476700094e-02 2.168407257148000176e-03 2.973208284829120113e-02
6.050993336671830342e-02 9.023317015457480664e-04 2.807088287860630069e-02
5.187723866450559551e-02 7.330823418821910513e-03 4.393691074136860109e-02
4.834773957491940444e-02 4.856994232947090331e-03 4.632701648688149904e-02
5.466680086521120280e-02 6.399199298334989905e-03 4.179169191750320422e-02
5.728023062896240442e-02 1.777118489724839948e-03 3.923423179115619747e-02
5.502721137115130362e-02 2.555480420992959842e-03 4.189298848282560495e-02
5.970307205144240181e-02 1.037356918900250074e-03 3.281794832197969941e-02
5.668276363692570374e-02 1.759985518486599943e-03 3.527117191718860678e-02
4.722670400593950712e-02 4.734467858286810563e-03 3.274446763997290732e-02
5.198244466649629830e-02 4.873245554782240120e-03 3.320579295997580505e-02
4.433613324439549669e-02 5.737445651039519909e-03 3.564556422906769995e-02
5.502072751458979977e-02 5.753180336635780115e-03 3.113579853807920197e-02
5.736168156931580053e-02 1.622861597179029933e-03 2.691349413828840118e-02
5.881269988993979847e-02 2.988688100053209836e-03 3.031474948137730108e-02
4.718923144158530120e-02 6.738167588857100002e-03 3.922936202549930085e-02
4.781438064573430291e-02 6.603381304089680701e-03 4.291331321596570519e-02
5.198463287664430166e-02 3.536880624168690316e-03 4.290123639696150071e-02
5.334706211348199528e-02 4.844716452388439856e-03 4.080888353000519664e-02
6.076866604420690099e-02 4.413195913661439873e-03 3.169586848831389830e-02
5.547601726077670131e-02 5.723503387429880289e-03 3.558440626907059812e-02
5.619139074077030005e-02 3.801789140242620331e-03 3.374013202706110243e-02
4.723945803866499982e-02 6.550266632401710760e-03 3.516618507060449705e-02
5.229831037080909933e-02 6.664790855623180243e-03 3.435968994967680129e-02
5.815977358239560191e-02 4.966253408120220245e-03 3.316280737541819901e-02
5.355307675859909827e-02 2.540981181837890113e-03 3.292499401002169784e-02
4.973951623563559882e-02 7.767872976908999326e-03 4.141676151743069884e-02
4.833042464281060019e-02 4.445903219249680224e-03 4.178158774221960026e-02
5.202817214217000247e-02 7.033965882702189650e-03 4.105144875418290096e-02
5.353968965288179865e-02 6.410082494123510444e-03 3.846379438785699906e-02
5.214744760716359673e-02 3.097983547375649915e-03 3.788442570461290210e-02
4.907171521254399815e-02 4.022125424880440385e-03 3.533211538301080090e-02
4.888326103542139922e-02 7.868218296426331138e-03 3.552192938335659717e-02
5.690526869263329984e-02 1.654186044912469991e-03 3.067413487937119959e-02
4.740788019218570432e-02 4.639439818154339826e-03 3.829976295825029964e-02
4.946744752203200562e-02 6.016616114351229679e-03 4.104875287215990071e-02
5.083057407943569750e-02 5.468793005031390674e-03 3.723036016076500254e-02
5.046121772517449949e-02 7.370419689996560338e-03 3.843850776565469612e-02
CELLS 7280 29120
3 0 2 3
3 0 8 2
3 0 9 3
3 0 8 21
3 0 9 27
3 0 21 27
3 4 2 3
3 11 4 2
3 11 8 2
3 4 3 7
3 3 7 14
3 9 3 14
3 4 10 7
3 4 29 10
3 11 4 31
3 4 31 29
3 30 10 7
3 28 7 14
3 28 30 7
3 11 8 33
3 47 8 21
3 47 8 33
3 9 35 14
3 9 36 27
3 9 70 35
3 9 36 70
3 41 29 10
3 41 30 10
3 11 43 31
3 11 43 33
3 28 35 14
3 21 27 61
3 47 21 80
3 21 80 61
3 24 25 39
3 24 25 45
3 24 51 39
3 24 45 44
3 24 50 44
3 24 51 50
3 25 38 39
3 67 25 38
3 25 68 45
3 67 25 68
3 36 27 49
3 85 27 49
3 85 27 61
3 52 28 30
3 83 28 35
3 83 52 28
3 74 31 29
3 41 73 29
3 73 108 29
3 108 74 29
3 41 30 76
3 52 30 76
3 43 74 31
3 43 78 33
3 47 33 97
3 78 33 97
3 83 70 35
3 36 102 49
3 105 36 70
3 105 36 102
3 38 39 87
3 67 82 38
3 82 101 38
3 101 38 87
3 51 88 39
3 88 39 87
3 91 41 73
3 41 76 94
3 91 41 109
3 41 109 94
3 95 43 74
3 95 43 78
3 45 44 57
3 56 50 44
3 56 44 57
3 77 45 57
3 96 68 45
3 77 96 45
3 47 80 98
3 47 97 99
3 47 98 99
3 125 85 49
3 123 102 49
3 125 123 49
3 51 50 106
3 56 50 134
3 50 134 106
3 51 127 88
3 51 106 127
3 52 128 76
3 83 52 129
3 52 128 129
3 56 114 57
3 56 159 114
3 56 159 134
3 163 77 57
3 164 114 57
3 163 164 57
3 80 61 118
3 85 61 118
3 100 67 68
3 100 67 82
3 100 96 68
3 83 147 70
3 147 105 70
3 91 130 73
3 73 108 131
3 130 178 73
3 178 73 131
3 95 136 74
3 108 136 74
3 76 94 110
3 128 76 110
3 138 77 96
3 138 77 183
3 163 77 183
3 95 78 139
3 78 97 166
3 78 139 166
3 142 80 98
3 142 80 118
3 146 100 82
3 82 101 121
3 82 121 169
3 146 82 169
3 83 176 129
3 83 147 192
3 83 192 176
3 125 85 118
3 154 88 87
3 124 101 87
3 124 154 87
3 127 88 155
3 154 170 88
3 170 88 155
3 91 158 109
3 91 158 130
3 109 94 161
3 94 161 110
3 95 136 165
3 95 139 165
3 141 100 96
3 141 138 96
3 97 186 99
3 219 97 166
3 219 97 186
3 98 168 99
3 142 98 168
3 188 168 99
3 188 186 99
3 141 100 145
3 146 100 145
3 124 101 121
3 105 148 102
3 123 149 102
3 149 148 102
3 147 105 198
3 105 148 198
3 200 106 127
3 134 181 106
3 181 200 106
3 108 179 131
3 208 108 136
3 208 108 179
3 158 109 207
3 109 207 161
3 174 128 110
3 182 161 110
3 174 182 110
3 159 206 114
3 164 215 114
3 206 215 114
3 125 197 118
3 142 187 118
3 187 197 118
3 124 151 121
3 151 121 234
3 121 234 169
3 125 123 172
3 123 172 149
3 124 151 195
3 124 233 154
3 124 233 195
3 125 172 197
3 127 201 155
3 200 127 201
3 174 128 129
3 174 202 129
3 237 176 129
3 202 237 129
3 158 130 203
3 130 178 203
3 178 241 131
3 241 179 131
3 159 134 209
3 211 134 181
3 243 134 209
3 211 243 134
3 136 242 165
3 208 136 242
3 141 138 216
3 138 183 264
3 266 138 216
3 266 138 264
3 139 217 165
3 219 139 166
3 139 217 246
3 219 139 246
3 141 145 191
3 141 216 191
3 142 189 168
3 142 187 189
3 146 145 226
3 145 226 191
3 146 226 169
3 147 192 228
3 147 228 198
3 149 148 250
3 283 148 198
3 283 148 250
3 172 232 149
3 232 149 250
3 151 195 234
3 199 154 170
3 233 199 154
3 170 235 155
3 235 201 155
3 158 203 258
3 158 207 258
3 159 206 209
3 207 182 161
3 163 164 213
3 163 213 183
3 164 265 213
3 164 265 215
3 217 263 165
3 263 242 165
3 188 189 168
3 226 169 279
3 234 169 279
3 199 249 170
3 249 170 235
3 172 253 197
3 172 232 286
3 172 253 286
3 174 236 182
3 174 236 202
3 192 237 176
3 178 203 295
3 178 241 260
3 178 295 260
3 329 208 179
3 329 241 179
3 211 181 200
3 207 262 182
3 236 262 182
3 213 183 264
3 188 271 186
3 219 186 270
3 271 186 270
3 187 189 273
3 187 197 272
3 187 273 272
3 188 274 189
3 188 311 271
3 188 274 311
3 274 189 273
3 339 216 191
3 226 277 191
3 277 276 191
3 314 276 191
3 339 314 191
3 280 192 228
3 280 192 237
3 233 285 195
3 356 195 234
3 285 321 195
3 356 321 195
3 253 197 272
3 228 198 316
3 283 319 198
3 319 198 316
3 233 199 287
3 199 249 289
3 199 287 289
3 292 200 201
3 211 336 200
3 336 292 200
3 235 292 201
3 236 202 238
3 202 238 237
3 203 258 296
3 203 295 296
3 299 206 209
3 299 206 215
3 207 262 258
3 208 333 242
3 329 208 333
3 243 326 209
3 326 299 209
3 211 243 334
3 211 334 404
3 211 336 404
3 303 213 264
3 265 305 213
3 303 305 213
3 265 299 215
3 339 266 216
3 217 307 246
3 340 217 263
3 340 217 307
3 219 269 246
3 219 269 270
3 226 315 277
3 226 315 279
3 280 228 316
3 351 232 250
3 351 232 286
3 233 287 285
3 347 234 279
3 347 426 234
3 356 484 234
3 484 426 234
3 249 235 256
3 235 292 256
3 236 323 238
3 236 262 358
3 236 323 324
3 236 324 358
3 238 237 294
3 280 237 294
3 325 238 294
3 325 323 238
3 297 241 260
3 297 329 241
3 333 263 242
3 243 326 367
3 243 334 367
3 307 269 246
3 249 349 256
3 249 350 289
3 249 350 349
3 283 250 385
3 384 351 250
3 384 250 385
3 376 253 272
3 376 253 286
3 292 349 256
3 262 258 338
3 360 258 296
3 360 258 338
3 364 295 260
3 297 260 328
3 364 260 328
3 405 262 338
3 405 262 358
3 406 333 263
3 406 340 263
3 408 266 264
3 303 411 264
3 453 408 264
3 453 411 264
3 365 265 299
3 265 305 331
3 365 265 331
3 408 339 266
3 372 269 270
3 373 307 269
3 372 373 269
3 372 271 270
3 311 271 374
3 372 271 374
3 419 273 272
3 376 272 466
3 465 419 272
3 465 272 466
3 421 274 273
3 421 419 273
3 274 311 417
3 421 274 417
3 423 277 276
3 380 314 276
3 380 468 276
3 423 468 276
3 423 315 277
3 381 315 279
3 347 425 279
3 381 425 279
3 280 394 294
3 280 382 316
3 280 382 394
3 283 319 352
3 283 386 352
3 283 386 385
3 287 285 388
3 285 321 389
3 285 389 388
3 351 286 431
3 376 286 431
3 287 289 392
3 287 392 388
3 427 350 289
3 427 289 392
3 336 396 292
3 292 487 349
3 433 396 292
3 433 292 487
3 325 436 294
3 394 472 294
3 436 472 294
3 401 295 296
3 439 364 295
3 439 401 295
3 401 360 296
3 297 442 328
3 297 329 444
3 297 444 442
3 400 326 299
3 365 400 299
3 303 305 412
3 303 412 411
3 305 331 448
3 305 412 448
3 340 307 370
3 457 307 370
3 457 373 307
3 311 374 418
3 311 418 417
3 339 314 454
3 380 314 454
3 423 381 315
3 319 316 429
3 382 316 429
3 319 476 352
3 319 476 429
3 356 474 321
3 474 321 389
3 399 323 324
3 325 399 323
3 324 434 358
3 399 324 435
3 324 434 435
3 325 399 437
3 325 437 436
3 326 367 438
3 400 326 438
3 364 328 443
3 442 522 328
3 522 328 443
3 329 444 333
3 365 331 447
3 331 448 447
3 406 525 333
3 444 525 333
3 451 334 367
3 449 334 404
3 449 451 334
3 336 404 396
3 440 360 338
3 405 497 338
3 440 497 338
3 408 339 533
3 339 454 533
3 340 455 370
3 406 340 458
3 340 455 458
3 347 426 425
3 350 349 471
3 517 349 471
3 517 487 349
3 427 350 471
3 384 351 432
3 351 431 482
3 351 432 482
3 386 352 511
3 476 557 352
3 557 352 511
3 356 484 474
3 405 434 358
3 440 401 360
3 439 364 443
3 365 446 400
3 365 446 447
3 490 367 438
3 451 490 367
3 535 455 370
3 457 535 370
3 372 416 373
3 372 461 374
3 372 416 461
3 416 457 373
3 374 418 462
3 461 374 462
3 376 486 431
3 376 486 466
3 380 505 454
3 380 468 505
3 423 547 381
3 381 549 425
3 547 381 690
3 598 381 549
3 598 381 690
3 507 382 394
3 382 429 508
3 507 382 508
3 384 385 473
3 384 432 600
3 384 473 555
3 384 600 555
3 386 385 473
3 386 473 511
3 479 389 388
3 392 512 388
3 479 512 388
3 513 474 389
3 479 559 389
3 559 513 389
3 427 392 554
3 392 554 512
3 507 394 472
3 449 404 396
3 433 516 396
3 449 516 396
3 399 437 435
3 400 438 519
3 446 400 519
3 439 401 520
3 440 401 521
3 401 521 520
3 405 497 434
3 406 526 458
3 406 525 526
3 453 408 527
3 408 527 533
3 412 411 528
3 453 411 528
3 412 448 532
3 412 528 529
3 412 532 529
3 416 457 592
3 416 461 631
3 416 592 631
3 501 418 417
3 421 501 417
3 418 539 462
3 501 418 538
3 418 538 539
3 421 465 419
3 540 421 465
3 421 543 501
3 540 421 543
3 423 468 547
3 426 549 425
3 484 563 426
3 426 610 549
3 563 426 610
3 552 427 471
3 552 427 554
3 476 429 551
3 429 508 551
3 431 482 561
3 486 431 561
3 432 482 562
3 432 600 562
3 433 487 565
3 433 516 565
3 566 434 435
3 584 497 434
3 566 584 434
3 437 569 435
3 566 569 435
3 437 436 568
3 510 436 472
3 510 436 568
3 612 437 568
3 612 437 569
3 571 490 438
3 571 438 519
3 439 577 443
3 439 520 614
3 439 577 614
3 440 572 497
3 440 521 572
3 444 574 442
3 442 575 522
3 574 442 575
3 578 522 443
3 578 577 443
3 444 525 574
3 446 579 447
3 446 618 519
3 446 579 618
3 448 532 447
3 615 532 447
3 579 615 447
3 580 449 451
3 449 669 516
3 580 449 669
3 583 451 490
3 580 451 670
3 583 451 670
3 453 527 623
3 453 586 528
3 453 586 623
3 505 596 454
3 596 454 533
3 455 458 587
3 588 535 455
3 589 455 587
3 588 589 455
3 630 457 535
3 630 457 592
3 526 458 587
3 461 539 462
3 461 539 632
3 461 631 680
3 461 680 632
3 465 595 466
3 540 465 635
3 465 635 595
3 486 637 466
3 637 595 466
3 468 505 597
3 468 547 639
3 468 639 597
3 517 599 471
3 552 599 471
3 507 510 472
3 473 602 511
3 473 555 602
3 484 474 601
3 513 560 474
3 560 474 601
3 476 557 551
3 479 559 512
3 482 562 561
3 484 601 563
3 486 657 561
3 486 637 657
3 517 611 487
3 611 487 565
3 571 490 663
3 583 490 663
3 572 497 622
3 584 497 622
3 634 501 538
3 634 543 501
3 688 505 596
3 688 505 597
3 507 645 508
3 507 510 645
3 646 508 551
3 645 646 508
3 510 651 568
3 510 649 645
3 510 649 651
3 557 698 511
3 697 602 511
3 697 698 511
3 554 512 654
3 653 559 512
3 653 512 654
3 655 559 513
3 655 513 560
3 516 659 565
3 669 516 659
3 517 611 599
3 571 662 519
3 662 618 519
3 521 520 665
3 520 614 714
3 520 665 714
3 521 572 768
3 521 768 665
3 617 575 522
3 617 578 522
3 525 526 619
3 525 574 619
3 672 526 587
3 672 526 619
3 673 527 533
3 673 527 623
3 674 528 529
3 674 586 528
3 675 532 529
3 674 675 529
3 729 615 532
3 729 675 532
3 730 596 533
3 673 533 728
3 730 533 728
3 679 588 535
3 679 630 535
3 682 538 539
3 739 634 538
3 682 739 538
3 539 738 632
3 682 539 738
3 540 543 740
3 540 683 635
3 540 683 740
3 634 543 743
3 543 740 743
3 547 791 639
3 547 791 690
3 598 691 549
3 691 610 549
3 557 699 551
3 646 699 551
3 552 692 554
3 749 552 599
3 552 692 750
3 749 552 750
3 692 554 654
3 694 600 555
3 555 751 602
3 694 555 751
3 557 698 752
3 557 699 752
3 653 559 759
3 655 559 759
3 560 601 704
3 655 811 560
3 811 560 704
3 702 562 561
3 702 657 561
3 696 600 562
3 696 703 562
3 702 703 562
3 601 563 704
3 563 705 610
3 563 705 704
3 611 707 565
3 659 707 565
3 566 709 569
3 566 584 708
3 566 709 708
3 612 711 568
3 651 711 568
3 612 712 569
3 709 712 569
3 571 662 663
3 572 726 622
3 572 768 726
3 724 574 575
3 724 574 619
3 770 617 575
3 724 770 575
3 578 577 721
3 577 614 721
3 617 722 578
3 578 721 834
3 722 578 834
3 579 615 771
3 579 668 618
3 579 668 773
3 579 773 771
3 580 777 669
3 580 777 670
3 583 725 663
3 583 778 670
3 583 725 778
3 764 584 622
3 764 584 708
3 586 735 623
3 674 586 780
3 586 735 780
3 672 589 587
3 588 782 589
3 679 588 782
3 672 589 781
3 782 589 781
3 630 784 592
3 592 631 681
3 784 592 681
3 635 742 595
3 637 595 741
3 742 595 741
3 688 745 596
3 730 745 596
3 797 639 597
3 746 688 597
3 746 797 597
3 598 798 690
3 598 798 691
3 802 611 599
3 749 802 599
3 694 696 600
3 697 751 602
3 691 610 814
3 705 610 814
3 763 611 707
3 763 878 611
3 802 878 611
3 612 711 712
3 767 614 714
3 614 721 772
3 767 614 772
3 729 615 771
3 770 617 722
3 662 716 618
3 668 716 618
3 672 619 774
3 724 619 774
3 764 726 622
3 848 673 623
3 848 735 623
3 679 630 784
3 631 681 680
3 680 786 632
3 786 738 632
3 739 634 743
3 683 635 742
3 637 657 800
3 637 741 800
3 791 797 639
3 747 645 646
3 747 649 645
3 801 646 699
3 747 801 646
3 649 651 805
3 747 649 805
3 651 806 711
3 651 920 805
3 651 806 920
3 653 759 654
3 692 810 654
3 927 759 654
3 927 810 654
3 655 869 759
3 655 811 869
3 702 657 871
3 657 871 800
3 669 817 659
3 816 659 707
3 816 817 659
3 766 662 663
3 766 662 716
3 766 725 663
3 828 665 714
3 942 768 665
3 942 828 665
3 668 716 824
3 668 773 836
3 668 836 824
3 777 669 817
3 777 837 670
3 778 837 670
3 840 672 774
3 672 781 839
3 840 672 839
3 848 673 728
3 843 674 675
3 843 674 780
3 844 729 675
3 843 675 896
3 844 675 896
3 679 782 847
3 902 679 784
3 902 679 847
3 849 681 680
3 849 680 786
3 784 849 681
3 682 738 850
3 682 739 905
3 682 850 905
3 907 683 740
3 907 683 742
3 688 745 796
3 746 688 796
3 791 853 690
3 798 853 690
3 798 914 691
3 914 691 814
3 692 750 916
3 692 810 928
3 692 916 928
3 694 696 922
3 923 694 751
3 923 694 922
3 807 696 703
3 807 696 922
3 862 697 698
3 697 861 751
3 862 697 861
3 862 698 752
3 863 699 752
3 801 866 699
3 866 863 699
3 702 703 871
3 872 807 703
3 872 703 871
3 873 705 704
3 933 811 704
3 873 874 704
3 933 874 704
3 873 705 814
3 875 763 707
3 816 875 707
3 819 709 708
3 764 876 708
3 819 876 708
3 709 877 712
3 819 709 877
3 806 711 712
3 938 806 712
3 938 877 712
3 823 767 714
3 823 828 714
3 766 827 716
3 716 824 880
3 827 716 880
3 831 721 772
3 831 721 834
3 770 722 887
3 722 946 834
3 722 887 946
3 724 884 770
3 724 884 774
3 939 766 725
3 725 778 830
3 725 883 830
3 939 725 883
3 764 892 726
3 893 768 726
3 893 892 726
3 730 728 895
3 848 728 895
3 729 885 771
3 844 729 885
3 911 730 745
3 730 952 895
3 911 730 952
3 735 780 955
3 848 961 735
3 961 735 955
3 786 738 850
3 739 856 743
3 1032 739 856
3 1032 739 905
3 909 740 743
3 907 909 740
3 910 742 741
3 741 800 936
3 910 969 741
3 969 741 936
3 907 970 742
3 970 910 742
3 856 909 743
3 911 745 796
3 746 912 796
3 746 913 797
3 746 912 974
3 746 974 913
3 747 801 859
3 917 747 805
3 917 747 859
3 749 750 918
3 749 918 802
3 750 918 916
3 923 861 751
3 862 984 752
3 984 863 752
3 990 869 759
3 990 927 759
3 875 763 997
3 763 878 997
3 764 876 892
3 939 766 827
3 881 767 772
3 823 881 767
3 893 942 768
3 884 770 887
3 885 773 771
3 831 881 772
3 773 836 888
3 944 885 773
3 944 773 888
3 884 840 774
3 777 817 949
3 950 777 837
3 950 777 949
3 778 837 830
3 843 1020 780
3 1020 780 955
3 782 781 900
3 956 781 839
3 956 781 900
3 957 782 847
3 1025 782 900
3 1025 957 782
3 1028 784 849
3 902 1028 784
3 963 849 786
3 786 964 850
3 963 786 964
3 791 797 853
3 1037 911 796
3 912 1102 796
3 1037 1102 796
3 1041 797 853
3 1041 913 797
3 798 975 853
3 798 914 975
3 871 800 936
3 801 866 859
3 802 1043 878
3 918 802 1043
3 917 805 1045
3 920 805 1045
3 806 920 1046
3 938 806 1001
3 806 1046 1001
3 872 1049 807
3 807 979 922
3 807 979 1113
3 1049 807 1113
3 927 810 987
3 810 987 928
3 988 811 869
3 988 933 811
3 873 934 814
3 914 1061 814
3 934 1060 814
3 1061 1060 814
3 816 817 949
3 816 998 875
3 816 998 949
3 819 876 1063
3 819 1063 877
3 823 1005 828
3 823 881 1003
3 823 1067 1003
3 823 1067 1005
3 940 836 824
3 940 824 880
3 827 1008 880
3 939 827 1009
3 827 1068 1008
3 827 1009 1068
3 942 1005 828
3 1010 837 830
3 1010 883 830
3 831 945 834
3 831 881 890
3 831 945 890
3 946 945 834
3 1014 836 888
3 1014 940 836
3 950 1015 837
3 1010 1015 837
3 840 956 839
3 884 840 1083
3 840 1083 956
3 843 896 1020
3 1135 844 885
3 844 1089 896
3 1135 844 1089
3 902 1026 847
3 957 1026 847
3 848 1029 895
3 848 961 1029
3 1030 963 849
3 1028 1030 849
3 1031 850 905
3 1031 964 850
3 1041 975 853
3 856 1033 909
3 1032 856 1097
3 1159 856 1033
3 1159 856 1097
3 866 859 978
3 917 859 978
3 862 861 982
3 923 861 1048
3 861 1048 982
3 862 1050 982
3 862 984 1050
3 985 866 863
3 985 984 863
3 1115 866 978
3 985 1115 866
3 988 869 1058
3 990 869 1058
3 994 872 871
3 1062 871 936
3 994 1062 871
3 994 872 1049
3 873 874 934
3 933 1059 874
3 1126 874 934
3 1126 1059 874
3 875 1129 997
3 998 875 1129
3 876 892 1130
3 876 1063 1130
3 1065 938 877
3 1063 1065 877
3 1133 878 997
3 1133 1043 878
3 940 1008 880
3 1006 881 890
3 881 1003 1007
3 1069 1006 881
3 1069 881 1007
3 939 1072 883
3 1010 951 883
3 1072 951 883
3 884 887 1076
3 884 1076 1136
3 884 1083 1136
3 944 885 1134
3 885 1204 1134
3 1135 885 1204
3 887 946 1076
3 944 1134 888
3 1014 1137 888
3 1137 1134 888
3 1082 945 890
3 1006 1082 890
3 893 1084 892
3 1085 1084 892
3 1085 1141 892
3 1141 892 1130
3 893 942 1084
3 1088 952 895
3 1088 1029 895
3 896 1020 1090
3 1089 896 1090
3 1149 956 900
3 1025 1149 900
3 902 1026 1094
3 902 1028 1094
3 1031 1096 905
3 1032 1096 905
3 907 1033 909
3 907 970 1157
3 907 1157 1033
3 910 1098 969
3 970 910 1098
3 1100 911 952
3 1099 1037 911
3 1100 1099 911
3 912 1166 974
3 912 1167 1102
3 912 1166 1167
3 1104 974 913
3 1041 1160 913
3 1104 1160 913
3 914 1061 975
3 918 916 1107
3 916 1107 928
3 917 1109 978
3 917 1172 1045
3 917 1172 1109
3 1110 918 1043
3 1110 918 1107
3 920 1106 1045
3 1112 920 1046
3 1112 920 1106
3 923 979 922
3 1047 923 979
3 1047 923 1048
3 927 987 1119
3 990 927 1119
3 1117 987 928
3 1117 1107 928
3 988 933 1125
3 933 1059 1125
3 1126 934 1060
3 969 1127 936
3 1062 1127 936
3 1131 938 1001
3 1131 1065 938
3 939 1072 1009
3 940 1200 1008
3 1014 940 1200
3 1203 942 1005
3 1203 942 1084
3 1082 946 945
3 946 1076 1206
3 1082 946 1207
3 946 1207 1206
3 950 998 949
3 950 998 1140
3 950 1015 1140
3 1010 951 1017
3 951 1087 1017
3 1072 951 1211
3 951 1087 1211
3 1100 1088 952
3 961 1154 955
3 1216 1020 955
3 1216 1154 955
3 1083 956 1150
3 1149 956 1150
3 1025 957 1218
3 957 1026 1151
3 957 1151 1218
3 961 1029 1154
3 963 1156 964
3 1030 963 1155
3 963 1155 1156
3 1156 1031 964
3 1098 969 1227
3 969 1127 1227
3 1164 970 1098
3 1164 970 1157
3 1104 974 1232
3 1166 974 1232
3 1041 1161 975
3 1161 1061 975
3 1115 1109 978
3 1047 979 1173
3 979 1173 1113
3 1175 1048 982
3 1050 1114 982
3 1114 1175 982
3 985 1116 984
3 1116 984 1050
3 985 1115 1118
3 985 1116 1118
3 1117 1178 987
3 1183 987 1119
3 1183 1178 987
3 988 1185 1058
3 988 1185 1125
3 990 1058 1246
3 990 1246 1119
3 994 1049 1123
3 994 1247 1062
3 994 1247 1123
3 1129 1193 997
3 1133 1259 997
3 1259 1193 997
3 998 1129 1190
3 998 1140 1190
3 1131 1046 1001
3 1260 1003 1007
3 1067 1003 1195
3 1260 1003 1195
3 1067 1198 1005
3 1203 1198 1005
3 1069 1006 1199
3 1006 1139 1082
3 1006 1139 1199
3 1069 1260 1007
3 1068 1008 1201
3 1200 1008 1201
3 1009 1068 1197
3 1072 1202 1009
3 1202 1009 1197
3 1010 1015 1017
3 1014 1137 1208
3 1014 1200 1269
3 1014 1208 1272
3 1014 1272 1269
3 1015 1209 1017
3 1015 1140 1192
3 1015 1256 1192
3 1015 1209 1256
3 1209 1087 1017
3 1216 1020 1090
3 1025 1149 1281
3 1025 1281 1218
3 1219 1026 1094
3 1219 1026 1151
3 1028 1030 1222
3 1028 1222 1094
3 1088 1029 1278
3 1029 1154 1278
3 1030 1155 1223
3 1030 1222 1223
3 1286 1031 1096
3 1286 1156 1031
3 1032 1097 1096
3 1157 1033 1288
3 1159 1033 1288
3 1099 1037 1102
3 1041 1161 1160
3 1110 1233 1043
3 1133 1233 1043
3 1172 1106 1045
3 1112 1234 1046
3 1131 1234 1046
3 1047 1176 1048
3 1047 1176 1173
3 1176 1175 1048
3 1187 1049 1113
3 1187 1049 1123
3 1050 1114 1236
3 1116 1050 1236
3 1185 1058 1246
3 1250 1059 1125
3 1126 1250 1059
3 1061 1252 1060
3 1126 1060 1323
3 1252 1060 1323
3 1161 1363 1061
3 1363 1061 1252
3 1247 1062 1127
3 1325 1063 1065
3 1325 1063 1130
3 1257 1131 1065
3 1257 1325 1065
3 1067 1195 1330
3 1067 1198 1330
3 1262 1068 1197
3 1263 1068 1201
3 1262 1263 1068
3 1069 1264 1199
3 1069 1260 1264
3 1072 1202 1211
3 1267 1076 1136
3 1076 1337 1206
3 1267 1076 1337
3 1139 1082 1268
3 1082 1268 1207
3 1083 1267 1136
3 1083 1267 1150
3 1275 1085 1084
3 1334 1203 1084
3 1275 1084 1411
3 1334 1084 1411
3 1341 1085 1141
3 1341 1275 1085
3 1209 1340 1087
3 1087 1211 1343
3 1340 1087 1343
3 1100 1088 1279
3 1088 1279 1278
3 1212 1089 1090
3 1135 1212 1089
3 1212 1346 1090
3 1216 1352 1090
3 1352 1346 1090
3 1284 1219 1094
3 1284 1222 1094
3 1097 1287 1096
3 1296 1286 1096
3 1296 1287 1096
3 1159 1097 1287
3 1164 1364 1098
3 1364 1098 1227
3 1100 1099 1369
3 1367 1099 1102
3 1367 1099 1369
3 1100 1369 1279
3 1293 1167 1102
3 1293 1370 1102
3 1367 1370 1102
3 1104 1160 1298
3 1104 1373 1232
3 1104 1373 1298
3 1112 1299 1106
3 1172 1299 1106
3 1110 1301 1107
3 1117 1301 1107
3 1115 1239 1109
3 1172 1109 1303
3 1239 1109 1303
3 1110 1233 1301
3 1112 1234 1376
3 1112 1299 1376
3 1173 1305 1113
3 1187 1305 1113
3 1306 1114 1175
3 1243 1114 1236
3 1243 1306 1114
3 1115 1239 1118
3 1116 1118 1236
3 1308 1117 1178
3 1308 1117 1301
3 1118 1236 1309
3 1379 1239 1118
3 1379 1118 1309
3 1183 1311 1119
3 1246 1444 1119
3 1311 1444 1119
3 1319 1187 1123
3 1319 1247 1123
3 1185 1391 1125
3 1250 1391 1125
3 1126 1250 1392
3 1126 1392 1323
3 1254 1127 1227
3 1254 1247 1127
3 1324 1129 1190
3 1129 1193 1329
3 1324 1129 1399
3 1129 1399 1329
3 1141 1395 1130
3 1325 1394 1130
3 1394 1395 1130
3 1131 1258 1234
3 1257 1131 1258
3 1133 1259 1233
3 1137 1134 1270
3 1204 1134 1270
3 1135 1335 1204
3 1135 1335 1212
3 1339 1137 1208
3 1137 1270 1416
3 1339 1137 1416
3 1139 1199 1417
3 1418 1139 1268
3 1418 1139 1417
3 1140 1192 1190
3 1341 1141 1395
3 1149 1150 1350
3 1149 1281 1350
3 1347 1267 1150
3 1347 1150 1350
3 1151 1355 1218
3 1219 1151 1354
3 1151 1355 1354
3 1216 1359 1154
3 1425 1154 1278
3 1425 1359 1154
3 1360 1155 1156
3 1155 1223 1426
3 1360 1155 1426
3 1286 1360 1156
3 1164 1157 1361
3 1157 1361 1288
3 1159 1428 1287
3 1159 1428 1288
3 1161 1160 1298
3 1161 1432 1298
3 1161 1363 1432
3 1164 1361 1430
3 1164 1365 1364
3 1164 1365 1430
3 1166 1167 1292
3 1166 1232 1292
3 1167 1436 1292
3 1293 1167 1436
3 1443 1172 1299
3 1443 1172 1303
3 1318 1176 1173
3 1386 1173 1305
3 1318 1386 1173
3 1306 1176 1175
3 1318 1306 1176
3 1447 1183 1178
3 1308 1446 1178
3 1447 1446 1178
3 1447 1183 1311
3 1185 1387 1246
3 1453 1185 1387
3 1453 1185 1391
3 1187 1532 1305
3 1319 1187 1388
3 1187 1531 1388
3 1187 1531 1532
3 1324 1192 1190
3 1396 1256 1192
3 1324 1396 1192
3 1259 1398 1193
3 1398 1193 1329
3 1260 1195 1400
3 1469 1195 1330
3 1469 1195 1400
3 1202 1402 1197
3 1262 1197 1403
3 1402 1197 1403
3 1334 1203 1198
3 1198 1407 1330
3 1334 1198 1472
3 1198 1407 1472
3 1264 1199 1408
3 1199 1408 1417
3 1263 1200 1201
3 1263 1200 1269
3 1410 1202 1211
3 1410 1202 1402
3 1335 1204 1270
3 1414 1207 1206
3 1415 1337 1206
3 1414 1415 1206
3 1412 1268 1207
3 1414 1412 1207
3 1339 1208 1272
3 1342 1209 1256
3 1342 1209 1340
3 1410 1211 1343
3 1335 1212 1489
3 1212 1346 1491
3 1212 1489 1491
3 1216 1493 1352
3 1216 1493 1359
3 1356 1281 1218
3 1355 1218 1497
3 1356 1218 1497
3 1284 1219 1495
3 1219 1354 1495
3 1284 1222 1223
3 1284 1223 1498
3 1223 1426 1498
3 1365 1254 1227
3 1365 1364 1227
3 1510 1232 1292
3 1373 1232 1440
3 1510 1232 1440
3 1259 1512 1233
3 1233 1514 1301
3 1512 1233 1514
3 1258 1442 1234
3 1442 1234 1376
3 1243 1236 1309
3 1239 1303 1241
3 1379 1239 1241
3 1381 1303 1241
3 1379 1381 1241
3 1384 1243 1306
3 1448 1243 1309
3 1384 1243 1451
3 1448 1243 1451
3 1387 1246 1444
3 1254 1247 1462
3 1319 1247 1462
3 1250 1391 1533
3 1250 1392 1533
3 1458 1252 1323
3 1363 1252 1500
3 1458 1608 1252
3 1608 1252 1500
3 1501 1365 1254
3 1501 1254 1462
3 1463 1342 1256
3 1463 1396 1256
3 1257 1258 1465
3 1257 1325 1466
3 1257 1465 1466
3 1610 1258 1442
3 1610 1258 1465
3 1259 1512 1398
3 1260 1409 1264
3 1260 1468 1400
3 1260 1409 1468
3 1262 1263 1404
3 1262 1403 1544
3 1262 1544 1404
3 1263 1471 1269
3 1263 1545 1404
3 1263 1545 1471
3 1473 1264 1408
3 1473 1409 1264
3 1415 1267 1337
3 1347 1415 1267
3 1418 1412 1268
3 1477 1272 1269
3 1477 1471 1269
3 1335 1489 1270
3 1624 1270 1416
3 1624 1489 1270
3 1556 1339 1272
3 1623 1477 1272
3 1556 1623 1272
3 1341 1275 1558
3 1275 1558 1411
3 1486 1279 1278
3 1425 1486 1278
3 1369 1562 1279
3 1562 1486 1279
3 1424 1281 1350
3 1424 1356 1281
3 1284 1635 1495
3 1284 1635 1498
3 1296 1286 1295
3 1286 1371 1295
3 1286 1360 1371
3 1296 1287 1437
3 1428 1287 1437
3 1427 1361 1288
3 1427 1362 1288
3 1362 1428 1288
3 1436 1510 1292
3 1293 1370 1657
3 1293 1581 1436
3 1293 1581 1658
3 1293 1658 1657
3 1296 1504 1295
3 1508 1371 1295
3 1660 1504 1295
3 1508 1659 1295
3 1660 1659 1295
3 1296 1504 1437
3 1373 1575 1298
3 1432 1575 1298
3 1299 1376 1513
3 1443 1299 1513
3 1308 1514 1301
3 1381 1518 1303
3 1443 1518 1303
3 1386 1532 1305
3 1318 1306 1385
3 1384 1306 1385
3 1308 1446 1591
3 1308 1591 1514
3 1448 1379 1309
3 1311 1444 1596
3 1447 1311 1596
3 1318 1529 1385
3 1318 1386 1528
3 1318 1528 1529
3 1319 1530 1388
3 1319 1530 1462
3 1392 1458 1323
3 1324 1537 1396
3 1324 1537 1399
3 1325 1394 1466
3 1398 1538 1329
3 1399 1538 1329
3 1542 1407 1330
3 1542 1469 1330
3 1334 1472 1411
3 1339 1554 1416
3 1556 1339 1554
3 1342 1340 1420
3 1340 1421 1343
3 1340 1421 1420
3 1341 1560 1395
3 1341 1630 1558
3 1341 1630 1560
3 1484 1342 1420
3 1463 1633 1342
3 1484 1633 1342
3 1410 1561 1343
3 1561 1421 1343
3 1642 1352 1346
3 1346 1491 1722
3 1642 1346 1722
3 1348 1347 1350
3 1348 1423 1347
3 1423 1347 1415
3 1348 1566 1350
3 1348 1423 1565
3 1348 1565 1566
3 1424 1566 1350
3 1493 1642 1352
3 1572 1355 1354
3 1572 1354 1495
3 1355 1573 1497
3 1572 1355 1573
3 1424 1356 1569
3 1356 1569 1497
3 1425 1643 1359
3 1493 1643 1359
3 1499 1360 1371
3 1499 1360 1426
3 1427 1361 1430
3 1427 1362 1647
3 1362 1428 1509
3 1362 1584 1509
3 1362 1647 1584
3 1363 1432 1500
3 1365 1649 1430
3 1501 1365 1652
3 1365 1652 1649
3 1367 1369 1562
3 1367 1576 1370
3 1367 1562 1576
3 1576 1370 1657
3 1508 1499 1371
3 1373 1739 1440
3 1664 1373 1575
3 1664 1373 1739
3 1442 1515 1376
3 1515 1376 1513
3 1379 1381 1449
3 1448 1379 1449
3 1595 1381 1449
3 1595 1381 1518
3 1384 1529 1385
3 1384 1451 1597
3 1384 1674 1529
3 1384 1674 1597
3 1606 1386 1528
3 1606 1386 1532
3 1387 1599 1444
3 1453 1387 1599
3 1530 1600 1388
3 1531 1600 1388
3 1453 1391 1675
3 1391 1533 1604
3 1391 1604 1675
3 1607 1392 1458
3 1607 1392 1533
3 1394 1609 1395
3 1394 1609 1466
3 1560 1609 1395
3 1463 1535 1396
3 1537 1535 1396
3 1512 1398 1691
3 1398 1538 1773
3 1398 1773 1691
3 1613 1537 1399
3 1613 1399 1538
3 1468 1540 1400
3 1469 1540 1400
3 1614 1402 1403
3 1410 1402 1541
3 1614 1402 1541
3 1617 1403 1544
3 1614 1617 1403
3 1545 1544 1404
3 1619 1407 1472
3 1542 1407 1616
3 1619 1407 1616
3 1627 1408 1417
3 1473 1408 1620
3 1627 1408 1620
3 1409 1468 1547
3 1621 1473 1409
3 1409 1699 1547
3 1621 1409 1698
3 1783 1409 1698
3 1783 1409 1699
3 1410 1561 1541
3 1697 1472 1411
3 1558 1697 1411
3 1414 1700 1412
3 1418 1629 1412
3 1629 1700 1412
3 1414 1415 1548
3 1414 1548 1702
3 1414 1700 1702
3 1423 1415 1640
3 1415 1548 1640
3 1707 1554 1416
3 1707 1624 1416
3 1418 1628 1417
3 1628 1627 1417
3 1418 1628 1791
3 1418 1629 1791
3 1631 1421 1420
3 1484 1631 1420
3 1634 1561 1421
3 1634 1631 1421
3 1423 1565 1638
3 1423 1640 1638
3 1424 1724 1566
3 1424 1724 1569
3 1425 1486 1645
3 1425 1643 1727
3 1425 1727 1645
3 1728 1426 1498
3 1499 1728 1426
3 1427 1650 1430
3 1427 1650 1647
3 1428 1509 1437
3 1650 1649 1430
3 1432 1651 1500
3 1432 1575 1651
3 1581 1436 1510
3 1656 1504 1437
3 1656 1509 1437
3 1741 1510 1440
3 1741 1739 1440
3 1666 1442 1515
3 1610 1442 1746
3 1666 1442 1746
3 1443 1743 1513
3 1443 1518 1745
3 1443 1743 1745
3 1599 1444 1596
3 1447 1446 1668
3 1446 1668 1591
3 1447 1757 1596
3 1447 1829 1668
3 1447 1829 1757
3 1448 1449 1594
3 1448 1451 1594
3 1449 1594 1520
3 1595 1449 1520
3 1451 1597 1594
3 1453 1599 1675
3 1607 1458 1680
3 1458 1608 1680
3 1501 1462 1730
3 1530 1462 1730
3 1684 1463 1535
3 1684 1463 1633
3 1685 1465 1466
3 1610 1465 1686
3 1685 1465 1771
3 1465 1771 1686
3 1685 1609 1466
3 1468 1547 1540
3 1469 1692 1540
3 1542 1469 1692
3 1477 1471 1694
3 1545 1471 1694
3 1619 1697 1472
3 1621 1473 1620
3 1623 1477 1703
3 1477 1703 1694
3 1795 1484 1631
3 1484 1633 1798
3 1795 1484 1798
3 1718 1562 1486
3 1718 1486 1645
3 1489 1491 1720
3 1624 1489 1720
3 1888 1491 1720
3 1491 1722 1802
3 1888 1491 1802
3 1493 1642 1805
3 1493 1643 1805
3 1572 1495 1725
3 1635 1495 1725
3 1569 1726 1497
3 1573 1726 1497
3 1728 1635 1498
3 1508 1499 1732
3 1499 1728 1732
3 1608 1651 1500
3 1501 1652 1731
3 1501 1731 1730
3 1660 1656 1504
3 1508 1659 1737
3 1508 1732 1737
3 1738 1584 1509
3 1656 1509 1818
3 1738 1509 1818
3 1581 1817 1510
3 1741 1817 1510
3 1512 1514 1691
3 1515 1743 1513
3 1591 1514 1691
3 1823 1666 1515
3 1515 1743 1920
3 1823 1515 1920
3 1595 1518 1756
3 1518 1756 1745
3 1831 1594 1520
3 1595 1520 1832
3 1831 1520 1832
3 1760 1528 1529
3 1606 1763 1528
3 1760 1763 1528
3 1760 1674 1529
3 1530 1600 1764
3 1530 1730 1764
3 1749 1531 1532
3 1749 1531 1600
3 1749 1606 1532
3 1767 1533 1604
3 1607 1767 1533
3 1537 1535 1612
3 1684 1535 1612
3 1537 1612 1688
3 1613 1537 1688
3 1613 1538 1855
3 1538 1855 1773
3 1696 1547 1540
3 1780 1692 1540
3 1780 1696 1540
3 1561 1717 1541
3 1614 1776 1541
3 1717 1776 1541
3 1542 1692 1616
3 1693 1545 1544
3 1693 1617 1544
3 1859 1693 1545
3 1859 1545 1694
3 1696 1699 1547
3 1548 1702 1640
3 1556 1872 1554
3 1707 1872 1554
3 1556 1623 1784
3 1556 1784 1874
3 1556 1872 1874
3 1630 1793 1558
3 1793 1558 1697
3 1797 1560 1609
3 1794 1630 1560
3 1794 1560 1979
3 1797 1560 1979
3 1634 1561 1717
3 1562 1814 1576
3 1718 1562 1814
3 1565 1723 1566
3 1565 1723 1638
3 1724 1723 1566
3 1897 1724 1569
3 1897 1569 1726
3 1572 1808 1573
3 1572 1808 1725
3 1809 1573 1726
3 1808 1809 1573
3 1575 1812 1651
3 1664 1575 1812
3 1576 1657 1815
3 1814 1576 1815
3 1906 1581 1658
3 1906 1581 1817
3 1647 1584 1913
3 1738 1584 1913
3 1668 1591 1826
3 1923 1591 1691
3 1923 1591 1826
3 1597 1594 1673
3 1831 1594 1673
3 1595 1833 1756
3 1595 1833 1832
3 1599 1838 1596
3 1834 1757 1596
3 1834 1838 1596
3 1839 1597 1673
3 1839 1674 1597
3 1599 1842 1675
3 1599 1842 1838
3 1749 1600 1844
3 1600 1764 1844
3 1848 1604 1675
3 1848 1767 1604
3 1749 1606 1849
3 1606 1763 1849
3 1607 1851 1680
3 1938 1607 1767
3 1938 1607 1851
3 1608 1651 1850
3 1608 1680 1850
3 1854 1685 1609
3 1854 1797 1609
3 1852 1610 1686
3 1852 1610 1746
3 1684 1612 1944
3 1612 1944 1688
3 1948 1613 1688
3 1948 1613 1855
3 1614 1617 1776
3 1619 1777 1616
3 1858 1692 1616
3 1858 1777 1616
3 1954 1693 1617
3 2050 1617 1776
3 2050 1954 1617
3 1861 1619 1697
3 1861 1619 1777
3 1621 1862 1620
3 1627 1970 1620
3 1862 1970 1620
3 1621 1863 1698
3 1621 1958 1862
3 1621 1958 1863
3 1623 1703 1784
3 1869 1707 1624
3 1869 1624 1720
3 1628 1877 1627
3 1877 1627 1970
3 1628 1791 1974
3 1628 2069 1877
3 1628 1974 2069
3 1629 1700 1976
3 1629 1791 1977
3 1629 1977 1976
3 1630 1793 1883
3 1794 1630 1883
3 1634 1885 1631
3 1795 1885 1631
3 1684 1943 1633
3 1943 1633 1798
3 1634 1885 1717
3 1887 1635 1725
3 1816 1728 1635
3 1816 1887 1635
3 1801 1640 1638
3 1723 1891 1638
3 1801 1638 1892
3 1891 1638 1892
3 1801 1702 1640
3 1642 1893 1722
3 1642 1893 1805
3 1896 1643 1727
3 1896 1643 1805
3 1718 1645 1982
3 1727 1898 1645
3 1898 2089 1645
3 2089 1645 1982
3 1650 1647 1821
3 1647 1999 1821
3 1647 1999 1913
3 1650 1811 1649
3 1901 1652 1649
3 1901 1811 1649
3 1650 1811 1821
3 1991 1812 1651
3 1992 1651 1850
3 1991 1992 1651
3 1901 1652 1731
3 1911 1660 1656
3 1911 1656 1818
3 1658 1657 1819
3 1657 1815 1905
3 1657 1819 1905
3 1658 1907 1819
3 1906 1658 1907
3 1660 1659 1910
3 1909 1659 1737
3 1909 1659 1910
3 1660 1912 1910
3 1911 1660 1912
3 1917 1664 1739
3 1917 1664 1812
3 1852 1666 1746
3 1823 1666 1919
3 1852 1666 1919
3 1829 1668 1826
3 1831 1929 1673
3 1839 1929 1673
3 1760 1674 1932
3 1839 1674 1932
3 2036 1842 1675
3 1848 2036 1675
3 1851 1680 1850
3 1684 1943 1944
3 1685 1771 1946
3 1854 1685 1946
3 1771 1947 1686
3 1852 1947 1686
3 1944 1688 2046
3 1948 1688 2046
3 1951 1773 1691
3 1923 1951 1691
3 1780 1858 1692
3 1954 1859 1693
3 1703 1694 1956
3 1859 1694 1956
3 1781 1696 1699
3 1780 1860 1696
3 1860 1781 1696
3 1793 1861 1697
3 1783 1863 1698
3 1781 1783 1699
3 1961 1700 1702
3 1961 1700 2057
3 1700 1976 2057
3 1961 1801 1702
3 1703 1784 1964
3 1703 2059 1956
3 1703 1964 2059
3 1869 1707 1967
3 1707 1872 1967
3 2050 1717 1776
3 2050 1885 1717
3 1718 1814 1982
3 1869 2079 1720
3 2079 1888 1720
3 1893 1722 1802
3 1803 1724 1723
3 1895 1803 1723
3 1895 1723 1891
3 1803 1724 1985
3 1897 1724 1985
3 1986 1808 1725
3 1986 1887 1725
3 1897 1809 1726
3 1896 1727 1898
3 1816 1728 1732
3 1942 1731 1730
3 1942 1730 1764
3 1901 1731 2091
3 2038 1942 1731
3 2038 1731 2091
3 1732 1737 1908
3 1816 1732 1908
3 1998 1737 1908
3 1998 1909 1737
3 2099 1738 1818
3 1738 1916 1913
3 2099 1738 1916
3 1741 2100 1739
3 1917 2100 1739
3 1741 2002 1817
3 1741 2002 2101
3 1741 2101 2100
3 1743 2003 1745
3 2198 1743 1920
3 2198 1743 2003
3 2003 1756 1745
3 1749 1937 1844
3 1749 1937 1849
3 2003 1833 1756
3 1829 2112 1757
3 1834 1757 1927
3 2112 1757 1927
3 1760 1763 2025
3 1760 2025 1932
3 1763 2031 1849
3 1763 2025 2031
3 1935 1764 1844
3 1935 1942 1764
3 1848 2035 1767
3 1938 2035 1767
3 1771 1946 2134
3 1771 1947 2134
3 2047 1855 1773
3 2047 1951 1773
3 1858 2051 1777
3 2051 1861 1777
3 1780 1858 1953
3 1780 1860 1953
3 1781 1783 1959
3 1957 1860 1781
3 1957 1781 1959
3 1783 2145 1863
3 1783 2145 1959
3 1784 2058 1874
3 1784 1964 2058
3 2161 1791 1974
3 2161 1791 1977
3 1880 1876 1792
3 1876 1792 2066
3 1881 1880 1792
3 1881 1966 1792
3 1966 2152 1792
3 2152 1792 2066
3 1793 1861 1978
3 1793 1978 1883
3 1794 1980 1883
3 2073 1794 1979
3 2073 1794 1980
3 1795 1798 2075
3 1795 1885 2286
3 1795 2286 2075
3 1854 1797 2041
3 1797 2041 1979
3 2076 1943 1798
3 2076 1798 2075
3 2081 1801 1892
3 1961 2081 1801
3 2169 1888 1802
3 2174 1893 1802
3 2174 2169 1802
3 1895 2083 1803
3 2083 1803 1985
3 2084 1893 1805
3 1896 2085 1805
3 2084 2085 1805
3 2088 1808 1809
3 1986 1808 2175
3 2088 1808 2175
3 1897 2087 1809
3 2088 2087 1809
3 1989 1811 1821
3 1901 1989 1811
3 1917 1991 1812
3 1814 2092 1815
3 1814 2092 1982
3 1815 2183 1905
3 2092 1815 2183
3 1816 1887 2168
3 1816 2168 1908
3 1906 1817 2095
3 2002 1817 2095
3 1911 2099 1818
3 2096 1819 1905
3 1907 1819 2097
3 2096 1819 2097
3 1989 1999 1821
3 1823 2105 1919
3 1823 2106 1920
3 1823 2105 2106
3 1829 2009 1826
3 1923 2009 1826
3 2113 1829 2009
3 2113 1829 2112
3 1831 1926 1832
3 1831 1926 2023
3 1831 1929 2119
3 1831 2023 2119
3 1926 1833 1832
3 1926 2212 1833
3 2003 1833 2213
3 2212 1833 2213
3 1834 1838 1927
3 1842 2220 1838
3 2321 1838 1927
3 2321 2220 1838
3 2122 1839 1929
3 1839 2221 1932
3 2122 1839 2221
3 2036 1842 2220
3 1935 2033 1844
3 1937 2033 1844
3 1848 2035 2129
3 1848 2036 2129
3 2029 1937 1849
3 2029 2031 1849
3 2130 1851 1850
3 2130 1992 1850
3 1938 1851 2127
3 1851 2127 2237
3 2130 1851 2237
3 1852 2201 1919
3 1852 2135 1947
3 1852 2135 2202
3 1852 2201 2202
3 1854 1946 2041
3 1948 2137 1855
3 2047 2137 1855
3 1858 1953 2051
3 1954 1859 2253
3 1859 2253 1956
3 1860 1953 2140
3 1957 1860 2140
3 1861 1978 2141
3 2051 1861 2141
3 1958 2144 1862
3 2144 1862 1970
3 1958 1863 2146
3 2145 1863 2146
3 1869 2150 1967
3 1869 2150 2079
3 1872 1874 2155
3 1872 2155 1967
3 2058 2271 1874
3 2271 1874 2155
3 1880 1876 1972
3 1971 1876 1972
3 1971 2061 1876
3 2061 1876 2066
3 2144 1877 1970
3 2159 2069 1877
3 2159 2144 1877
3 1881 1879 1880
3 2071 1879 1880
3 1881 1879 2056
3 1879 2056 2154
3 2071 1879 2070
3 1879 2072 2070
3 1879 2072 2154
3 2071 1880 1972
3 1881 1966 2056
3 1980 1978 1883
3 2050 2289 1885
3 2289 1885 2286
3 1986 1887 2178
3 1887 2168 2178
3 2292 2079 1888
3 2292 2169 1888
3 1891 2170 1892
3 1895 1891 2170
3 2081 2260 1892
3 2260 2170 1892
3 2174 2084 1893
3 2172 1895 2083
3 1895 2170 2171
3 2172 1895 2171
3 1896 1898 2179
3 1896 2179 2085
3 1897 2087 1985
3 1898 2179 2089
3 1901 1989 2091
3 2096 2183 1905
3 1906 1907 2095
3 2184 1907 2095
3 2184 1907 2097
3 1998 2182 1908
3 2168 2182 1908
3 2188 1909 1910
3 1998 1909 2189
3 2188 1909 2189
3 2188 1912 1910
3 1911 2303 1912
3 1911 2099 2303
3 2188 2396 1912
3 2396 2303 1912
3 2190 1916 1913
3 2190 1999 1913
3 2099 2195 1916
3 2195 2190 1916
3 1917 1991 2297
3 1917 2196 2100
3 1917 2196 2297
3 2105 2203 1919
3 2201 2203 1919
3 2198 2106 1920
3 1923 1951 2207
3 1923 2207 2009
3 2319 1926 2023
3 1926 2212 2412
3 2319 1926 2412
3 2112 2217 1927
3 2419 2217 1927
3 2419 2321 1927
3 2122 1929 2119
3 2223 2025 1932
3 2223 2221 1932
3 1935 1942 2131
3 1935 2229 2033
3 1935 2229 2131
3 2029 1937 2123
3 1937 2033 2123
3 1938 2035 2232
3 1938 2127 2232
3 2038 1942 2131
3 1943 2239 1944
3 2076 1943 2288
3 1943 2239 2288
3 2244 1944 2046
3 2239 1944 2333
3 2244 1944 2333
3 1946 2041 2238
3 2334 1946 2134
3 2334 1946 2238
3 1947 2134 2242
3 2135 2240 1947
3 2240 2241 1947
3 2241 1947 2242
3 1948 2245 2046
3 1948 2245 2137
3 2342 2047 1951
3 2342 1951 2207
3 1953 2051 2140
3 2050 1954 2252
3 1954 2253 2252
3 2255 2059 1956
3 2255 2253 1956
3 1957 1959 2143
3 1957 2143 2140
3 1958 2144 2552
3 1958 2146 2257
3 2553 1958 2257
3 2553 1958 2552
3 2348 1959 2143
3 2145 1959 2256
3 2348 1959 2256
3 2262 1961 2057
3 2262 1961 2081
3 2263 1964 2058
3 2263 1964 2059
3 1966 2056 2259
3 2063 1966 2151
3 2063 1966 2259
3 2358 1966 2151
3 2358 1966 2152
3 2357 2150 1967
3 2357 2155 1967
3 1971 1972 2158
3 1971 2061 2274
3 1971 2274 2158
3 2071 2280 1972
3 2280 1972 2158
3 2277 1974 2069
3 2161 2278 1974
3 2278 2277 1974
3 1977 1976 2281
3 1976 2057 2281
3 2161 1977 2282
3 1977 2282 2281
3 2166 1980 1978
3 2166 1978 2141
3 2133 2041 1979
3 2073 2284 1979
3 2284 2133 1979
3 2073 1980 2164
3 1980 2164 2285
3 2166 1980 2285
3 2291 2089 1982
3 2291 2092 1982
3 2083 2378 1985
3 2087 2385 1985
3 2385 2378 1985
3 1986 2381 2175
3 1986 2178 2381
3 1989 1999 2304
3 1989 2386 2091
3 1989 2386 2304
3 1991 1992 2297
3 2298 2130 1992
3 2298 1992 2297
3 1998 2390 2182
3 1998 2395 2189
3 1998 2395 2390
3 2190 2192 1999
3 2192 1999 2304
3 2307 2002 2095
3 2002 2101 2306
3 2307 2002 2306
3 2198 2308 2003
3 2308 2003 2213
3 2006 2107 2005
3 2006 2204 2005
3 2107 2249 2005
3 2204 2005 2405
3 2309 2249 2005
3 2309 2005 2405
3 2006 2011 2007
3 2006 2109 2007
3 2006 2204 2011
3 2006 2107 2109
3 2015 2011 2007
3 2104 2015 2007
3 2104 2205 2007
3 2109 2205 2007
3 2113 2406 2009
3 2406 2207 2009
3 2013 2015 2011
3 2013 2111 2011
3 2111 2209 2011
3 2312 2204 2011
3 2312 2209 2011
3 2013 2014 2012
3 2013 2012 2111
3 2014 2012 2210
3 2012 2111 2313
3 2114 2012 2313
3 2314 2114 2012
3 2314 2012 2210
3 2013 2014 2015
3 2014 2015 2211
3 2014 2210 2315
3 2014 2315 2211
3 2104 2015 2211
3 2023 2417 2119
3 2319 2023 2417
3 2225 2025 2031
3 2225 2223 2025
3 2029 2228 2031
3 2029 2226 2123
3 2029 2228 2226
3 2225 2228 2031
3 2230 2033 2123
3 2230 2229 2033
3 2035 2329 2129
3 2035 2232 2329
3 2436 2036 2129
3 2036 2220 2517
3 2436 2036 2517
3 2038 2091 2387
3 2038 2131 2300
3 2038 2300 2387
3 2133 2041 2238
3 2245 2244 2046
3 2339 2047 2137
3 2339 2047 2445
3 2342 2047 2445
3 2050 2289 2252
3 2051 2344 2140
3 2051 2290 2141
3 2051 2344 2290
3 2352 2056 2154
3 2352 2056 2259
3 2262 2451 2057
3 2451 2057 2281
3 2263 2058 2452
3 2058 2271 2452
3 2255 2059 2353
3 2263 2059 2353
3 2061 2068 2066
3 2061 2068 2267
3 2354 2061 2267
3 2354 2061 2274
3 2350 2063 2151
3 2063 2351 2259
3 2350 2063 2351
3 2068 2152 2066
3 2068 2358 2152
3 2068 2267 2361
3 2270 2068 2358
3 2270 2068 2361
3 2159 2069 2363
3 2277 2069 2363
3 2071 2162 2070
3 2072 2070 2279
3 2162 2070 2279
3 2071 2162 2280
3 2072 2283 2154
3 2072 2283 2279
3 2073 2284 2164
3 2076 2287 2075
3 2287 2286 2075
3 2076 2287 2371
3 2076 2288 2371
3 2292 2150 2079
3 2449 2081 2260
3 2262 2449 2081
3 2379 2172 2083
3 2379 2083 2378
3 2380 2084 2085
3 2174 2380 2084
3 2484 2179 2085
3 2380 2483 2085
3 2484 2483 2085
3 2088 2087 2176
3 2384 2087 2176
3 2384 2087 2385
3 2088 2383 2175
3 2088 2383 2176
3 2593 2179 2089
3 2291 2593 2089
3 2594 2386 2091
3 2091 2387 2596
3 2594 2091 2596
3 2092 2476 2183
3 2291 2092 2476
3 2184 2095 2489
3 2307 2095 2489
3 2096 2488 2097
3 2096 2488 2183
3 2184 2392 2097
3 2488 2392 2097
3 2099 2195 2398
3 2099 2398 2303
3 2101 2100 2397
3 2400 2196 2100
3 2400 2100 2397
3 2101 2306 2397
3 2104 2205 2402
3 2104 2211 2402
3 2105 2403 2106
3 2499 2105 2203
3 2499 2105 2403
3 2198 2106 2401
3 2403 2106 2401
3 2310 2107 2109
3 2250 2107 2249
3 2310 2250 2107
3 2206 2109 2205
3 2206 2310 2109
3 2316 2111 2209
3 2316 2111 2313
3 2113 2112 2217
3 2113 2613 2217
3 2113 2406 2613
3 2114 2219 2313
3 2114 2219 2318
3 2314 2114 2318
3 2122 2323 2119
3 2323 2627 2119
3 2629 2417 2119
3 2629 2627 2119
3 2122 2323 2221
3 2430 2226 2123
3 2230 2430 2123
3 2127 2434 2232
3 2435 2127 2237
3 2435 2127 2434
3 2436 2329 2129
3 2298 2130 2237
3 2229 2131 2300
3 2372 2133 2238
3 2284 2133 2373
3 2372 2133 2373
3 2334 2134 2242
3 2135 2240 2202
3 2245 2339 2137
3 2344 2143 2140
3 2166 2290 2141
3 2344 2143 2546
3 2348 2143 2546
3 2159 2144 2469
3 2144 2469 2552
3 2145 2146 2349
3 2145 2256 2349
3 2146 2349 2257
3 2292 2150 2564
3 2357 2150 2458
3 2150 2458 2564
3 2566 2350 2151
3 2465 2358 2151
3 2566 2465 2151
3 2460 2283 2154
3 2352 2460 2154
3 2461 2271 2155
3 2357 2155 2567
3 2461 2155 2567
3 2274 2468 2158
3 2468 2280 2158
3 2159 2572 2363
3 2159 2469 2572
3 2161 2278 2282
3 2576 2162 2279
3 2472 2162 2280
3 2472 2577 2162
3 2576 2577 2162
3 2284 2164 2366
3 2164 2285 2366
3 2166 2370 2285
3 2166 2370 2290
3 2168 2477 2178
3 2168 2477 2182
3 2480 2174 2169
3 2292 2586 2169
3 2480 2586 2169
3 2170 2171 2557
3 2555 2260 2170
3 2555 2170 2557
3 2172 2479 2171
3 2479 2171 2557
3 2379 2172 2479
3 2174 2690 2380
3 2480 2174 2690
3 2383 2381 2175
3 2384 2383 2176
3 2178 2683 2381
3 2477 2178 2683
3 2696 2484 2179
3 2593 2696 2179
3 2390 2599 2182
3 2477 2599 2182
3 2704 2476 2183
3 2488 2704 2183
3 2184 2600 2392
3 2184 2600 2489
3 2188 2393 2189
3 2188 2393 2604
3 2188 2396 2604
3 2393 2395 2189
3 2195 2190 2192
3 2195 2192 2494
3 2491 2192 2304
3 2491 2606 2192
3 2606 2192 2494
3 2195 2398 2494
3 2196 2609 2297
3 2400 2196 2609
3 2198 2308 2401
3 2201 2202 2498
3 2201 2203 2498
3 2240 2534 2202
3 2534 2202 2498
3 2611 2203 2498
3 2499 2611 2203
3 2312 2204 2405
3 2206 2497 2205
3 2497 2205 2402
3 2206 2502 2310
3 2206 2497 2718
3 2206 2502 2718
3 2342 2406 2207
3 2506 2312 2209
3 2506 2316 2209
3 2314 2408 2210
3 2210 2416 2315
3 2408 2210 2416
3 2414 2315 2211
3 2414 2211 2402
3 2212 2213 2508
3 2212 2412 2508
3 2308 2213 2509
3 2213 2508 2509
3 2419 2217 2622
3 2613 2217 2622
3 2420 2219 2313
3 2324 2219 2318
3 2324 2623 2219
3 2420 2219 2514
3 2623 2219 2514
3 2321 2220 2517
3 2222 2223 2221
3 2222 2323 2221
3 2222 2518 2223
3 2222 2625 2323
3 2222 2518 2732
3 2222 2625 2732
3 2225 2518 2223
3 2225 2228 2428
3 2225 2428 2520
3 2519 2225 2518
3 2519 2225 2520
3 2228 2226 2428
3 2522 2226 2428
3 2522 2430 2226
3 2230 2431 2229
3 2431 2229 2300
3 2230 2523 2430
3 2230 2431 2523
3 2434 2232 2329
3 2298 2530 2237
3 2435 2530 2237
3 2334 2238 2442
3 2372 2238 2442
3 2239 2437 2288
3 2239 2636 2333
3 2635 2239 2437
3 2635 2239 2636
3 2240 2241 2534
3 2241 2536 2242
3 2241 2534 2638
3 2241 2536 2638
3 2334 2536 2242
3 2539 2245 2244
3 2540 2244 2333
3 2539 2540 2244
3 2245 2339 2645
3 2539 2245 2645
3 2251 2249 2248
3 2309 2249 2248
3 2341 2251 2248
3 2544 2309 2248
3 2341 2447 2248
3 2544 2447 2248
3 2250 2251 2249
3 2545 2250 2251
3 2310 2650 2250
3 2545 2650 2250
3 2341 2251 2537
3 2639 2251 2537
3 2639 2545 2251
3 2253 2252 2548
3 2289 2252 2547
3 2252 2548 2547
3 2255 2253 2548
3 2661 2255 2353
3 2661 2255 2548
3 2549 2348 2256
3 2549 2256 2349
3 2457 2349 2257
3 2553 2457 2257
3 2351 2259 2556
3 2352 2259 2556
3 2449 2555 2260
3 2262 2449 2558
3 2262 2451 2558
3 2560 2263 2353
3 2263 2765 2452
3 2560 2263 2765
3 2354 2267 2563
3 2456 2267 2361
3 2456 2267 2563
3 2270 2465 2358
3 2270 2361 2570
3 2569 2270 2465
3 2569 2270 2570
3 2461 2271 2452
3 2354 2274 2467
3 2274 2467 2468
3 2278 2277 2575
3 2277 2674 2363
3 2277 2674 2575
3 2574 2278 2282
3 2574 2278 2575
3 2576 2283 2279
3 2472 2468 2280
3 2578 2282 2281
3 2578 2451 2281
3 2574 2578 2282
3 2460 2579 2283
3 2576 2579 2283
3 2284 2366 2533
3 2284 2373 2533
3 2369 2285 2366
3 2369 2370 2285
3 2580 2287 2286
3 2289 2581 2286
3 2580 2581 2286
3 2580 2287 2371
3 2437 2288 2371
3 2289 2581 2547
3 2474 2344 2290
3 2474 2370 2290
3 2291 2593 2476
3 2292 2791 2564
3 2292 2586 2791
3 2298 2297 2702
3 2609 2297 2702
3 2298 2530 2744
3 2298 2744 2702
3 2300 2387 2597
3 2431 2300 2597
3 2396 2398 2303
3 2491 2386 2304
3 2307 2608 2306
3 2713 2306 2397
3 2713 2608 2306
3 2307 2608 2489
3 2717 2308 2401
3 2717 2308 2509
3 2501 2309 2405
3 2544 2501 2309
3 2502 2310 2650
3 2506 2312 2405
3 2420 2316 2313
3 2314 2411 2318
3 2314 2408 2411
3 2414 2723 2315
3 2723 2416 2315
3 2420 2505 2316
3 2506 2505 2316
3 2423 2324 2318
3 2421 2411 2318
3 2423 2421 2318
3 2319 2614 2412
3 2319 2616 2417
3 2319 2614 2616
3 2619 2419 2321
3 2619 2321 2517
3 2625 2323 2627
3 2423 2324 2516
3 2621 2324 2516
3 2621 2324 2623
3 2740 2434 2329
3 2436 2743 2329
3 2740 2743 2329
3 2540 2636 2333
3 2637 2334 2442
3 2637 2334 2536
3 2339 2445 2753
3 2339 2954 2645
3 2339 2955 2753
3 2339 2954 2955
3 2341 2447 2640
3 2641 2341 2537
3 2641 2341 2640
3 2342 2722 2406
3 2342 2754 2445
3 2342 2722 2754
3 2474 2344 2546
3 2653 2348 2546
3 2549 2348 2860
3 2653 2348 2860
3 2457 2349 2554
3 2549 2349 2554
3 2350 2351 2654
3 2566 2350 2588
3 2350 2588 2654
3 2762 2351 2556
3 2760 2351 2654
3 2760 2863 2351
3 2762 2863 2351
3 2352 2460 2556
3 2560 2660 2353
3 2661 2660 2353
3 2354 2467 2662
3 2354 2662 2563
3 2666 2357 2458
3 2778 2357 2567
3 2778 2666 2357
3 2456 2466 2361
3 2466 2361 2570
3 2781 2572 2363
3 2781 2674 2363
3 2369 2583 2366
3 2583 2366 2533
3 2369 2370 2584
3 2369 2584 2583
3 2474 2370 2584
3 2681 2437 2371
3 2580 2681 2371
3 2372 2373 2682
3 2372 2747 2442
3 2372 2745 2682
3 2372 2747 2745
3 2373 2682 2533
3 2379 2378 2591
3 2797 2385 2378
3 2797 2378 2591
3 2379 2693 2479
3 2379 2693 2591
3 2690 2380 2483
3 2383 2694 2381
3 2683 2790 2381
3 2897 2694 2381
3 2897 2790 2381
3 2384 2383 2801
3 2383 2694 2801
3 2698 2384 2385
3 2698 2384 2801
3 2698 2797 2385
3 2491 2699 2386
3 2699 2594 2386
3 2387 2597 2596
3 2395 2390 2705
3 2390 2599 2705
3 2708 2488 2392
3 2600 2805 2392
3 2807 2708 2392
3 2807 2805 2392
3 2393 2395 2707
3 2603 2393 2604
3 2603 2393 2707
3 2395 2707 2705
3 2396 2398 2605
3 2709 2396 2604
3 2709 2396 2605
3 2400 2397 2710
3 2713 2397 2710
3 2712 2398 2494
3 2712 2398 2605
3 2400 2810 2609
3 2400 2810 2710
3 2717 2403 2401
3 2414 2724 2402
3 2497 2724 2402
3 2499 2403 2719
3 2717 2403 2719
3 2501 2506 2405
3 2722 2406 2613
3 2618 2408 2411
3 2408 2615 2416
3 2618 2408 2615
3 2618 2421 2411
3 2412 2508 2725
3 2614 2412 2725
3 2414 2726 2723
3 2414 2724 2819
3 2414 2726 2819
3 2615 2416 2730
3 2723 2416 2730
3 2629 2616 2417
3 2619 2419 2622
3 2420 2505 2514
3 2624 2423 2421
3 2618 2421 2826
3 2624 2421 2826
3 2423 2515 2516
3 2624 2423 2515
3 2428 2736 2520
3 2522 2428 2736
3 2523 2522 2430
3 2431 2523 2737
3 2431 2837 2597
3 2431 2837 2737
3 2435 2741 2434
3 2740 2839 2434
3 2839 2741 2434
3 2435 2530 2741
3 2834 2436 2517
3 2840 2436 2743
3 2840 2834 2436
3 2635 2681 2437
3 2637 2751 2442
3 2747 2751 2442
3 2445 2753 2855
3 2754 2445 2855
3 2544 2447 2543
3 2447 2640 2543
3 2761 2449 2555
3 2449 2657 2558
3 2761 2449 2657
3 2451 2764 2558
3 2578 2451 2763
3 2451 2763 2764
3 2461 2452 2779
3 2765 2452 2779
3 2456 2466 2770
3 2456 2563 2769
3 2456 2769 2973
3 2456 2770 2973
3 2664 2553 2457
3 2457 2554 2768
3 2664 2457 2768
3 2774 2458 2564
3 2666 2774 2458
3 2787 2460 2556
3 2787 2460 2579
3 2461 2775 2567
3 2461 2775 2779
3 2566 2465 2667
3 2569 2465 2667
3 2670 2466 2570
3 2967 2670 2466
3 2967 2466 2770
3 2467 2468 2772
3 2467 2662 2772
3 2472 2468 2675
3 2782 2468 2675
3 2782 2468 2772
3 2673 2469 2552
3 2673 2469 2572
3 2472 2786 2577
3 2472 2786 2675
3 2474 2678 2546
3 2474 2582 2584
3 2474 2678 2582
3 2593 2887 2476
3 2887 2704 2476
3 2477 2599 2685
3 2477 2683 2685
3 2687 2479 2557
3 2687 2479 2893
3 2693 2479 2893
3 2480 2586 2794
3 2480 2690 3000
3 2480 3000 2794
3 2484 2799 2483
3 2690 2799 2483
3 2898 2696 2484
3 2898 2484 2799
3 2708 2488 2704
3 2600 2804 2489
3 2608 2804 2489
3 2491 2606 2808
3 2491 2699 2808
3 2606 2714 2494
3 2714 2712 2494
3 2497 2718 2912
3 2497 2724 2912
3 2721 2534 2498
3 2721 2611 2498
3 2499 2910 2611
3 2499 2913 2719
3 2499 2913 2910
3 2501 2506 2814
3 2544 2755 2501
3 2755 2501 2814
3 2915 2502 2650
3 2502 2718 2811
3 2502 2812 2811
3 2915 2502 2812
3 2813 2506 2505
3 2816 2505 2514
3 2813 2816 2505
3 2813 2506 2814
3 2727 2508 2509
3 2727 2508 2725
3 2717 2817 2509
3 2817 2727 2509
3 2824 2623 2514
3 2824 2816 2514
3 2515 2828 2516
3 2624 2515 2827
3 2515 2828 2827
3 2621 2829 2516
3 2828 2933 2516
3 2933 2829 2516
3 2619 2834 2517
3 2519 2518 2831
3 2518 2732 2831
3 2832 2519 2520
3 2519 2935 2831
3 2832 2519 2935
3 2832 2736 2520
3 2523 2739 2522
3 2739 2522 2736
3 2523 2739 2737
3 2941 2530 2741
3 2940 2530 2744
3 2941 2940 2530
3 2583 2680 2533
3 2682 2680 2533
3 2534 2750 2638
3 2721 2534 2750
3 2637 2946 2536
3 2536 2847 2638
3 3169 2536 2847
3 3169 2946 2536
3 2639 2850 2537
3 2641 2642 2537
3 2850 2642 2537
3 2944 2539 2540
3 2539 2645 2853
3 2944 2539 2853
3 2944 2540 2636
3 2544 2755 2543
3 2648 2640 2543
3 2648 2756 2543
3 2755 2756 2543
3 2639 2545 2848
3 2545 2650 2848
3 2653 2678 2546
3 2858 2548 2547
3 2581 2859 2547
3 2859 2858 2547
3 2661 2858 2548
3 2549 2757 2554
3 2549 2757 2860
3 2553 2552 2758
3 2963 2673 2552
3 2963 2552 2758
3 2664 2553 2758
3 2757 2554 2768
3 2555 2864 2557
3 2761 2555 2864
3 2762 2787 2556
3 2687 2864 2557
3 2764 2657 2558
3 2560 2869 2660
3 2560 2869 2765
3 2771 2662 2563
3 2771 2563 2769
3 2774 2791 2564
3 2566 2870 2588
3 2566 2870 2667
3 2778 2775 2567
3 2569 2777 2570
3 2672 2569 2667
3 2672 2569 2777
3 2670 2777 2570
3 2879 2673 2572
3 2879 2781 2572
3 2881 2574 2575
3 2574 2578 2763
3 2574 2763 2989
3 2881 2574 2989
3 2882 2674 2575
3 2881 2882 2575
3 2784 2576 2577
3 2784 2576 2579
3 2784 2785 2577
3 2785 2786 2577
3 2992 2784 2579
3 2992 2787 2579
3 2580 2681 2581
3 2681 2581 2885
3 2581 2859 2885
3 2582 2584 2583
3 2582 2583 2680
3 2789 2678 2582
3 2789 2582 2680
3 2586 2889 2791
3 2586 2794 2889
3 2588 2793 2654
3 2588 2792 2793
3 2892 2588 2792
3 2892 2870 2588
3 2693 2896 2591
3 2896 2797 2591
3 2593 2696 3006
3 3213 2593 2887
3 3213 2593 3006
3 2699 2594 2596
3 3009 2597 2596
3 2699 3009 2596
3 2837 3051 2597
3 3051 3009 2597
3 2900 2599 2685
3 2900 2599 2705
3 2600 2804 2805
3 2905 2603 2604
3 2902 2603 2707
3 2902 2603 2903
3 2905 2603 2903
3 2905 2709 2604
3 2709 2712 2605
3 2606 2714 2907
3 2606 2808 2907
3 2713 3121 2608
3 3121 2608 2804
3 2909 2609 2702
3 2909 2810 2609
3 2721 2910 2611
3 2927 2613 2622
3 3030 2722 2613
3 3030 2927 2613
3 2614 2820 2616
3 2614 2920 2725
3 2614 2820 2920
3 2618 2925 2615
3 2615 3035 2730
3 2925 2615 3139
3 2615 3035 3139
3 2629 2922 2616
3 2820 2922 2616
3 2618 2923 2826
3 2618 2925 2923
3 2825 2619 2622
3 2825 2619 2834
3 2621 2623 2822
3 2926 2621 2822
3 2926 2621 2829
3 2825 3037 2622
3 3141 2927 2622
3 3141 3037 2622
3 2824 2623 2822
3 2624 2827 2826
3 2932 2625 2627
3 2932 2625 2732
3 2629 2627 3042
3 2932 2627 3042
3 2629 2922 3042
3 2635 2636 2943
3 2635 2681 2942
3 2635 2942 2943
3 2636 3161 2943
3 2944 2636 3161
3 2637 2946 2751
3 2750 2847 2638
3 2639 2850 2848
3 2648 2641 2640
3 2641 2949 2642
3 2648 2641 2950
3 2641 2949 2950
3 2952 2850 2642
3 2952 2642 2947
3 3168 2642 2947
3 3168 2949 2642
3 2954 2645 2853
3 2648 2756 2956
3 2648 2950 2956
3 2650 3129 2848
3 2915 2650 3129
3 2653 2678 2960
3 2653 2860 2960
3 2760 2793 2654
3 2761 2964 2657
3 2764 2964 2657
3 2661 2962 2660
3 2869 2660 2972
3 2962 2660 2972
3 2661 2962 2858
3 2771 2662 2974
3 2662 2772 2978
3 2662 2974 2978
3 2664 2979 2758
3 2664 2975 2768
3 2664 3079 2975
3 2664 3079 2979
3 2666 2774 2981
3 3197 2778 2666
3 2666 2981 3080
3 3197 2666 3080
3 2672 2874 2667
3 2870 2874 2667
3 2877 2670 2777
3 2877 2670 2876
3 2967 2670 2876
3 2982 2672 2777
3 2982 2672 2874
3 2879 2985 2673
3 2963 2985 2673
3 2882 2781 2674
3 2782 3087 2675
3 2988 2786 2675
3 2988 3087 2675
3 2789 2678 2960
3 2993 2682 2680
3 2789 2993 2680
3 2681 2942 2885
3 2993 2745 2682
3 2683 2790 2685
3 2994 2790 2685
3 2900 2994 2685
3 2997 2687 2864
3 2687 3096 2893
3 3098 2997 2687
3 3098 2687 3096
3 2690 3000 2799
3 2693 3099 2893
3 2693 2896 3099
3 2694 2801 3103
3 2897 3104 2694
3 3104 2694 3103
3 2898 2696 3006
3 2698 2797 3003
3 3008 2698 2801
3 3008 2698 3003
3 2699 3010 2808
3 2699 3010 3009
3 3108 2744 2702
3 2909 3108 2702
3 3013 2708 2704
3 3013 2887 2704
3 2904 2707 2705
3 2900 2904 2705
3 2902 2904 2707
3 2807 3116 2708
3 3116 3013 2708
3 2709 2712 3020
3 2905 2709 3016
3 2709 3016 3020
3 2713 3120 2710
3 3119 2810 2710
3 3119 3120 2710
3 2714 2712 3021
3 2712 3021 3020
3 2713 3121 3120
3 2714 2907 3118
3 2714 3021 3118
3 2717 2919 2719
3 2717 2919 2817
3 2718 2912 2811
3 2913 3124 2719
3 2919 3124 2719
3 2721 2959 2750
3 2721 2910 3125
3 2721 3028 2959
3 2721 3028 3125
3 3030 2722 2754
3 2726 2917 2723
3 2917 2723 2730
3 2724 2819 3025
3 2724 2912 3025
3 3032 2727 2725
3 3032 2920 2725
3 2726 2819 3033
3 2726 2917 3033
3 2817 2727 3133
3 3032 2727 3133
3 2917 3035 2730
3 3040 2732 2831
3 2932 3040 2732
3 2739 2936 2736
3 2832 2835 2736
3 2835 2936 2736
3 3047 2739 2737
3 3047 2837 2737
3 2739 2936 3152
3 3047 2739 3152
3 2937 2740 2743
3 2937 2740 2839
3 3048 2839 2741
3 2941 3048 2741
3 2840 3049 2743
3 3049 2937 2743
3 2940 3108 2744
3 2747 3052 2745
3 2993 3052 2745
3 2747 2751 3055
3 2747 3052 3055
3 2959 2750 2847
3 2946 3278 2751
3 3278 2751 3055
3 2955 2753 2855
3 3057 2754 2855
3 3030 3057 2754
3 2958 2755 2756
3 2755 2814 3031
3 2958 2755 3031
3 2756 3180 2956
3 2958 3181 2756
3 3181 2756 3180
3 3072 2757 2768
3 3061 2757 2860
3 3072 3061 2757
3 2963 2979 2758
3 2760 2793 2998
3 2760 3064 2863
3 2760 3064 2998
3 2761 2997 2864
3 2761 2997 2964
3 2762 3092 2787
3 2762 2863 3066
3 2762 3066 3185
3 2762 3092 3185
3 2763 2764 2989
3 2764 3186 2964
3 2764 2989 3210
3 2764 3186 3210
3 2765 2968 2779
3 3188 2869 2765
3 3188 2765 2968
3 3070 2975 2768
3 3070 3072 2768
3 2771 2976 2769
3 2769 2973 3075
3 2976 2769 3075
3 2967 2866 2770
3 3191 2866 2770
3 3191 2770 2973
3 2771 2974 2976
3 2782 2772 2978
3 3095 2774 2791
3 3095 2774 2981
3 2778 3084 2775
3 2775 3306 2779
3 3084 2775 3306
3 2877 2982 2777
3 3197 2778 3084
3 3192 2968 2779
3 3192 3306 2779
3 2879 2781 3204
3 2882 2781 3204
3 2782 3205 2978
3 2782 3087 3205
3 2784 2785 3090
3 2992 2784 3207
3 3091 2784 3090
3 3091 2784 3207
3 2785 2786 2991
3 2785 2991 3090
3 2988 2786 2991
3 2992 3092 2787
3 2789 2960 3093
3 2789 2993 3212
3 2789 3211 3093
3 2789 3211 3212
3 2897 2994 2790
3 3095 2889 2791
3 2792 2793 2998
3 2892 2995 2792
3 2995 3217 2792
3 3102 2792 2998
3 3102 3217 2792
3 2794 2889 3222
3 3000 2794 3100
3 2794 3222 3100
3 2896 2797 3003
3 2898 2799 3227
3 3000 2799 3100
3 2799 3100 3448
3 2799 3227 3448
3 3008 3226 2801
3 3226 2801 3103
3 3111 2804 2805
3 3111 3121 2804
3 2807 2805 3113
3 3111 3342 2805
3 3342 2805 3113
3 2807 3113 3235
3 2807 3116 3235
3 2808 2907 3024
3 3010 2808 3024
3 2909 2810 3122
3 3119 2810 3122
3 3127 2812 2811
3 3127 2912 2811
3 2915 2812 3029
3 2812 3029 3128
3 3127 2812 3128
3 2813 2814 3031
3 2813 3130 2816
3 2813 3130 3031
3 2824 2816 2929
3 3130 2816 2929
3 2919 2817 3135
3 2817 3135 3133
3 2819 3136 3025
3 2819 3033 3136
3 3138 2820 2920
3 3249 2820 2922
3 3138 3249 2820
3 2824 2822 2931
3 2926 2822 2931
3 2824 2929 2931
3 2825 2834 3143
3 2825 3037 3143
3 3145 2827 2826
3 3145 2923 2826
3 2828 2827 3147
3 3145 2827 3147
3 3260 2828 2933
3 3260 2828 3147
3 2926 2938 2829
3 2938 2933 2829
3 2935 3259 2831
3 3040 3259 2831
3 2832 2835 3043
3 2832 2935 3043
3 2840 2834 3143
3 2835 2936 3149
3 2835 3376 3043
3 2835 3376 3149
3 3157 3047 2837
3 3157 2837 3051
3 2937 3048 2839
3 2840 3262 3049
3 2840 3262 3143
3 2959 3280 2847
3 3169 3392 2847
3 3280 3392 2847
3 2850 3171 2848
3 3129 2848 3282
3 3171 2848 3282
3 2952 2850 3171
3 2944 3172 2853
3 2954 3175 2853
3 3175 3172 2853
3 3286 2955 2855
3 3057 3182 2855
3 3286 3182 2855
3 2962 2859 2858
3 3184 2859 2885
3 3184 2962 2859
3 2860 3060 2960
3 3061 2860 3060
3 3064 2863 3066
3 2967 2866 2970
3 2866 3189 2970
3 2866 3189 3190
3 3191 2866 3190
3 3076 2869 2972
3 3188 3076 2869
3 2870 2983 2874
3 2892 2870 2995
3 2870 2995 2983
3 2982 2874 3083
3 2983 2874 3083
3 2877 3085 2876
3 2967 2970 2876
3 2970 3201 2876
3 3085 3201 2876
3 2877 2982 3202
3 2877 3085 3202
3 2879 2985 3203
3 2879 3203 3309
3 2879 3309 3204
3 2881 2882 3088
3 2881 3206 2989
3 2881 3088 3314
3 2881 3206 3314
3 3315 2882 3088
3 3315 2882 3204
3 3184 2942 2885
3 3341 3013 2887
3 3341 3213 2887
3 3095 2889 3216
3 2889 3222 3216
3 3323 3096 2893
3 3099 3323 2893
3 3329 2896 3003
3 2896 3328 3099
3 3329 2896 3328
3 2897 2994 3214
3 2897 3104 3214
3 2898 3006 3334
3 2898 3334 3227
3 2900 2904 3117
3 2900 2994 3109
3 2900 3109 3117
3 2902 2903 3234
3 2902 3233 2904
3 2902 3233 3234
3 2905 2903 3232
3 2903 3232 3343
3 2903 3234 3343
3 3233 2904 3117
3 2905 3016 3232
3 2907 3024 3118
3 2909 3108 3122
3 2913 2910 3237
3 2910 3238 3125
3 2910 3238 3237
3 3353 2912 3025
3 3355 3127 2912
3 3355 3353 2912
3 2913 3124 3237
3 3242 2915 3029
3 3242 2915 3129
3 3245 2917 3033
3 2917 3035 3244
3 3245 2917 3244
3 3247 2919 3124
3 3247 2919 3135
3 3032 3138 2920
3 2922 3250 3042
3 3249 2922 3250
3 2925 3251 2923
3 3251 3145 2923
3 2925 3367 3139
3 2925 3251 3367
3 2926 3144 2931
3 2926 2938 3269
3 2926 3269 3144
3 3030 3358 2927
3 3368 3141 2927
3 3368 3358 2927
3 3254 2929 2931
3 3130 3142 2929
3 3253 3142 2929
3 3253 3254 2929
3 3254 3144 2931
3 2932 3040 3257
3 2932 3258 3042
3 2932 3258 3257
3 2938 2933 3153
3 3260 2933 3153
3 3375 2935 3043
3 2935 3259 3494
3 3375 2935 3494
3 3264 2936 3149
3 3264 2936 3152
3 2937 3267 3048
3 3049 2937 3268
3 2937 3268 3267
3 2938 3269 3153
3 2941 2940 3274
3 2940 3108 3383
3 2940 3274 3383
3 2941 3048 3274
3 3386 2942 2943
3 3386 3184 2942
3 3386 3161 2943
3 2944 3161 3172
3 3169 3390 2946
3 2946 3278 3389
3 3390 2946 3389
3 2952 3167 2947
3 3164 3167 2947
3 3168 3164 2947
3 2949 3178 2950
3 3168 3393 2949
3 3393 2949 3178
3 3178 2950 2956
3 2952 3167 3391
3 2952 3394 3171
3 2952 3394 3391
3 2954 3287 2955
3 3192 2954 3175
3 3192 2954 3287
3 3286 3287 2955
3 3180 3178 2956
3 2958 3395 3031
3 2958 3181 3398
3 2958 3395 3398
3 3028 2959 3288
3 2959 3280 3288
3 3060 2960 3093
3 3184 2962 2972
3 2963 3290 2979
3 3432 2963 2985
3 3432 2963 3290
3 3292 2997 2964
3 3292 3186 2964
3 3188 2968 3175
3 3192 2968 3175
3 3193 3189 2970
3 3193 2970 3201
3 3184 3076 2972
3 3191 2973 3075
3 2974 2976 3298
3 2974 3205 2978
3 2974 3205 3298
3 3070 3299 2975
3 3079 3299 2975
3 2976 3301 3075
3 3537 2976 3298
3 3421 2976 3301
3 3537 3421 2976
3 3302 3079 2979
3 3290 3302 2979
3 3303 2981 3080
3 3095 3441 2981
3 3303 3441 2981
3 2982 3198 3083
3 2982 3198 3202
3 3219 2995 2983
3 3219 2983 3083
3 2985 3203 3430
3 2985 3430 3544
3 3432 2985 3544
3 2988 3311 2991
3 2988 3087 3312
3 2988 3311 3312
3 3206 2989 3210
3 2991 3317 3090
3 3311 2991 3439
3 2991 3317 3439
3 2992 3092 3319
3 2992 3436 3207
3 2992 3319 3436
3 2993 3212 3052
3 2994 3109 3320
3 2994 3320 3214
3 2995 3442 3217
3 3219 2995 3321
3 2995 3442 3321
3 3292 3098 2997
3 3064 2998 3326
3 3102 3325 2998
3 3325 2998 3326
3 3008 3336 3003
3 3329 3336 3003
3 3213 3006 3332
3 3006 3334 3332
3 3008 3337 3226
3 3008 3337 3336
3 3010 3338 3009
3 3051 3009 3230
3 3338 3009 3230
3 3010 3229 3024
3 3010 3339 3229
3 3010 3338 3339
3 3116 3340 3013
3 3341 3340 3013
3 3016 3020 3348
3 3016 3464 3232
3 3016 3348 3468
3 3016 3464 3468
3 3021 3020 3348
3 3349 3021 3118
3 3021 3348 3573
3 3349 3021 3573
3 3352 3024 3118
3 3352 3229 3024
3 3353 3136 3025
3 3028 3240 3125
3 3028 3356 3240
3 3028 3356 3288
3 3357 3029 3128
3 3242 3357 3029
3 3030 3358 3057
3 3130 3031 3359
3 3395 3031 3359
3 3032 3246 3133
3 3032 3477 3138
3 3032 3477 3246
3 3033 3136 3362
3 3245 3033 3362
3 3035 3139 3365
3 3035 3244 3365
3 3368 3141 3037
3 3487 3037 3143
3 3368 3037 3486
3 3487 3037 3486
3 3040 3259 3257
3 3482 3250 3042
3 3482 3258 3042
3 3376 3375 3043
3 3157 3047 3152
3 3267 3048 3499
3 3048 3274 3499
3 3262 3381 3049
3 3049 3502 3268
3 3381 3049 3502
3 3157 3051 3273
3 3051 3273 3230
3 3384 3052 3055
3 3385 3212 3052
3 3385 3384 3052
3 3384 3278 3055
3 3057 3182 3528
3 3358 3057 3619
3 3057 3619 3528
3 3061 3060 3399
3 3060 3399 3093
3 3072 3061 3410
3 3061 3399 3410
3 3064 3066 3326
3 3066 3402 3185
3 3066 3402 3326
3 3070 3072 3409
3 3070 3419 3299
3 3070 3409 3419
3 3072 3409 3410
3 3191 3297 3075
3 3297 3301 3075
3 3188 3076 3172
3 3386 3076 3172
3 3386 3184 3076
3 3079 3299 3422
3 3302 3079 3422
3 3425 3197 3080
3 3425 3303 3080
3 3198 3427 3083
3 3219 3427 3083
3 3197 3084 3541
3 3543 3084 3306
3 3084 3541 3635
3 3543 3084 3635
3 3085 3308 3201
3 3085 3308 3202
3 3313 3087 3205
3 3313 3087 3312
3 3433 3088 3314
3 3315 3435 3088
3 3433 3435 3088
3 3091 3317 3090
3 3091 3437 3207
3 3091 3437 3317
3 3092 3319 3185
3 3211 3399 3093
3 3095 3441 3216
3 3322 3098 3096
3 3322 3443 3096
3 3443 3323 3096
3 3292 3401 3098
3 3322 3401 3098
3 3099 3554 3323
3 3328 3099 3554
3 3556 3222 3100
3 3556 3100 3448
3 3225 3102 3217
3 3225 3102 3553
3 3102 3553 3325
3 3104 3331 3103
3 3451 3226 3103
3 3451 3331 3103
3 3104 3331 3214
3 3469 3108 3122
3 3469 3108 3383
3 3344 3109 3117
3 3344 3109 3320
3 3111 3121 3459
3 3111 3342 3564
3 3111 3459 3564
3 3569 3113 3235
3 3567 3342 3113
3 3569 3567 3113
3 3116 3340 3235
3 3233 3344 3117
3 3349 3571 3118
3 3571 3352 3118
3 3119 3120 3465
3 3574 3119 3122
3 3575 3119 3465
3 3575 3574 3119
3 3467 3121 3120
3 3467 3120 3465
3 3467 3121 3459
3 3469 3574 3122
3 3124 3473 3237
3 3247 3576 3124
3 3576 3124 3473
3 3240 3238 3125
3 3127 3128 3475
3 3355 3578 3127
3 3578 3127 3475
3 3357 3580 3128
3 3580 3128 3475
3 3242 3129 3520
3 3129 3520 3282
3 3130 3142 3359
3 3135 3133 3363
3 3246 3133 3480
3 3133 3363 3480
3 3247 3135 3363
3 3353 3479 3136
3 3479 3136 3362
3 3138 3249 3364
3 3477 3138 3364
3 3367 3139 3365
3 3253 3485 3142
3 3588 3142 3359
3 3588 3485 3142
3 3262 3488 3143
3 3487 3488 3143
3 3254 3371 3144
3 3489 3269 3144
3 3489 3371 3144
3 3145 3374 3147
3 3251 3145 3484
3 3145 3374 3484
3 3260 3147 3493
3 3374 3147 3493
3 3497 3264 3149
3 3376 3605 3149
3 3497 3605 3149
3 3157 3498 3152
3 3498 3264 3152
3 3260 3492 3153
3 3269 3153 3500
3 3492 3501 3153
3 3501 3153 3500
3 3157 3273 3506
3 3157 3498 3506
3 3386 3161 3172
3 3164 3167 3515
3 3388 3168 3164
3 3388 3387 3164
3 3387 3164 3613
3 3164 3613 3515
3 3517 3167 3391
3 3517 3167 3515
3 3388 3168 3393
3 3169 3390 3618
3 3169 3617 3392
3 3169 3617 3618
3 3171 3520 3282
3 3394 3171 3520
3 3188 3175 3172
3 3285 3180 3178
3 3393 3285 3178
3 3181 3526 3180
3 3525 3285 3180
3 3526 3525 3180
3 3181 3526 3398
3 3543 3286 3182
3 3543 3182 3528
3 3319 3549 3185
3 3402 3625 3185
3 3549 3625 3185
3 3434 3186 3210
3 3292 3533 3186
3 3434 3532 3186
3 3532 3533 3186
3 3189 3418 3190
3 3406 3193 3189
3 3406 3189 3405
3 3189 3405 3534
3 3189 3418 3534
3 3191 3297 3190
3 3297 3190 3417
3 3418 3190 3417
3 3192 3287 3306
3 3295 3193 3201
3 3295 3193 3407
3 3406 3193 3407
3 3425 3197 3541
3 3198 3542 3202
3 3198 3427 3540
3 3198 3540 3542
3 3295 3308 3201
3 3638 3308 3202
3 3638 3542 3202
3 3429 3203 3309
3 3429 3203 3639
3 3203 3639 3430
3 3429 3309 3204
3 3429 3315 3204
3 3205 3628 3298
3 3546 3313 3205
3 3546 3205 3628
3 3434 3206 3210
3 3433 3206 3314
3 3433 3206 3438
3 3434 3206 3438
3 3437 3436 3207
3 3211 3513 3212
3 3550 3211 3399
3 3211 3513 3713
3 3550 3211 3713
3 3385 3612 3212
3 3612 3513 3212
3 3213 3332 3559
3 3341 3213 3559
3 3331 3320 3214
3 3222 3216 3551
3 3441 3216 3551
3 3225 3217 3223
3 3446 3217 3223
3 3446 3442 3217
3 3219 3651 3321
3 3219 3651 3427
3 3658 3222 3551
3 3556 3658 3222
3 3225 3558 3223
3 3446 3761 3223
3 3558 3761 3223
3 3225 3558 3553
3 3451 3337 3226
3 3334 3227 3664
3 3227 3664 3448
3 3339 3471 3229
3 3352 3471 3229
3 3273 3230 3562
3 3338 3230 3667
3 3230 3667 3562
3 3464 3232 3343
3 3233 3462 3234
3 3233 3462 3344
3 3566 3234 3343
3 3568 3462 3234
3 3568 3566 3234
3 3340 3235 3570
3 3569 3235 3570
3 3473 3238 3237
3 3680 3240 3238
3 3680 3473 3238
3 3680 3356 3240
3 3242 3357 3582
3 3681 3242 3520
3 3681 3242 3582
3 3245 3244 3585
3 3244 3365 3585
3 3245 3586 3362
3 3245 3586 3585
3 3589 3477 3246
3 3246 3685 3480
3 3589 3797 3246
3 3797 3246 3685
3 3247 3678 3363
3 3247 3678 3576
3 3483 3249 3250
3 3249 3591 3364
3 3483 3249 3592
3 3249 3591 3592
3 3483 3482 3250
3 3251 3594 3367
3 3251 3484 3595
3 3251 3594 3595
3 3253 3254 3597
3 3253 3691 3485
3 3253 3691 3597
3 3254 3371 3597
3 3258 3257 3600
3 3601 3259 3257
3 3695 3257 3600
3 3601 3695 3257
3 3482 3258 3694
3 3258 3694 3600
3 3601 3259 3494
3 3260 3492 3602
3 3260 3602 3493
3 3262 3381 3488
3 3497 3264 3606
3 3498 3264 3606
3 3268 3267 3607
3 3267 3607 3499
3 3502 3268 3703
3 3268 3607 3819
3 3268 3703 3819
3 3489 3271 3269
3 3271 3269 3500
3 3382 3271 3500
3 3610 3382 3271
3 3504 3489 3271
3 3610 3504 3271
3 3273 3506 3562
3 3507 3274 3383
3 3507 3274 3499
3 3516 3384 3278
3 3516 3278 3389
3 3719 3280 3288
3 3617 3280 3392
3 3719 3617 3280
3 3393 3614 3285
3 3525 3285 3522
3 3614 3285 3522
3 3286 3287 3306
3 3543 3286 3306
3 3356 3623 3288
3 3623 3828 3288
3 3719 3828 3288
3 3290 3633 3302
3 3432 3290 3633
3 3292 3533 3401
3 3295 3308 3637
3 3295 3407 3408
3 3295 3626 3408
3 3295 3626 3637
3 3627 3297 3301
3 3627 3297 3417
3 3537 3298 3629
3 3736 3628 3298
3 3736 3298 3629
3 3419 3630 3299
3 3630 3299 3422
3 3421 3631 3301
3 3627 3631 3301
3 3302 3422 3632
3 3633 3302 3632
3 3425 3634 3303
3 3303 3849 3441
3 3634 3303 3849
3 3638 3308 3637
3 3545 3311 3312
3 3311 3642 3439
3 3545 3311 3642
3 3313 3545 3312
3 3313 3752 3545
3 3546 3313 3752
3 3429 3315 3643
3 3315 3643 3435
3 3649 3437 3317
3 3649 3317 3439
3 3319 3549 3436
3 3650 3331 3320
3 3344 3669 3320
3 3669 3650 3320
3 3651 3442 3321
3 3322 3656 3401
3 3322 3652 3443
3 3322 3656 3652
3 3443 3554 3323
3 3654 3325 3326
3 3654 3553 3325
3 3729 3402 3326
3 3654 3757 3326
3 3757 3729 3326
3 3329 3660 3328
3 3765 3328 3554
3 3765 3660 3328
3 3329 3336 3456
3 3766 3329 3456
3 3766 3329 3660
3 3662 3451 3331
3 3650 3754 3331
3 3662 3754 3331
3 3769 3334 3332
3 3768 3332 3559
3 3769 3768 3332
3 3769 3334 3664
3 3455 3337 3336
3 3455 3336 3456
3 3451 3337 3561
3 3455 3337 3561
3 3338 3339 3667
3 3676 3339 3471
3 3676 3339 3667
3 3341 3340 3670
3 3340 3670 3570
3 3341 3670 3559
3 3567 3342 3564
3 3566 3464 3343
3 3462 3344 3673
3 3344 3673 3669
3 3348 3573 3468
3 3349 3571 3784
3 3349 3784 3573
3 3675 3352 3471
3 3675 3571 3352
3 3355 3679 3353
3 3679 3353 3479
3 3355 3578 3679
3 3791 3356 3623
3 3791 3680 3356
3 3792 3357 3580
3 3792 3357 3582
3 3682 3368 3358
3 3682 3358 3619
3 3588 3395 3359
3 3479 3686 3362
3 3686 3586 3362
3 3687 3363 3480
3 3678 3687 3363
3 3589 3477 3364
3 3589 3688 3364
3 3688 3591 3364
3 3689 3367 3365
3 3796 3365 3585
3 3689 3796 3365
3 3594 3689 3367
3 3682 3368 3486
3 3489 3371 3599
3 3371 3599 3597
3 3374 3697 3484
3 3374 3697 3493
3 3376 3375 3699
3 3375 3698 3494
3 3375 3698 3699
3 3376 3699 3605
3 3381 3804 3488
3 3381 3502 3706
3 3381 3804 3706
3 3382 3501 3500
3 3809 3382 3501
3 3610 3604 3382
3 3604 3809 3382
3 3709 3469 3383
3 3709 3507 3383
3 3710 3385 3384
3 3516 3721 3384
3 3710 3721 3384
3 3710 3385 3612
3 3388 3387 3614
3 3387 3613 3715
3 3387 3614 3714
3 3387 3715 3714
3 3388 3393 3614
3 3516 3390 3389
3 3516 3390 3615
3 3390 3717 3615
3 3390 3717 3618
3 3394 3391 3616
3 3517 3391 3616
3 3394 3720 3520
3 3394 3720 3616
3 3395 3722 3398
3 3588 3395 3832
3 3395 3722 3832
3 3526 3398 3622
3 3398 3622 3727
3 3722 3398 3727
3 3399 3732 3410
3 3550 3843 3399
3 3843 3399 3732
3 3533 3656 3401
3 3729 3402 3625
3 3406 3405 3522
3 3405 3614 3522
3 3405 3534 3730
3 3405 3614 3730
3 3406 3407 3522
3 3525 3407 3408
3 3525 3407 3522
3 3626 3525 3408
3 3409 3732 3410
3 3409 3419 3840
3 3409 3840 3732
3 3733 3418 3417
3 3627 3733 3417
3 3418 3534 3734
3 3733 3418 3841
3 3418 3734 3841
3 3847 3419 3630
3 3933 3419 3840
3 3933 3847 3419
3 3537 3421 3738
3 3421 3631 3738
3 3739 3630 3422
3 3739 3422 3632
3 3425 3541 3850
3 3425 3634 3850
3 3746 3427 3540
3 3746 3651 3427
3 3429 3639 3643
3 3430 3748 3544
3 3749 3639 3430
3 3749 3430 3748
3 3432 3751 3544
3 3432 3633 3751
3 3433 3435 3753
3 3433 3438 3753
3 3434 3648 3438
3 3434 3532 3648
3 3643 3435 3855
3 3435 3855 3753
3 3437 3436 3645
3 3549 3436 3645
3 3437 3645 3856
3 3649 3437 3856
3 3648 3438 3647
3 3438 3753 3647
3 3649 3642 3439
3 3849 3441 3551
3 3446 3760 3442
3 3651 3760 3442
3 3756 3443 3554
3 3653 3652 3443
3 3756 3653 3443
3 3446 3760 3762
3 3446 3761 3762
3 3556 3862 3448
3 3862 3664 3448
3 3451 3767 3561
3 3662 3451 3767
3 3455 3456 3665
3 3455 3767 3561
3 3865 3455 3665
3 3865 3455 3767
3 3766 3456 3665
3 3467 3785 3459
3 3785 3459 3564
3 3779 3568 3462
3 3780 3462 3673
3 3780 3779 3462
3 3782 3464 3468
3 3566 3776 3464
3 3782 3776 3464
3 3467 3877 3465
3 3877 3575 3465
3 3980 3467 3785
3 3980 3467 3877
3 3782 3573 3468
3 3709 3469 3574
3 3675 3883 3471
3 3676 3788 3471
3 3788 3883 3471
3 3886 3576 3473
3 3680 3473 3885
3 3886 3473 3885
3 3578 3793 3475
3 3580 3790 3475
3 3790 3793 3475
3 3679 3479 3686
3 3687 3685 3480
3 3483 3482 3901
3 3482 3901 3694
3 3483 3592 3899
3 3483 3901 3899
3 3697 3484 3595
3 3588 3485 3832
3 3904 3691 3485
3 3904 3485 3832
3 3487 3905 3486
3 3993 3682 3486
3 3993 3905 3486
3 3487 3805 3488
3 3487 3805 4003
3 3487 3905 4003
3 3804 3805 3488
3 3504 3609 3489
3 3609 3489 3599
3 3492 3809 3501
3 3492 3909 3602
3 3492 3809 3909
3 3808 3602 3493
3 4007 3697 3493
3 3808 4007 3493
3 3601 3698 3494
3 3497 3605 3813
3 3497 3606 3815
3 3497 3815 3813
3 3498 3506 3816
3 3498 3818 3606
3 3498 3818 3816
3 3507 3911 3499
3 3607 3911 3499
3 3502 3916 3703
3 3502 3918 3706
3 3502 3916 3918
3 3504 3609 3705
3 3610 3504 3705
3 3506 3562 3821
3 3506 3816 3821
3 3709 3920 3507
3 3920 3507 3911
3 3822 3612 3513
3 3822 3513 3713
3 3517 3824 3515
3 3823 3613 3515
3 3823 3824 3515
3 3516 3926 3615
3 3516 3721 3926
3 3718 3517 3616
3 3927 3718 3517
3 3927 3517 3824
3 3681 3831 3520
3 3720 3831 3520
3 3526 3626 3525
3 3526 3626 3622
3 3543 3725 3528
3 3724 3619 3528
3 3724 3833 3528
3 3725 3833 3528
3 3532 3533 3836
3 3532 3648 3932
3 3532 3836 3932
3 3533 3656 3836
3 3534 3734 3730
3 3537 3738 3629
3 3743 3540 3542
3 3746 3743 3540
3 3541 3725 3635
3 3541 3850 3725
3 3638 3942 3542
3 3943 3743 3542
3 3943 3942 3542
3 3543 3725 3635
3 3748 3751 3544
3 3545 3852 3642
3 3752 3545 3852
3 3546 3835 3628
3 3546 3752 3853
3 3546 3835 3853
3 3839 3549 3625
3 3839 3549 3645
3 3550 3713 3925
3 3550 3843 3925
3 3849 3658 3551
3 3864 3558 3553
3 3654 3859 3553
3 3864 3859 3553
3 3756 3765 3554
3 3556 3658 3861
3 3556 3862 3861
3 3558 3964 3761
3 3864 3558 3964
3 3670 3768 3559
3 3868 3667 3562
3 3868 3562 3821
3 3567 3974 3564
3 3980 3785 3564
3 3980 3974 3564
3 3568 3775 3566
3 3775 3566 3776
3 3569 3567 3777
3 3567 3777 3975
3 3567 3974 3975
3 3779 3568 3775
3 3569 3875 3570
3 3569 3875 3777
3 3670 3869 3570
3 3869 4083 3570
3 3875 4083 3570
3 3675 3571 3878
3 3571 3784 3878
3 3782 3784 3573
3 3575 3574 3880
3 3709 3982 3574
3 3982 3574 3880
3 3983 3877 3575
3 3983 3575 3880
3 3678 3576 3884
3 3886 3576 3884
3 3578 3898 3679
3 3578 3898 3793
3 3580 3790 3888
3 3792 3580 3890
3 3580 3890 3888
3 3681 3992 3582
3 3792 3582 3990
3 3992 3582 3990
3 3586 3893 3585
3 3796 3893 3585
3 3686 3586 3894
3 3586 3894 3893
3 3589 3688 3998
3 3589 3797 3996
3 3589 3998 3996
3 3900 3591 3592
3 3900 3688 3591
3 3900 3592 3899
3 3594 3595 3902
3 3903 3594 3689
3 3594 4001 3902
3 3903 3594 4001
3 3697 3595 3902
3 3599 3906 3597
3 3691 3906 3597
3 3609 4005 3599
3 4005 3599 3906
3 3695 3694 3600
3 3908 3601 3695
3 3601 4011 3698
3 3908 3601 4011
3 3808 3909 3602
3 3610 3810 3604
3 3910 3604 3809
3 3810 3604 3814
3 3910 3604 3814
3 3699 3605 3812
3 4015 3605 3812
3 4016 3605 3813
3 4015 4016 3605
3 3818 3606 3815
3 3607 3819 4118
3 3607 3911 4118
3 3609 3705 3917
3 3609 3919 3917
3 3609 4005 3919
3 3610 3810 3705
3 3710 3922 3612
3 3822 3922 3612
3 3823 3613 3715
3 3614 3714 3730
3 3717 3928 3615
3 3926 3928 3615
3 3718 3616 3827
3 3720 3616 3827
3 3617 3829 3618
3 3719 4032 3617
3 4032 3617 3829
3 3717 3829 3618
3 3682 3724 3619
3 3626 3637 3622
3 3637 3944 3622
3 4040 3622 3727
3 3944 4040 3622
3 3791 3891 3623
3 3891 3623 3828
3 3729 3837 3625
3 4042 3837 3625
3 4042 3839 3625
3 3627 3935 3631
3 3627 3733 3935
3 3835 3736 3628
3 3846 3736 3629
3 3846 3738 3629
3 3739 3630 3848
3 3847 3630 3848
3 3631 3937 3738
3 3935 3631 4150
3 3631 3937 4150
3 3633 3938 3632
3 3739 3848 3632
3 3848 3632 4053
3 3938 3632 4053
3 3633 3938 3751
3 3634 3849 3941
3 3634 3850 3939
3 3634 4058 3939
3 3634 3941 4058
3 3638 3637 3944
3 3638 3944 3942
3 3639 3643 3945
3 3749 3639 3945
3 3649 3951 3642
3 3852 3951 3642
3 3643 3855 4061
3 3643 3945 4061
3 3839 3645 3949
3 3645 3949 3856
3 3648 3932 3647
3 3950 3753 3647
3 4158 3932 3647
3 4158 3950 3647
3 3649 3951 3856
3 3870 3669 3650
3 3650 4071 3754
3 3870 3650 4071
3 4054 3746 3651
3 4054 3651 3760
3 3653 3652 3953
3 3656 3652 3953
3 3756 3653 3954
3 3653 3953 4161
3 4162 3653 3954
3 4162 3653 4161
3 3654 3757 3957
3 3654 3859 4074
3 3654 3957 4074
3 3656 3958 3836
3 3656 3958 3953
3 3849 3658 4055
3 3658 4055 3861
3 3765 3863 3660
3 3766 3660 3966
3 3863 3660 3966
3 3662 3767 3754
3 3769 3968 3664
3 3862 3970 3664
3 3968 4171 3664
3 3970 4171 3664
3 3766 3866 3665
3 3865 3866 3665
3 3676 3868 3667
3 3870 3673 3669
3 3670 3869 3768
3 3780 3673 3876
3 3870 3673 3876
3 3979 3675 3878
3 3979 3675 3883
3 3984 3676 3788
3 3984 3676 3868
3 3678 3986 3687
3 3678 3986 3884
3 3898 3679 3686
3 3791 3989 3680
3 3989 3680 3885
3 3681 3991 3831
3 3681 3992 3991
3 3993 3682 3724
3 3687 3995 3685
3 3797 3995 3685
3 3686 3894 3994
3 3898 3686 3994
3 3986 3687 3995
3 3900 3688 3997
3 3688 3997 3998
3 3689 3999 3796
3 3903 3689 3999
3 3904 3691 4109
3 3691 4109 3906
3 4006 3695 3694
3 3901 3694 4199
3 4006 3694 4115
3 4203 3694 4115
3 4203 3694 4199
3 3908 4006 3695
3 3697 4204 3902
3 4007 3697 4209
3 3697 4209 4204
3 3698 3699 3812
3 4011 3698 3812
3 3703 4018 3819
3 3916 3703 4018
3 3810 3705 4020
3 3705 3917 4020
3 3804 4111 3706
3 4111 3918 3706
3 3709 3920 4129
3 3709 3982 4129
3 3710 4025 3721
3 3710 3922 4025
3 3822 3713 3925
3 3715 3714 4027
3 4026 3714 3730
3 4026 3714 4027
3 3823 4132 3715
3 4132 3715 4027
3 3717 3829 4033
3 3717 3928 4033
3 3718 4029 3827
3 3927 3718 4029
3 3719 4032 3828
3 3720 4035 3827
3 4034 3720 3831
3 4034 3720 4035
3 3721 4036 3926
3 4025 3721 4137
3 3721 4036 4137
3 4037 3722 3727
3 4037 3722 3832
3 3993 3724 3833
3 3850 3725 3833
3 4037 4140 3727
3 4040 4140 3727
3 3757 3729 3959
3 3729 3837 3959
3 4026 3734 3730
3 3843 3840 3732
3 3733 4046 3841
3 3733 3935 4046
3 4047 3734 3841
3 4026 4047 3734
3 3835 3736 4049
3 3846 3736 4049
3 3846 4052 3738
3 3937 4052 3738
3 3746 3743 3851
3 3943 3743 3851
3 3746 3851 4060
3 4054 3746 4060
3 3749 3748 4062
3 4067 3748 3751
3 3748 4062 4153
3 4067 3748 4153
3 3749 4064 3945
3 4065 3749 4062
3 4065 3749 4064
3 4067 3938 3751
3 4066 3752 3852
3 3752 4068 3853
3 4066 3752 4068
3 4069 3855 3753
3 4069 3950 3753
3 4077 3767 3754
3 4077 4071 3754
3 3756 3765 4073
3 3756 3954 4072
3 3756 4073 4072
3 3757 3957 3959
3 4054 3760 3762
3 3963 3761 3762
3 4167 3963 3761
3 4167 3964 3761
3 4165 3963 3762
3 4054 4165 3762
3 3765 3863 4073
3 3766 3866 3966
3 3865 4077 3767
3 3769 3768 3968
3 3869 3768 4174
3 3768 4174 3968
3 3775 3776 3872
3 3779 3775 3874
3 3775 3872 3874
3 3782 3776 3978
3 3776 3978 3872
3 4178 3875 3777
3 4087 3777 3975
3 4178 4087 3777
3 3780 3779 3976
3 3779 3874 4090
3 3779 3976 4090
3 3780 3876 4092
3 3780 3976 4092
3 3782 4093 3784
3 3782 4093 3978
3 4093 3784 3878
3 3985 3788 3883
3 4183 3984 3788
3 4183 3985 3788
3 4097 3790 3793
3 3988 3790 3888
3 4097 3988 3790
3 3791 4099 3891
3 3791 3989 4099
3 3792 3890 3990
3 4097 3898 3793
3 3796 3893 4103
3 3999 3796 4103
3 3797 3996 3995
3 3804 3805 4112
3 3804 4111 4112
3 3805 4112 4003
3 4116 3808 3909
3 3808 4007 4214
3 4116 3808 4214
3 3809 3909 4117
3 3910 3809 4117
3 3810 4013 3814
3 4125 3810 4013
3 3810 4222 4020
3 4125 3810 4222
3 4011 4215 3812
3 4015 4215 3812
3 3815 4121 3813
3 4016 4121 3813
3 3914 3910 3814
3 4013 3914 3814
3 3818 3815 4126
3 3815 4126 4121
3 3818 3816 4023
3 3816 3821 4023
3 3818 4126 4023
3 4018 3819 4318
3 3819 4318 4118
3 3984 3868 3821
3 4173 3984 3821
3 3821 4023 4130
3 4173 3821 4130
3 3822 3922 4228
3 3822 4228 3925
3 3823 3824 4133
3 3823 4132 4139
3 3823 4133 4139
3 3927 3824 4133
3 4029 4035 3827
3 3891 3828 4194
3 4032 3828 4232
3 3828 4232 4194
3 4233 4032 3829
3 4234 3829 4033
3 4233 4234 3829
3 3991 4136 3831
3 4034 4136 3831
3 3904 4037 3832
3 4151 3850 3833
3 3993 4294 3833
3 4151 4294 3833
3 3835 3853 4155
3 3835 4155 4049
3 3836 3932 4043
3 3958 3836 4043
3 4237 3837 3959
3 4042 3837 4238
3 4237 3837 4239
3 3837 4238 4239
3 4042 3839 3949
3 3843 4241 3840
3 3933 4142 3840
3 4241 4142 3840
3 4047 4046 3841
3 4160 3843 3925
3 4160 3843 4241
3 4146 3846 4049
3 3846 4243 4052
3 4146 3846 4243
3 3847 4148 3848
3 3933 3847 4050
3 3847 4149 4050
3 3847 4148 4149
3 4245 3848 4053
3 4245 4148 3848
3 3849 3941 4055
3 4151 3850 3939
3 3943 4251 3851
3 4253 3851 4060
3 4253 4251 3851
3 4066 3852 3951
3 4068 3853 4257
3 4256 3853 4155
3 4256 3853 4257
3 4069 3855 4061
3 4157 3949 3856
3 3951 4157 3856
3 3864 4075 3859
3 4075 3859 4074
3 3862 3970 3861
3 4264 3970 3861
3 4055 4164 3861
3 4264 4164 3861
3 4169 3863 3966
3 3863 4073 4267
3 4169 3863 4267
3 3864 4170 3964
3 3864 4075 4170
3 3865 3866 4081
3 3865 4077 4269
3 3865 4272 4081
3 3865 4272 4269
3 3866 3966 4168
3 4274 3866 4081
3 3866 4368 4168
3 4274 3866 4368
3 3869 4174 4083
3 3870 3876 4084
3 3870 4071 4084
3 4176 3872 3874
3 3978 3872 4085
3 4176 3872 4085
3 4176 3874 4090
3 4178 3875 4083
3 3876 4084 4092
3 3980 3877 4180
3 3983 3877 4180
3 3979 4093 3878
3 3982 4182 3880
3 3983 4182 3880
3 3979 3985 3883
3 3886 4096 3884
3 4096 3986 3884
3 3886 3885 4188
3 3989 3885 4188
3 3886 4096 4188
3 3890 4191 3888
3 3988 3888 4290
3 4191 3888 4290
3 3890 4193 3990
3 3890 4193 4191
3 4291 4099 3891
3 4291 3891 4194
3 4195 3894 3893
3 4195 3893 4103
3 4195 3894 3994
3 4299 3898 3994
3 4097 4299 3898
3 3900 4200 3899
3 3901 3899 4199
3 3899 4300 4199
3 4200 3899 4300
3 3900 4201 3997
3 3900 4201 4200
3 4001 4204 3902
3 4303 3903 3999
3 4205 3903 4001
3 4303 4205 3903
3 3904 4037 4206
3 3904 4206 4109
3 3993 3905 4294
3 4207 3905 4003
3 4391 4207 3905
3 4391 3905 4294
3 4208 4005 3906
3 4109 4389 3906
3 4208 4389 3906
3 3908 4210 4006
3 4211 3908 4011
3 4211 3908 4210
3 4116 3909 4117
3 3914 3910 4316
3 3910 4314 4117
3 3910 4314 4316
3 3920 3911 4220
3 4400 3911 4118
3 4400 3911 4220
3 4013 3914 4219
3 4406 3914 4219
3 3914 4316 4408
3 4406 3914 4408
3 3916 3918 4224
3 3916 4018 4223
3 3916 4224 4223
3 4127 3919 3917
3 4322 3917 4020
3 4127 3917 4321
3 4322 3917 4321
3 4111 3918 4224
3 4226 4005 3919
3 4127 4226 3919
3 3920 4129 4220
3 3922 4025 4138
3 4324 3922 4138
3 4324 3922 4228
3 4160 4228 3925
3 3926 3928 4325
3 4036 3926 4325
3 3927 4133 4029
3 4230 3928 4033
3 4230 3928 4325
3 3932 4240 4043
3 4158 3932 4240
3 3933 4142 4050
3 4340 3935 4046
3 3935 4150 4430
3 4340 4431 3935
3 4431 3935 4430
3 3937 4052 4337
3 3937 4337 4150
3 4343 3938 4053
3 4343 4067 3938
3 4248 4058 3939
3 4151 3939 4250
3 4248 3939 4250
3 3941 4055 4164
3 3941 4058 4252
3 3941 4252 4164
3 4254 3943 3942
3 3944 4040 3942
3 4040 3942 4140
3 4254 3942 4140
3 4254 3943 4251
3 4064 3945 4061
3 4042 3949 4238
3 4157 3949 4238
3 4069 4258 3950
3 4158 4258 3950
3 4255 4066 3951
3 4255 3951 4157
3 3958 3953 4236
3 3953 4161 4236
3 3954 4262 4072
3 4162 3954 4262
3 3957 4237 3959
3 4355 3957 4074
3 4355 3957 4237
3 3958 4333 4043
3 3958 4333 4236
3 4165 3963 4277
3 4361 4167 3963
3 4361 3963 4277
3 4167 4363 3964
3 4170 4363 3964
3 4169 3966 4168
3 4270 3968 4171
3 4270 4174 3968
3 4273 3970 4171
3 4264 4273 3970
3 4280 3974 3975
3 3980 4282 3974
3 4282 4280 3974
3 4087 4371 3975
3 4371 4280 3975
3 4373 3976 4090
3 4284 3976 4092
3 4284 4373 3976
3 4372 3978 4085
3 4372 4093 3978
3 3979 3985 4186
3 3979 4093 4187
3 3979 4186 4187
3 3980 4282 4180
3 3982 4286 4129
3 3982 4182 4286
3 3983 4377 4180
3 3983 4182 4377
3 4173 4183 3984
3 4183 3985 4185
3 3985 4185 4186
3 4297 3986 3995
3 4288 4096 3986
3 4288 4297 3986
3 4097 3988 4289
3 3988 4289 4290
3 3989 4190 4099
3 3989 4190 4188
3 3992 3990 4293
3 4193 3990 4293
3 3992 3991 4293
3 3991 4136 4293
3 4195 4296 3994
3 4299 4296 3994
3 3996 3995 4197
3 4297 3995 4197
3 3998 3996 4298
3 3996 4298 4197
3 3997 3998 4301
3 4201 3997 4302
3 3997 4302 4301
3 3998 4298 4301
3 4387 3999 4103
3 4303 4387 3999
3 4205 4001 4204
3 4207 4112 4003
3 4208 4226 4005
3 4395 4006 4115
3 4395 4210 4006
3 4393 4007 4209
3 4393 4007 4214
3 4211 4011 4313
3 4011 4313 4215
3 4125 4013 4219
3 4015 4016 4315
3 4015 4215 4403
3 4015 4403 4315
3 4016 4317 4121
3 4016 4317 4315
3 4412 4018 4223
3 4412 4018 4318
3 4322 4222 4020
3 4126 4023 4130
3 4025 4137 4138
3 4026 4047 4027
3 4339 4047 4027
3 4132 4339 4027
3 4029 4035 4421
3 4328 4133 4029
3 4328 4029 4421
3 4233 4032 4232
3 4230 4234 4033
3 4034 4329 4035
3 4034 4136 4330
3 4034 4329 4330
3 4329 4035 4421
3 4420 4036 4137
3 4420 4036 4325
3 4037 4140 4332
3 4037 4206 4332
3 4334 4240 4043
3 4333 4334 4043
3 4339 4047 4046
3 4340 4339 4046
3 4146 4341 4049
3 4155 4341 4049
3 4142 4338 4050
3 4149 4338 4050
3 4243 4052 4433
3 4052 4337 4433
3 4436 4245 4053
3 4343 4436 4053
3 4054 4246 4060
3 4054 4165 4265
3 4054 4265 4246
3 4248 4058 4252
3 4253 4246 4060
3 4064 4259 4061
3 4069 4259 4061
3 4347 4065 4062
3 4347 4062 4153
3 4065 4064 4346
3 4064 4259 4346
3 4065 4443 4346
3 4347 4065 4443
3 4066 4350 4068
3 4255 4066 4350
3 4343 4067 4153
3 4068 4257 4447
3 4350 4068 4447
3 4069 4258 4448
3 4069 4448 4259
3 4077 4261 4071
3 4261 4071 4084
3 4073 4072 4268
3 4262 4072 4268
3 4073 4267 4268
3 4075 4357 4074
3 4543 4355 4074
3 4543 4357 4074
3 4454 4075 4170
3 4454 4075 4357
3 4077 4261 4269
3 4272 4276 4081
3 4274 4276 4081
3 4278 4174 4083
3 4376 4178 4083
3 4278 4376 4083
3 4283 4084 4092
3 4261 4283 4084
3 4281 4176 4085
3 4372 4281 4085
3 4178 4087 4463
3 4087 4463 4371
3 4375 4176 4090
3 4375 4373 4090
3 4284 4283 4092
3 4372 4093 4187
3 4096 4471 4188
3 4288 4096 4471
3 4097 4299 4289
3 4190 4099 4474
3 4291 4099 4380
3 4099 4474 4380
3 4195 4382 4103
3 4487 4382 4103
3 4487 4387 4103
3 4390 4206 4109
3 4390 4109 4389
3 4111 4112 4306
3 4111 4224 4416
3 4111 4306 4416
3 4207 4112 4306
3 4203 4394 4115
3 4395 4394 4115
3 4116 4117 4396
3 4116 4397 4214
3 4116 4397 4396
3 4314 4117 4396
3 4500 4318 4118
3 4400 4500 4118
3 4409 4126 4121
3 4317 4405 4121
3 4592 4405 4121
3 4592 4409 4121
3 4125 4221 4219
3 4125 4221 4222
3 4415 4126 4130
3 4415 4409 4126
3 4127 4414 4226
3 4127 4414 4321
3 4286 4129 4220
3 4173 4415 4130
3 4419 4132 4139
3 4419 4132 4339
3 4419 4133 4139
3 4328 4133 4511
3 4419 4133 4511
3 4423 4136 4293
3 4423 4136 4330
3 4324 4137 4138
3 4324 4508 4137
3 4420 4508 4137
3 4254 4140 4332
3 4523 4241 4142
3 4523 4142 4338
3 4146 4341 4243
3 4148 4149 4432
3 4245 4148 4432
3 4526 4149 4338
3 4526 4149 4432
3 4435 4337 4150
3 4435 4150 4430
3 4391 4151 4250
3 4391 4151 4294
3 4343 4444 4153
3 4347 4444 4153
3 4256 4155 4341
3 4631 4157 4238
3 4255 4157 4535
3 4631 4157 4535
3 4158 4428 4240
3 4158 4258 4428
3 4160 4418 4228
3 4160 4429 4241
3 4160 4418 4429
3 4162 4354 4161
3 4450 4161 4236
3 4354 4450 4161
3 4162 4354 4262
3 4252 4164 4442
3 4264 4164 4442
3 4165 4359 4265
3 4165 4359 4277
3 4361 4167 4548
3 4167 4548 4363
3 4169 4358 4168
3 4368 4358 4168
3 4169 4267 4364
3 4169 4364 4358
3 4549 4170 4363
3 4454 4170 4550
3 4549 4170 4550
3 4273 4270 4171
3 4173 4183 4459
3 4173 4459 4415
3 4278 4270 4174
3 4281 4375 4176
3 4376 4178 4463
3 4282 4377 4180
3 4182 4286 4567
3 4568 4182 4377
3 4568 4182 4567
3 4183 4470 4185
3 4183 4470 4459
3 4468 4185 4186
3 4467 4468 4185
3 4467 4470 4185
3 4378 4186 4187
3 4378 4468 4186
3 4372 4378 4187
3 4190 4471 4188
3 4190 4572 4471
3 4190 4572 4474
3 4475 4193 4191
3 4476 4191 4290
3 4475 4476 4191
3 4478 4193 4293
3 4478 4475 4193
3 4514 4232 4194
3 4291 4479 4194
3 4606 4479 4194
3 4606 4514 4194
3 4195 4296 4382
3 4297 4484 4197
3 4298 4482 4197
3 4666 4482 4197
3 4484 4666 4197
3 4203 4300 4199
3 4201 4385 4200
3 4385 4200 4300
3 4201 4385 4302
3 4203 4311 4300
3 4203 4394 4311
3 4312 4205 4204
3 4312 4209 4204
3 4303 4205 4488
3 4312 4205 4580
3 4205 4580 4488
3 4206 4489 4332
3 4390 4206 4489
3 4207 4581 4306
3 4391 4207 4531
3 4207 4581 4531
3 4491 4208 4226
3 4491 4208 4389
3 4312 4393 4209
3 4211 4210 4584
3 4395 4210 4584
3 4211 4313 4584
3 4393 4397 4214
3 4313 4495 4215
3 4495 4215 4403
3 4221 4496 4219
3 4406 4499 4219
3 4499 4496 4219
3 4286 4400 4220
3 4411 4221 4222
3 4411 4597 4221
3 4597 4221 4496
3 4322 4411 4222
3 4501 4224 4223
3 4600 4412 4223
3 4600 4501 4223
3 4599 4224 4416
3 4599 4501 4224
3 4414 4226 4503
3 4491 4226 4582
3 4226 4582 4503
3 4324 4418 4228
3 4230 4422 4234
3 4230 4507 4325
3 4230 4422 4512
3 4230 4512 4507
3 4515 4233 4232
3 4515 4514 4232
3 4515 4233 4234
3 4515 4422 4234
3 4333 4425 4236
3 4450 4425 4236
3 4237 4519 4239
3 4355 4237 4519
3 4520 4238 4239
3 4520 4610 4238
3 4631 4610 4238
3 4519 4709 4239
3 4520 4709 4239
3 4428 4334 4240
3 4523 4429 4241
3 4537 4341 4243
3 4537 4243 4433
3 4437 4245 4432
3 4436 4245 4530
3 4437 4245 4530
3 4253 4345 4246
3 4265 4246 4438
3 4345 4246 4534
3 4246 4438 4534
3 4248 4531 4250
3 4439 4248 4252
3 4439 4248 4531
3 4391 4531 4250
3 4253 4441 4251
3 4254 4251 4332
3 4489 4251 4332
3 4489 4441 4251
3 4439 4252 4546
3 4252 4546 4442
3 4253 4441 4345
3 4255 4350 4535
3 4256 4536 4257
3 4537 4256 4341
3 4537 4256 4536
3 4536 4257 4447
3 4258 4428 4539
3 4258 4539 4448
3 4448 4259 4346
3 4272 4261 4269
3 4272 4261 4557
3 4558 4261 4283
3 4558 4261 4557
3 4540 4262 4268
3 4354 4541 4262
3 4540 4262 4632
3 4541 4262 4632
3 4264 4273 4545
3 4264 4546 4442
3 4264 4545 4546
3 4359 4265 4438
3 4267 4452 4268
3 4267 4364 4452
3 4540 4452 4268
3 4273 4270 4551
3 4278 4270 4551
3 4272 4276 4641
3 4272 4557 4641
3 4273 4551 4545
3 4274 4276 4368
3 4458 4276 4368
3 4458 4276 4641
3 4359 4277 4556
3 4361 4643 4277
3 4643 4277 4556
3 4278 4376 4645
3 4278 4645 4551
3 4282 4280 4560
3 4371 4280 4560
3 4372 4281 4562
3 4281 4375 4563
3 4281 4647 4562
3 4281 4563 4647
3 4282 4646 4377
3 4282 4646 4560
3 4284 4564 4283
3 4558 4564 4283
3 4284 4373 4465
3 4284 4564 4465
3 4286 4400 4567
3 4288 4297 4485
3 4288 4657 4471
3 4288 4657 4485
3 4476 4289 4290
3 4299 4570 4289
3 4476 4289 4662
3 4570 4289 4662
3 4291 4380 4573
3 4291 4573 4479
3 4423 4663 4293
3 4478 4663 4293
3 4299 4574 4296
3 4296 4382 4665
3 4574 4296 4665
3 4297 4484 4485
3 4298 4301 4482
3 4299 4570 4574
3 4575 4311 4300
3 4385 4575 4300
3 4486 4302 4301
3 4486 4301 4482
3 4385 4576 4302
3 4486 4302 4577
3 4576 4302 4577
3 4303 4387 4488
3 4674 4306 4416
3 4581 4673 4306
3 4674 4673 4306
3 4586 4394 4311
3 4586 4575 4311
3 4583 4312 4393
3 4583 4312 4580
3 4679 4313 4495
3 4679 4313 4584
3 4314 4316 4587
3 4314 4396 4587
3 4317 4589 4315
3 4403 4589 4315
3 4590 4316 4408
3 4590 4316 4587
3 4317 4591 4405
3 4317 4591 4589
3 4412 4690 4318
3 4689 4500 4318
3 4689 4690 4318
3 4322 4598 4321
3 4414 4601 4321
3 4598 4601 4321
3 4322 4411 4598
3 4324 4418 4504
3 4324 4508 4504
3 4509 4420 4325
3 4509 4507 4325
3 4328 4511 4421
3 4517 4329 4330
3 4605 4329 4421
3 4605 4517 4329
3 4608 4423 4330
3 4609 4517 4330
3 4608 4609 4330
3 4333 4334 4425
3 4612 4334 4425
3 4428 4334 4614
3 4612 4334 4611
3 4334 4614 4611
3 4527 4337 4433
3 4527 4435 4337
3 4523 4338 4528
3 4526 4618 4338
3 4618 4338 4528
3 4340 4339 4615
3 4419 4339 4615
3 4340 4431 4616
3 4802 4340 4615
3 4802 4340 4616
3 4343 4436 4444
3 4441 4345 4623
3 4345 4623 4534
3 4443 4627 4346
3 4624 4448 4346
3 4624 4627 4346
3 4347 4625 4443
3 4347 4444 4626
3 4347 4625 4626
3 4350 4628 4447
3 4350 4628 4535
3 4633 4354 4450
3 4633 4354 4541
3 4543 4355 4519
3 4454 4725 4357
3 4543 4725 4357
3 4555 4364 4358
3 4555 4368 4358
3 4359 4547 4438
3 4359 4642 4547
3 4359 4642 4556
3 4361 4729 4548
3 4361 4643 4729
3 4548 4549 4363
3 4364 4452 4640
3 4555 4364 4639
3 4364 4640 4639
3 4458 4555 4368
3 4649 4463 4371
3 4371 4560 4830
3 4649 4371 4830
3 4372 4378 4562
3 4375 4373 4651
3 4373 4648 4465
3 4373 4648 4651
3 4375 4652 4563
3 4375 4652 4651
3 4376 4653 4463
3 4376 4645 4653
3 4568 4646 4377
3 4378 4468 4656
3 4378 4656 4562
3 4474 4661 4380
3 4661 4380 4573
3 4487 4382 4665
3 4385 4575 4668
3 4385 4576 4668
3 4487 4387 4669
3 4387 4669 4488
3 4390 4672 4389
3 4491 4672 4389
3 4390 4672 4489
3 4393 4681 4397
3 4583 4393 4762
3 4393 4681 4762
3 4395 4394 4678
3 4586 4394 4678
3 4395 4765 4584
3 4395 4678 4765
3 4585 4397 4396
3 4585 4396 4767
3 4396 4767 4587
3 4768 4585 4397
3 4768 4681 4397
3 4770 4400 4500
3 4770 4400 4567
3 4774 4495 4403
3 4774 4403 4589
3 4591 4405 4685
3 4592 4686 4405
3 4686 4405 4685
3 4406 4408 4593
3 4406 4594 4499
3 4406 4594 4593
3 4590 4776 4408
3 4776 4408 4593
3 4693 4415 4409
3 4592 4686 4409
3 4693 4686 4409
3 4411 4597 4778
3 4411 4598 4778
3 4600 4412 4690
3 4414 4601 4503
3 4694 4459 4415
3 4695 4693 4415
3 4694 4695 4415
3 4674 4599 4416
3 4418 4429 4697
3 4418 4696 4504
3 4418 4696 4697
3 4419 4511 4698
3 4419 4615 4698
3 4420 4508 4603
3 4509 4420 4701
3 4420 4701 4603
3 4787 4511 4421
3 4787 4605 4421
3 4422 4512 4518
3 4706 4515 4422
3 4706 4422 4518
3 4608 4423 4663
3 4613 4450 4425
3 4612 4613 4425
3 4428 4539 4614
3 4523 4429 4697
3 4431 4430 4711
3 4435 4430 4711
3 4431 4712 4616
3 4431 4803 4711
3 4431 4712 4803
3 4437 4526 4432
3 4527 4714 4433
3 4537 4714 4433
3 4716 4527 4435
3 4435 4809 4711
3 4716 4435 4809
3 4436 4444 4717
3 4436 4717 4530
3 4437 4526 4715
3 4437 4715 4530
3 4547 4438 4534
3 4581 4439 4531
3 4439 4546 4811
3 4581 4439 4673
3 4439 4673 4811
3 4489 4441 4720
3 4441 4623 4720
3 4625 4443 4627
3 4444 4626 4717
3 4536 4722 4447
3 4628 4722 4447
3 4624 4539 4448
3 4633 4613 4450
3 4540 4452 4732
3 4733 4452 4640
3 4733 4452 4732
3 4454 4725 4550
3 4458 4555 4737
3 4458 4641 4825
3 4458 4737 4825
3 4470 4746 4459
3 4694 4746 4459
3 4649 4653 4463
3 4564 4648 4465
3 4467 4468 4656
3 4467 4745 4470
3 4837 4467 4656
3 4837 4467 4745
3 4745 4470 4746
3 4572 4657 4471
3 4572 4474 4748
3 4474 4661 4748
3 4475 4476 4750
3 4478 4475 4749
3 4475 4920 4749
3 4475 4750 4840
3 4475 4920 4840
3 4476 4662 4750
3 4478 4663 4749
3 4664 4573 4479
3 4606 4479 4702
3 4753 4664 4479
3 4753 4479 4702
3 4486 4756 4482
3 4756 4666 4482
3 4484 4485 4757
3 4484 4666 4758
3 4484 4758 4757
3 4759 4657 4485
3 4759 4485 4757
3 4486 4761 4577
3 4486 4761 4756
3 4487 4665 4844
3 4487 4669 4848
3 4487 4844 4848
3 4580 4671 4488
3 4849 4669 4488
3 4849 4671 4488
3 4672 4489 4720
3 4491 4672 4582
3 4774 4679 4495
3 4688 4499 4496
3 4867 4597 4496
3 4867 4688 4496
3 4594 4688 4499
3 4770 4689 4500
3 4599 4501 4780
3 4600 4501 4780
3 4868 4582 4503
3 4783 4601 4503
3 4869 4783 4503
3 4868 4869 4503
3 4508 4696 4504
3 4509 4699 4507
3 4699 4512 4507
3 4508 4870 4603
3 4508 4870 4696
3 4509 4699 4701
3 4511 4698 4786
3 4787 4511 4786
3 4699 4512 4518
3 4706 4515 4514
3 4606 4514 4702
3 4706 4514 4702
3 4605 4875 4517
3 4793 4609 4517
3 4793 4875 4517
3 4699 4707 4518
3 4706 4707 4518
3 4543 4794 4519
3 4794 4519 4709
3 4795 4520 4610
3 4796 4520 4709
3 4796 4795 4520
3 4523 4801 4528
3 4713 4523 4697
3 4713 4523 4801
3 4526 4618 4619
3 4526 4715 4619
3 4527 4714 4808
3 4716 4527 4808
3 4618 4810 4528
3 4806 4801 4528
3 4810 4806 4528
3 4807 4715 4530
3 4807 4717 4530
3 4547 4636 4534
3 4623 4636 4534
3 4628 4535 4815
3 4631 4535 4815
3 4537 4536 4722
3 4537 4714 4722
3 4539 4614 4814
3 4894 4624 4539
3 4894 4539 4814
3 4540 4732 4632
3 4816 4541 4632
3 4633 4541 4817
3 4816 4541 4817
3 4543 4725 4794
3 4545 4546 4819
3 4551 4898 4545
3 4898 4545 4819
3 4546 4811 4819
3 4728 4547 4636
3 4728 4642 4547
3 4548 4549 4903
3 4729 4548 4820
3 4548 4903 4820
3 4549 4905 4550
3 4549 4903 4905
3 4725 4823 4550
3 4823 4905 4550
3 4645 4551 4898
3 4555 4737 4639
3 4826 4642 4556
3 4643 4826 4556
3 4558 4557 4641
3 4827 4558 4564
3 4558 4641 4909
3 4827 4558 4909
3 4646 4560 4910
3 4560 4910 4830
3 4656 4647 4562
3 4563 4740 4647
3 4652 4563 4740
3 4564 4648 4833
3 4827 4564 4833
3 4568 4770 4567
3 4568 4835 4646
3 4568 4770 4835
3 4570 4574 4839
3 4570 4662 4839
3 4572 4657 4838
3 4572 4838 4748
3 4661 4573 4752
3 4664 4573 4843
3 4573 4752 4843
3 4574 4665 4844
3 4574 4844 4839
3 4586 4575 4769
3 4575 4668 4769
3 4576 4846 4577
3 4576 4668 4845
3 4576 4846 4845
3 4761 4846 4577
3 4583 4580 4853
3 4580 4850 4671
3 4580 4853 4850
3 4851 4672 4582
3 4851 4868 4582
3 4583 4852 4762
3 4583 4853 4852
3 4679 4584 4854
3 4935 4765 4584
3 4935 4584 4854
3 4585 4855 4767
3 4768 4585 4855
3 4586 4678 4856
3 4586 4769 4856
3 4590 4587 4857
3 4767 4587 4857
3 4858 4591 4589
3 4774 4858 4589
3 5020 4590 4776
3 4590 5018 4857
3 5020 4590 5018
3 4860 4591 4685
3 4858 4860 4591
3 4777 4594 4593
3 4777 4776 4593
3 4777 4594 4688
3 4945 4597 4778
3 5085 4867 4597
3 5085 4945 4597
3 4598 4781 4601
3 4598 4863 4778
3 4598 4863 4781
3 4674 4599 4864
3 4599 4864 4780
3 4600 4865 4690
3 4600 4865 4780
3 4781 4783 4601
3 4701 4603 4872
3 4870 4603 4872
3 4787 4605 4875
3 4608 4954 4609
3 4608 4663 4876
3 4608 4954 4876
3 4793 4954 4609
3 4631 4610 4815
3 4795 4610 4960
3 4610 4815 4960
3 4612 4611 4798
3 4614 4611 4881
3 4611 4881 4798
3 4612 4613 4799
3 4612 4798 4799
3 4633 4613 4799
3 4614 4881 4814
3 4952 4615 4698
3 4802 4952 4615
3 4712 4616 4882
3 4802 4616 4882
3 4618 4810 4619
3 4715 4885 4619
3 4810 4967 4619
3 4885 4967 4619
3 4887 4623 4636
3 4851 4623 4720
3 4851 4887 4623
3 4624 4888 4627
3 4894 4624 4888
3 4625 4626 4889
3 4625 4627 4889
3 4807 4626 4717
3 4807 4626 4812
3 4626 4812 4889
3 4888 4627 4893
3 4627 4893 4889
3 4628 4890 4722
3 4628 4890 4815
3 4896 4732 4632
3 4897 4816 4632
3 4897 4896 4632
3 4633 4895 4799
3 4633 4895 4817
3 4728 4900 4636
3 4887 4900 4636
3 4904 4640 4639
3 4978 4737 4639
3 4904 4978 4639
3 4904 4733 4640
3 4982 4641 4825
3 4906 4641 4909
3 4906 4982 4641
3 4907 4728 4642
3 4985 4826 4642
3 4985 4907 4642
3 4643 4729 4984
3 4643 4826 4984
3 4987 4645 4653
3 4987 4645 4898
3 4835 4646 4910
3 4656 4647 4912
3 4740 4647 4912
3 4648 4741 4651
3 4648 4833 4741
3 4649 4916 4653
3 4649 4990 4830
3 4649 4916 4990
3 4652 4651 4832
3 4831 4741 4651
3 4831 4651 4832
3 4652 4740 4915
3 4652 4915 4832
3 4987 4916 4653
3 4837 4656 4912
3 4759 4657 4838
3 4661 4842 4748
3 4661 4752 4842
3 4922 4662 4750
3 4922 4662 4839
3 4663 4998 4749
3 4663 4876 4998
3 4753 4664 4923
3 4664 4843 4923
3 4756 4666 4758
3 4668 4769 5009
3 4668 4926 4845
3 4668 5009 4926
3 5008 4669 4848
3 5008 4849 4669
3 4849 4929 4671
3 4929 4850 4671
3 4851 4672 4720
3 4674 4673 4930
3 4673 4811 4930
3 5052 4674 4864
3 5052 4674 4930
3 4678 4765 4932
3 4678 4932 4856
3 4774 4679 4854
3 4852 4681 4762
3 4768 5016 4681
3 5016 4852 4681
3 4866 4686 4685
3 4860 4939 4685
3 4866 4940 4685
3 4939 4940 4685
3 4693 4866 4686
3 4777 4688 5021
3 4950 4867 4688
3 4950 4688 5021
3 4689 4690 4943
3 4770 4835 4689
3 4835 4689 5063
3 4689 5063 4943
3 4865 4690 4943
3 4695 4948 4693
3 4948 4693 4866
3 4694 4695 4746
3 4695 4746 4936
3 4695 5027 4936
3 4695 4948 5027
3 4696 4951 4697
3 4870 4696 4951
3 4713 4963 4697
3 4963 4951 4697
3 4698 4786 5030
3 4952 4698 5030
3 4699 4701 4874
3 4699 4707 4792
3 4699 4874 4792
3 4701 4874 4872
3 4706 4753 4702
3 4706 4707 4704
3 4706 4753 4704
3 4707 4790 4704
3 4753 4790 4704
3 4707 4790 4791
3 4707 4791 4792
3 4794 4959 4709
3 4796 4961 4709
3 4961 4959 4709
3 4965 4803 4711
3 4970 4809 4711
3 4965 4970 4711
3 4962 4712 4803
3 4962 4712 4882
3 4713 4964 4801
3 4713 4963 4964
3 4714 4968 4722
3 4714 4808 4968
3 4807 4715 4885
3 4716 4808 4969
3 4716 4969 4809
3 4890 4968 4722
3 4725 4794 4974
3 4725 4823 4974
3 4907 4728 4900
3 4729 4977 4820
3 4729 4977 4984
3 4733 4896 4732
3 4733 4896 4979
3 4904 4733 4979
3 4737 4825 5059
3 4978 4737 5059
3 4740 4989 4912
3 4740 4915 4989
3 4831 4741 4914
3 4833 4741 4914
3 4745 4918 4746
3 4837 4745 4918
3 4918 4746 4936
3 4759 4838 4748
3 4759 5070 4748
3 4996 4842 4748
3 4996 5070 4748
3 4920 5071 4749
3 5071 4998 4749
3 4922 4750 4840
3 4996 4752 4842
3 4752 4843 4995
3 5072 4752 4995
3 5072 4996 4752
3 4753 4790 4878
3 4753 4923 4878
3 4761 4756 4758
3 5003 4758 4757
3 4759 5004 4757
3 5004 5003 4757
3 4761 5001 4758
3 5001 5003 4758
3 4759 5070 5004
3 5002 4761 4846
3 5002 4761 5001
3 4935 4765 4932
3 5015 4855 4767
3 5015 4767 4857
3 4768 4855 5017
3 4768 5016 5017
3 4769 5009 4856
3 4774 5014 4854
3 4774 5087 4858
3 4774 5087 5014
3 4777 4776 4941
3 5022 4776 4941
3 5020 5022 4776
3 4777 5021 4941
3 4863 4778 5023
3 4945 4778 5023
3 4865 4864 4780
3 5024 4781 4783
3 5024 4863 4781
3 5028 4869 4783
3 5097 5024 4783
3 5097 5028 4783
3 4787 4786 5030
3 4787 4875 5030
3 4955 4790 4791
3 4955 4790 4878
3 4791 4957 4792
3 5033 4955 4791
3 5033 4791 4957
3 4957 4874 4792
3 4793 5034 4875
3 4793 5107 4954
3 4793 5107 5034
3 4794 4974 4959
3 4796 5035 4795
3 5035 4795 4960
3 4796 4961 5110
3 4796 5035 5110
3 4798 4799 5038
3 5037 4881 4798
3 5037 4798 5038
3 5112 4895 4799
3 5112 4799 5038
3 5040 4806 4801
3 5040 4964 4801
3 4802 5041 4882
3 4802 4952 5041
3 4962 4803 5042
3 4965 4803 5042
3 4966 4810 4806
3 4966 5040 4806
3 4807 4812 4885
3 4808 4968 5124
3 4808 4969 5124
3 4969 5121 4809
3 4970 5121 4809
3 4966 5119 4810
3 5119 4810 4967
3 4811 4819 4930
3 4972 4812 4885
3 4812 4893 4889
3 4972 4812 4893
3 4881 4814 5048
3 4894 4814 5048
3 4890 4815 4960
3 4816 5049 4817
3 4897 4816 5049
3 4895 5049 4817
3 4898 5051 4819
3 5052 4819 4930
3 5052 5051 4819
3 5133 4903 4820
3 5133 4977 4820
3 5129 4823 4905
3 4823 5128 4974
3 5129 4823 5128
3 4982 4825 5136
3 4825 5136 5059
3 4985 4826 4984
3 5060 4827 4833
3 5060 4827 4909
3 5063 4910 4830
3 4990 5063 4830
3 4831 5064 4832
3 4831 5064 4914
3 4915 5065 4832
3 5064 5065 4832
3 4833 4914 5139
3 5060 4833 5139
3 4835 5063 4910
3 4837 4912 5069
3 4837 4918 5069
3 5075 4844 4839
3 4922 4839 5144
3 5075 4839 5144
3 4920 4840 5073
3 4922 4840 5073
3 4843 4923 4995
3 4999 4844 4848
3 5075 4999 4844
3 5006 4846 4845
3 5005 4926 4845
3 5005 5006 4845
3 5002 5006 4846
3 5150 4999 4848
3 5008 5150 4848
3 5008 4849 4929
3 4853 4850 5079
3 4929 5078 4850
3 5078 4850 5079
3 4851 4868 4887
3 4853 4852 5080
3 5016 5081 4852
3 5081 4852 5080
3 4853 5080 5079
3 4935 5155 4854
3 5014 5155 4854
3 5158 5015 4855
3 5158 4855 5017
3 5083 4932 4856
3 5082 5009 4856
3 5082 5083 4856
3 5015 5018 4857
3 4858 4860 5019
3 4858 5086 5019
3 5162 4858 5086
3 5087 5162 4858
3 4860 4939 5019
3 4863 5172 5023
3 5024 4863 5172
3 4865 4864 5095
3 5052 5173 4864
3 5173 4864 5095
3 5096 4865 4943
3 5096 4865 5095
3 5098 4866 4940
3 4948 5098 4866
3 4950 5085 4867
3 5028 4868 4869
3 4868 4887 5130
3 5028 4868 5130
3 4870 5099 4872
3 5175 4870 4951
3 5175 4870 5099
3 5031 4874 4872
3 5031 5099 4872
3 5101 4957 4874
3 5101 5031 4874
3 4875 5183 5030
3 5034 4875 5183
3 4954 4876 5103
3 4876 4998 5103
3 5104 4923 4878
3 4955 5105 4878
3 5104 5105 4878
3 5186 5037 4881
3 5186 4881 5048
3 4962 5113 4882
3 5041 4882 5190
3 5113 4882 5190
3 4972 4885 4967
3 4887 5130 4900
3 5123 4888 4893
3 4894 4888 5048
3 5123 4888 5048
3 4890 5124 4960
3 4890 4968 5124
3 5125 4972 4893
3 5125 5123 4893
3 5112 4895 5049
3 4897 4896 5050
3 5058 4896 4979
3 5058 4896 5050
3 4897 5127 5049
3 4897 5127 5050
3 4987 4898 5201
3 4898 5201 5051
3 4907 5130 4900
3 5135 4903 4905
3 5133 5135 4903
3 4904 5057 4978
3 4904 5056 4979
3 4904 5057 5056
3 5198 5129 4905
3 5198 5135 4905
3 5062 4906 4909
3 5062 4906 4982
3 4985 4907 5137
3 4907 5130 5204
3 4907 5137 5205
3 4907 5205 5204
3 5060 5062 4909
3 4989 4912 5069
3 5141 5064 4914
3 5141 4914 5139
3 5068 4915 4989
3 5068 4915 5065
3 4987 4916 5201
3 5096 4916 4990
3 5096 4916 5095
3 4916 5201 5095
3 4918 4993 4936
3 4918 4993 5069
3 4920 5071 5146
3 4920 5147 5073
3 4920 5147 5146
3 4922 5144 5073
3 5104 4923 4995
3 5005 5076 4926
3 5076 5009 4926
3 5008 5153 4929
3 5153 4929 5078
3 4935 5154 4932
3 5154 5083 4932
3 4935 5154 5155
3 4993 4936 5209
3 5160 5027 4936
3 5160 4936 5209
3 4939 5165 4940
3 4939 5019 5164
3 4939 5164 5165
3 5098 4940 5166
3 5165 4940 5166
3 5169 5021 4941
3 5022 4941 5167
3 5169 4941 5167
3 5096 5063 4943
3 4945 5229 5023
3 5085 4945 5281
3 4945 5229 5281
3 4948 5161 5027
3 4948 5098 5161
3 4950 5169 5021
3 4950 5085 5169
3 4963 5175 4951
3 5176 4952 5030
3 5176 4952 5041
3 5107 4954 5103
3 5033 5106 4955
3 5106 4955 5105
3 5033 5178 4957
3 5101 5178 4957
3 4961 5185 4959
3 5237 4974 4959
3 5237 5185 4959
3 5035 5124 4960
3 4961 5298 5110
3 4961 5298 5185
3 4962 5188 5042
3 4962 5188 5113
3 4963 5191 4964
3 5244 4963 5175
3 5244 4963 5191
3 5040 5115 4964
3 5191 5115 4964
3 5192 4965 4970
3 5192 4965 5042
3 4966 5040 5116
3 4966 5122 5116
3 4966 5122 5119
3 5119 4972 4967
3 5239 4969 5121
3 5239 4969 5124
3 5245 4970 5121
3 5245 5192 4970
3 5119 4972 5194
3 5125 4972 5194
3 5237 5128 4974
3 5206 4977 4984
3 5133 5197 4977
3 5206 5197 4977
3 5057 5134 4978
3 5134 4978 5059
3 5058 5056 4979
3 5062 4982 5256
3 4982 5256 5136
3 4985 5207 4984
3 5206 5207 4984
3 4985 5137 5207
3 5068 4989 5069
3 5096 4990 5063
3 5068 4993 5069
3 5068 5211 4993
3 5211 4993 5209
3 5072 4995 5149
3 5104 4995 5260
3 4995 5149 5260
3 4996 5213 5070
3 5072 4996 5213
3 5071 4998 5233
3 4998 5103 5233
3 5075 5263 4999
3 5150 5264 4999
3 5263 5264 4999
3 5002 5001 5216
3 5217 5001 5003
3 5217 5001 5216
3 5220 5002 5006
3 5220 5002 5216
3 5070 5004 5003
3 5217 5070 5003
3 5005 5006 5219
3 5005 5219 5076
3 5220 5006 5219
3 5008 5150 5266
3 5008 5153 5266
3 5082 5076 5009
3 5087 5223 5014
3 5223 5014 5155
3 5163 5015 5018
3 5163 5158 5015
3 5016 5224 5017
3 5016 5081 5224
3 5158 5017 5276
3 5275 5224 5017
3 5275 5017 5276
3 5163 5020 5018
3 5086 5019 5168
3 5019 5168 5164
3 5227 5020 5022
3 5227 5163 5020
3 5279 5022 5167
3 5227 5279 5022
3 5283 5172 5023
3 5345 5229 5023
3 5345 5283 5023
3 5097 5024 5259
3 5024 5259 5172
3 5160 5161 5027
3 5097 5028 5204
3 5028 5130 5204
3 5176 5183 5030
3 5031 5099 5289
3 5101 5031 5289
3 5033 5106 5181
3 5033 5178 5181
3 5107 5034 5235
3 5034 5183 5297
3 5034 5235 5297
3 5035 5239 5110
3 5035 5239 5124
3 5241 5037 5038
3 5186 5037 5240
3 5037 5240 5301
3 5241 5037 5301
3 5112 5241 5038
3 5040 5116 5115
3 5176 5041 5190
3 5188 5242 5042
3 5192 5242 5042
3 5186 5123 5048
3 5112 5195 5049
3 5195 5127 5049
3 5058 5199 5050
3 5310 5127 5050
3 5310 5199 5050
3 5052 5173 5051
3 5173 5201 5051
3 5057 5253 5056
3 5058 5255 5056
3 5255 5253 5056
3 5251 5057 5134
3 5251 5057 5253
3 5058 5255 5199
3 5134 5314 5059
3 5314 5136 5059
3 5060 5062 5258
3 5060 5258 5139
3 5062 5256 5258
3 5210 5064 5065
3 5141 5282 5064
3 5282 5210 5064
3 5068 5211 5065
3 5210 5211 5065
3 5213 5070 5323
3 5217 5070 5323
3 5071 5233 5146
3 5072 5149 5148
3 5072 5213 5148
3 5263 5144 5073
3 5263 5147 5073
3 5075 5263 5144
3 5082 5265 5076
3 5332 5219 5076
3 5265 5386 5076
3 5332 5386 5076
3 5078 5079 5267
3 5153 5078 5268
3 5078 5267 5268
3 5272 5080 5079
3 5272 5079 5267
3 5081 5273 5080
3 5272 5273 5080
3 5081 5273 5224
3 5082 5083 5274
3 5082 5265 5274
3 5154 5083 5270
3 5334 5083 5270
3 5334 5083 5274
3 5085 5169 5281
3 5162 5086 5168
3 5087 5162 5277
3 5087 5223 5277
3 5173 5201 5095
3 5097 5208 5204
3 5097 5381 5208
3 5097 5381 5259
3 5098 5161 5166
3 5175 5288 5099
3 5288 5099 5289
3 5179 5101 5178
3 5179 5101 5289
3 5107 5103 5292
3 5103 5325 5233
3 5103 5325 5292
3 5291 5104 5105
3 5291 5104 5260
3 5106 5293 5105
3 5291 5293 5105
3 5106 5294 5181
3 5106 5293 5294
3 5107 5296 5235
3 5107 5295 5292
3 5107 5295 5296
3 5245 5239 5110
3 5245 5298 5110
3 5112 5195 5299
3 5112 5241 5299
3 5188 5360 5113
3 5305 5113 5190
3 5305 5360 5113
3 5116 5246 5115
3 5243 5191 5115
3 5243 5246 5115
3 5122 5116 5308
3 5116 5246 5308
3 5122 5119 5247
3 5119 5194 5247
3 5245 5239 5121
3 5122 5308 5247
3 5186 5125 5123
3 5186 5125 5240
3 5309 5125 5194
3 5309 5125 5240
3 5195 5310 5127
3 5311 5129 5128
3 5237 5128 5367
3 5311 5128 5367
3 5198 5129 5312
3 5311 5129 5312
3 5133 5249 5135
3 5133 5197 5249
3 5251 5134 5314
3 5198 5249 5135
3 5315 5256 5136
3 5314 5315 5136
3 5316 5137 5205
3 5137 5375 5207
3 5316 5137 5377
3 5137 5377 5375
3 5141 5320 5139
3 5322 5258 5139
3 5320 5322 5139
3 5141 5282 5380
3 5141 5320 5429
3 5141 5429 5380
3 5147 5326 5146
3 5325 5233 5146
3 5382 5325 5146
3 5382 5326 5146
3 5327 5263 5147
3 5327 5147 5326
3 5149 5328 5148
3 5213 5323 5148
3 5323 5329 5148
3 5328 5329 5148
3 5149 5324 5260
3 5149 5328 5324
3 5150 5264 5330
3 5150 5266 5330
3 5153 5266 5388
3 5153 5388 5268
3 5271 5154 5155
3 5271 5154 5270
3 5271 5223 5155
3 5163 5278 5158
3 5278 5158 5276
3 5160 5285 5161
3 5160 5211 5209
3 5160 5211 5286
3 5160 5285 5286
3 5285 5161 5166
3 5162 5338 5168
3 5162 5338 5277
3 5227 5163 5278
3 5164 5165 5340
3 5339 5168 5164
3 5339 5164 5340
3 5341 5165 5166
3 5341 5165 5340
3 5341 5285 5166
3 5169 5281 5167
3 5279 5342 5167
3 5343 5281 5167
3 5343 5342 5167
3 5344 5338 5168
3 5344 5339 5168
3 5259 5172 5346
3 5283 5172 5346
3 5244 5175 5288
3 5176 5353 5183
3 5176 5347 5190
3 5176 5353 5347
3 5179 5178 5181
3 5179 5348 5181
3 5179 5348 5289
3 5350 5294 5181
3 5406 5348 5181
3 5406 5350 5181
3 5353 5183 5297
3 5237 5185 5412
3 5410 5298 5185
3 5410 5185 5412
3 5188 5359 5242
3 5414 5188 5359
3 5414 5188 5360
3 5305 5347 5190
3 5243 5361 5191
3 5244 5361 5191
3 5192 5242 5363
3 5245 5192 5363
3 5309 5194 5247
3 5195 5357 5299
3 5195 5310 5357
3 5206 5197 5371
3 5197 5249 5369
3 5197 5371 5369
3 5198 5249 5425
3 5198 5425 5312
3 5374 5255 5199
3 5310 5199 5419
3 5374 5199 5419
3 5205 5208 5204
3 5316 5205 5208
3 5206 5207 5378
3 5206 5371 5378
3 5375 5207 5378
3 5316 5381 5208
3 5282 5210 5211
3 5282 5211 5286
3 5217 5384 5216
3 5220 5434 5216
3 5384 5434 5216
3 5217 5384 5323
3 5220 5219 5387
3 5332 5219 5385
3 5219 5387 5385
3 5220 5434 5387
3 5391 5271 5223
3 5393 5223 5277
3 5393 5391 5223
3 5273 5438 5224
3 5275 5224 5441
3 5438 5224 5441
3 5227 5278 5447
3 5227 5279 5398
3 5227 5447 5398
3 5229 5281 5450
3 5345 5229 5403
3 5229 5450 5403
3 5296 5235 5408
3 5235 5297 5408
3 5237 5412 5367
3 5418 5240 5301
3 5309 5418 5240
3 5241 5299 5358
3 5241 5358 5301
3 5359 5364 5242
3 5364 5242 5363
3 5243 5306 5246
3 5362 5243 5306
3 5243 5361 5467
3 5362 5243 5467
3 5244 5288 5415
3 5244 5361 5415
3 5245 5298 5363
3 5306 5366 5246
3 5366 5246 5308
3 5418 5308 5247
3 5309 5418 5247
3 5249 5421 5369
3 5249 5421 5425
3 5251 5253 5370
3 5423 5251 5314
3 5423 5251 5370
3 5255 5253 5422
3 5253 5370 5422
3 5374 5476 5255
3 5255 5477 5422
3 5476 5255 5477
3 5256 5258 5426
3 5315 5256 5426
3 5322 5258 5426
3 5381 5259 5346
3 5291 5407 5260
3 5324 5407 5260
3 5327 5263 5264
3 5327 5264 5433
3 5264 5433 5330
3 5265 5435 5274
3 5265 5386 5435
3 5266 5388 5330
3 5436 5267 5268
3 5272 5436 5267
3 5388 5492 5268
3 5436 5491 5268
3 5492 5491 5268
3 5334 5271 5270
3 5334 5271 5443
3 5391 5271 5443
3 5272 5273 5438
3 5493 5272 5436
3 5493 5272 5438
3 5440 5334 5274
3 5440 5435 5274
3 5275 5444 5276
3 5275 5444 5441
3 5278 5495 5276
3 5444 5495 5276
3 5446 5338 5277
3 5393 5446 5277
3 5278 5447 5495
3 5279 5342 5398
3 5343 5281 5450
3 5282 5286 5404
3 5282 5483 5380
3 5282 5483 5404
3 5454 5345 5283
3 5454 5283 5346
3 5402 5285 5286
3 5341 5402 5285
3 5402 5286 5404
3 5288 5455 5289
3 5288 5455 5415
3 5348 5455 5289
3 5291 5293 5407
3 5457 5295 5292
3 5457 5325 5292
3 5458 5293 5294
3 5293 5505 5407
3 5458 5293 5505
3 5459 5350 5294
3 5458 5459 5294
3 5295 5296 5507
3 5457 5295 5507
3 5296 5461 5408
3 5296 5507 5461
3 5462 5353 5297
3 5462 5297 5408
3 5298 5363 5463
3 5410 5298 5463
3 5357 5411 5299
3 5411 5299 5358
3 5358 5418 5301
3 5464 5305 5347
3 5466 5305 5360
3 5466 5464 5305
3 5362 5306 5468
3 5306 5471 5366
3 5306 5471 5468
3 5470 5366 5308
3 5469 5418 5308
3 5469 5470 5308
3 5310 5357 5419
3 5311 5312 5473
3 5311 5519 5367
3 5311 5519 5473
3 5425 5312 5473
3 5314 5315 5427
3 5423 5314 5427
3 5478 5315 5426
3 5478 5315 5427
3 5316 5480 5377
3 5316 5480 5381
3 5320 5322 5481
3 5320 5481 5429
3 5322 5481 5426
3 5384 5323 5329
3 5328 5324 5431
3 5324 5484 5407
3 5324 5484 5431
3 5382 5457 5325
3 5327 5326 5485
3 5382 5326 5485
3 5327 5433 5533
3 5327 5485 5533
3 5328 5430 5329
3 5328 5430 5431
3 5487 5384 5329
3 5487 5430 5329
3 5534 5388 5330
3 5534 5433 5330
3 5332 5489 5385
3 5332 5386 5437
3 5332 5437 5489
3 5440 5334 5443
3 5344 5449 5338
3 5446 5449 5338
3 5339 5397 5340
3 5344 5339 5397
3 5341 5448 5340
3 5397 5496 5340
3 5448 5496 5340
3 5341 5448 5402
3 5343 5497 5342
3 5545 5342 5398
3 5548 5497 5342
3 5548 5545 5342
3 5343 5497 5450
3 5344 5498 5397
3 5344 5449 5498
3 5345 5500 5403
3 5454 5345 5500
3 5381 5501 5346
3 5502 5454 5346
3 5501 5502 5346
3 5464 5353 5347
3 5504 5406 5348
3 5504 5348 5455
3 5459 5406 5350
3 5462 5464 5353
3 5357 5411 5511
3 5357 5419 5511
3 5411 5510 5358
3 5469 5358 5418
3 5469 5510 5358
3 5359 5364 5513
3 5414 5359 5513
3 5466 5414 5360
3 5361 5467 5415
3 5362 5467 5515
3 5362 5468 5516
3 5362 5515 5516
3 5364 5363 5463
3 5364 5463 5608
3 5364 5608 5513
3 5470 5366 5518
3 5471 5366 5518
3 5519 5412 5367
3 5371 5523 5369
3 5522 5421 5369
3 5522 5523 5369
3 5475 5370 5422
3 5568 5423 5370
3 5475 5370 5569
3 5568 5370 5569
3 5371 5378 5525
3 5371 5523 5525
3 5374 5521 5419
3 5374 5476 5570
3 5374 5521 5570
3 5528 5377 5375
3 5375 5378 5525
3 5528 5375 5525
3 5572 5480 5377
3 5528 5377 5618
3 5572 5377 5618
3 5554 5429 5380
3 5554 5483 5380
3 5480 5381 5501
3 5382 5457 5532
3 5576 5382 5485
3 5576 5382 5532
3 5487 5384 5434
3 5387 5535 5385
3 5579 5489 5385
3 5579 5535 5385
3 5386 5435 5437
3 5487 5434 5387
3 5487 5624 5387
3 5624 5387 5535
3 5534 5388 5492
3 5393 5391 5539
3 5391 5494 5443
3 5543 5391 5494
3 5543 5391 5539
3 5393 5446 5539
3 5550 5397 5496
3 5550 5498 5397
3 5447 5545 5398
3 5402 5499 5404
3 5448 5402 5499
3 5497 5450 5403
3 5597 5497 5403
3 5597 5500 5403
3 5483 5552 5404
3 5499 5552 5404
3 5459 5406 5603
3 5504 5555 5406
3 5555 5406 5603
3 5484 5505 5407
3 5557 5461 5408
3 5462 5605 5408
3 5557 5605 5408
3 5560 5410 5412
3 5410 5559 5463
3 5560 5410 5559
3 5411 5511 5510
3 5560 5519 5412
3 5466 5414 5562
3 5414 5562 5513
3 5455 5564 5415
3 5467 5564 5415
3 5521 5419 5511
3 5566 5421 5425
3 5566 5522 5421
3 5475 5477 5422
3 5423 5530 5427
3 5423 5651 5530
3 5568 5423 5651
3 5527 5425 5473
3 5566 5527 5425
3 5478 5426 5571
3 5481 5426 5571
3 5478 5530 5427
3 5481 5429 5573
3 5554 5429 5573
3 5574 5430 5431
3 5487 5575 5430
3 5574 5575 5430
3 5574 5484 5431
3 5433 5533 5623
3 5534 5433 5623
3 5538 5435 5437
3 5440 5584 5435
3 5538 5583 5435
3 5584 5583 5435
3 5436 5491 5625
3 5493 5436 5625
3 5538 5437 5489
3 5438 5441 5585
3 5493 5582 5438
3 5582 5438 5585
3 5440 5494 5443
3 5440 5494 5542
3 5440 5584 5542
3 5586 5444 5441
3 5441 5628 5585
3 5586 5441 5628
3 5588 5444 5495
3 5586 5588 5444
3 5446 5449 5592
3 5446 5592 5539
3 5447 5590 5495
3 5447 5545 5590
3 5596 5448 5496
3 5448 5499 5595
3 5596 5448 5595
3 5449 5498 5593
3 5449 5592 5593
3 5600 5454 5500
3 5502 5600 5454
3 5504 5455 5564
3 5457 5532 5507
3 5458 5459 5602
3 5458 5601 5505
3 5458 5601 5635
3 5458 5602 5635
3 5459 5602 5603
3 5604 5507 5461
3 5557 5604 5461
3 5462 5606 5464
3 5462 5606 5605
3 5559 5463 5608
3 5606 5466 5464
3 5466 5562 5639
3 5606 5466 5639
3 5467 5515 5564
3 5471 5468 5516
3 5469 5470 5510
3 5470 5510 5609
3 5470 5609 5518
3 5471 5516 5642
3 5610 5471 5518
3 5610 5471 5642
3 5611 5519 5473
3 5527 5612 5473
3 5613 5611 5473
3 5613 5612 5473
3 5475 5617 5477
3 5475 5569 5647
3 5475 5617 5647
3 5476 5477 5616
3 5476 5570 5616
3 5654 5477 5616
3 5617 5654 5477
3 5478 5530 5571
3 5572 5480 5501
3 5620 5481 5571
3 5620 5481 5573
3 5554 5483 5552
3 5601 5484 5505
3 5574 5601 5484
3 5576 5485 5533
3 5487 5575 5624
3 5538 5627 5489
3 5665 5579 5489
3 5665 5627 5489
3 5626 5492 5491
3 5626 5491 5625
3 5534 5623 5492
3 5623 5492 5667
3 5626 5492 5667
3 5493 5582 5625
3 5494 5587 5542
3 5543 5494 5587
3 5588 5674 5495
3 5590 5674 5495
3 5550 5596 5496
3 5548 5630 5497
3 5597 5630 5497
3 5550 5498 5593
3 5499 5552 5595
3 5597 5500 5681
3 5715 5600 5500
3 5715 5500 5681
3 5632 5501 5502
3 5572 5632 5501
3 5632 5502 5600
3 5504 5555 5564
3 5633 5532 5507
3 5604 5507 5689
3 5633 5507 5689
3 5511 5510 5609
3 5521 5643 5511
3 5511 5609 5692
3 5643 5511 5692
3 5562 5641 5513
3 5637 5608 5513
3 5693 5637 5513
3 5693 5641 5513
3 5515 5694 5516
3 5515 5564 5685
3 5515 5685 5694
3 5724 5516 5642
3 5724 5694 5516
3 5609 5692 5518
3 5610 5692 5518
3 5560 5611 5519
3 5521 5695 5570
3 5521 5643 5695
3 5648 5522 5523
3 5566 5649 5522
3 5648 5728 5522
3 5696 5649 5522
3 5696 5728 5522
3 5523 5525 5656
3 5648 5523 5656
3 5528 5525 5656
3 5566 5527 5652
3 5527 5652 5612
3 5699 5528 5618
3 5528 5731 5656
3 5699 5528 5731
3 5530 5659 5571
3 5651 5530 5659
3 5576 5663 5532
3 5663 5633 5532
3 5576 5533 5664
3 5533 5623 5664
3 5665 5579 5535
3 5704 5624 5535
3 5665 5704 5535
3 5538 5583 5627
3 5543 5629 5539
3 5592 5672 5539
3 5629 5672 5539
3 5584 5671 5542
3 5587 5671 5542
3 5543 5629 5587
3 5548 5545 5678
3 5545 5590 5678
3 5548 5630 5678
3 5550 5679 5593
3 5550 5596 5677
3 5550 5679 5677
3 5554 5680 5552
3 5680 5552 5595
3 5554 5684 5573
3 5554 5684 5680
3 5555 5564 5685
3 5687 5555 5603
3 5687 5555 5685
3 5557 5604 5690
3 5557 5720 5605
3 5557 5719 5690
3 5557 5719 5720
3 5560 5611 5559
3 5559 5637 5608
3 5611 5559 5637
3 5562 5639 5641
3 5566 5649 5652
3 5568 5569 5697
3 5568 5651 5697
3 5569 5647 5698
3 5569 5697 5698
3 5570 5616 5655
3 5695 5570 5655
3 5620 5701 5571
3 5701 5659 5571
3 5572 5618 5700
3 5572 5632 5700
3 5620 5684 5573
3 5574 5575 5660
3 5574 5601 5661
3 5574 5660 5661
3 5575 5660 5624
3 5576 5663 5664
3 5582 5709 5585
3 5736 5582 5625
3 5736 5582 5709
3 5584 5583 5670
3 5583 5627 5708
3 5583 5708 5670
3 5584 5670 5671
3 5709 5628 5585
3 5586 5588 5712
3 5586 5712 5628
3 5711 5629 5587
3 5711 5587 5671
3 5713 5588 5674
3 5713 5588 5712
3 5590 5674 5678
3 5592 5672 5593
3 5743 5672 5593
3 5743 5679 5593
3 5596 5631 5595
3 5631 5680 5595
3 5596 5631 5677
3 5597 5630 5681
3 5632 5715 5600
3 5601 5688 5635
3 5601 5702 5661
3 5601 5688 5702
3 5717 5602 5603
3 5688 5602 5635
3 5688 5717 5602
3 5687 5603 5718
3 5717 5603 5718
3 5604 5689 5690
3 5606 5720 5605
3 5606 5639 5720
3 5610 5724 5642
3 5610 5643 5692
3 5610 5643 5753
3 5610 5724 5753
3 5725 5613 5611
3 5725 5611 5637
3 5755 5613 5612
3 5756 5652 5612
3 5756 5755 5612
3 5755 5725 5613
3 5654 5616 5655
3 5730 5617 5647
3 5730 5617 5654
3 5699 5618 5700
3 5620 5701 5684
3 5623 5664 5667
3 5660 5704 5624
3 5706 5626 5625
3 5706 5625 5769
3 5736 5625 5769
3 5626 5741 5667
3 5706 5626 5739
3 5626 5741 5739
3 5665 5738 5627
3 5627 5708 5705
3 5738 5627 5705
3 5709 5712 5628
3 5714 5629 5672
3 5714 5711 5629
3 5630 5744 5678
3 5630 5779 5681
3 5804 5630 5744
3 5804 5630 5779
3 5748 5631 5677
3 5716 5631 5680
3 5716 5631 5747
3 5748 5631 5747
3 5632 5715 5700
3 5663 5633 5766
3 5782 5633 5689
3 5782 5633 5766
3 5693 5725 5637
3 5751 5639 5641
3 5787 5639 5720
3 5787 5751 5639
3 5693 5751 5641
3 5643 5695 5753
3 5730 5647 5698
3 5648 5656 5758
3 5648 5728 5758
3 5649 5652 5759
3 5696 5649 5759
3 5651 5764 5659
3 5651 5697 5764
3 5756 5652 5759
3 5654 5794 5655
3 5730 5654 5794
3 5754 5695 5655
3 5754 5794 5655
3 5795 5731 5656
3 5795 5656 5758
3 5763 5701 5659
3 5763 5764 5659
3 5660 5661 5735
3 5660 5704 5797
3 5660 5735 5797
3 5702 5661 5735
3 5663 5664 5765
3 5663 5766 5765
3 5741 5664 5667
3 5741 5664 5765
3 5665 5704 5768
3 5665 5738 5770
3 5665 5768 5770
3 5670 5671 5774
3 5708 5773 5670
3 5773 5670 5774
3 5711 5671 5774
3 5714 5743 5672
3 5778 5674 5678
3 5778 5713 5674
3 5748 5679 5677
3 5778 5744 5678
3 5743 5679 5806
3 5748 5679 5803
3 5679 5806 5803
3 5716 5684 5680
3 5715 5681 5780
3 5779 5681 5780
3 5701 5684 5796
3 5716 5684 5796
3 5687 5685 5781
3 5685 5694 5781
3 5687 5785 5718
3 5687 5785 5781
3 5688 5702 5783
3 5688 5717 5783
3 5782 5689 5690
3 5786 5719 5690
3 5782 5807 5690
3 5786 5807 5690
3 5693 5725 5788
3 5693 5751 5788
3 5724 5694 5790
3 5694 5810 5781
3 5694 5810 5790
3 5754 5695 5753
3 5696 5728 5791
3 5696 5818 5759
3 5696 5791 5818
3 5793 5697 5698
3 5793 5697 5764
3 5730 5816 5698
3 5816 5793 5698
3 5699 5780 5700
3 5795 5699 5731
3 5699 5780 5820
3 5795 5699 5820
3 5715 5780 5700
3 5763 5701 5796
3 5798 5702 5735
3 5702 5783 5823
3 5798 5702 5823
3 5704 5768 5797
3 5708 5705 5775
3 5738 5799 5705
3 5799 5705 5775
3 5706 5800 5739
3 5706 5800 5769
3 5708 5773 5775
3 5709 5712 5802
3 5736 5824 5709
3 5824 5709 5802
3 5714 5711 5774
3 5778 5713 5712
3 5850 5778 5712
3 5850 5712 5802
3 5714 5743 5777
3 5714 5777 5774
3 5716 5747 5796
3 5784 5717 5718
3 5717 5854 5783
3 5784 5717 5854
3 5784 5785 5718
3 5787 5719 5720
3 5832 5786 5719
3 5833 5787 5719
3 5832 5719 5855
3 5833 5719 5855
3 5724 5753 5789
3 5724 5789 5790
3 5755 5725 5788
3 5815 5728 5758
3 5728 5791 5817
3 5815 5728 5817
3 5842 5730 5794
3 5842 5730 5816
3 5798 5735 5797
3 5736 5824 5769
3 5738 5799 5770
3 5826 5741 5739
3 5800 5826 5739
3 5826 5741 5765
3 5743 5777 5806
3 5778 5804 5744
3 5748 5829 5747
3 5747 5821 5796
3 5829 5747 5821
3 5748 5829 5803
3 5833 5787 5751
3 5751 5788 5834
3 5833 5751 5834
3 5754 5753 5811
3 5753 5789 5811
3 5754 5814 5794
3 5754 5814 5811
3 5838 5756 5755
3 5838 5755 5788
3 5756 5818 5759
3 5756 5858 5818
3 5857 5838 5756
3 5857 5756 5858
3 5795 5815 5758
3 5763 5844 5764
3 5763 5821 5796
3 5763 5844 5821
3 5793 5764 5841
3 5844 5764 5841
3 5826 5766 5765
3 5782 5845 5766
3 5826 5845 5766
3 5768 5847 5770
3 5798 5768 5797
3 5798 5768 5847
3 5800 5846 5769
3 5863 5824 5769
3 5863 5846 5769
3 5865 5799 5770
3 5865 5847 5770
3 5773 5774 5866
3 5773 5775 5866
3 5851 5777 5774
3 5851 5774 5866
3 5864 5799 5775
3 5864 5775 5866
3 5777 5806 5893
3 5851 5777 5893
3 5778 5869 5804
3 5850 5778 5869
3 5852 5779 5780
3 5852 5804 5779
3 5852 5780 5820
3 5785 5810 5781
3 5782 5845 5807
3 5854 5783 5823
3 5784 5831 5785
3 5784 5831 5873
3 5784 5854 5873
3 5831 5785 5810
3 5832 5786 5807
3 5838 5788 5834
3 5837 5789 5790
3 5837 5789 5811
3 5837 5810 5790
3 5859 5791 5817
3 5859 5791 5818
3 5816 5793 5862
3 5793 5862 5841
3 5814 5877 5794
3 5842 5877 5794
3 5795 5815 5879
3 5795 5879 5820
3 5798 5823 5847
3 5864 5886 5799
3 5865 5886 5799
3 5800 5826 5887
3 5800 5846 5887
3 5824 5867 5802
3 5850 5867 5802
3 5870 5806 5803
3 5870 5829 5803
3 5869 5852 5804
3 5870 5806 5893
3 5832 5807 5899
3 5895 5845 5807
3 5895 5807 5899
3 5875 5831 5810
3 5875 5837 5810
3 5814 5876 5811
3 5837 5876 5811
3 5814 5877 5876
3 5878 5815 5817
3 5878 5815 5879
3 5842 5816 5910
3 5816 5910 5862
3 5880 5859 5817
3 5878 5817 5901
3 5880 5817 5901
3 5858 5859 5818
3 5869 5852 5820
3 5869 5879 5820
3 5829 5821 5871
3 5844 5821 5871
3 5823 5847 5885
3 5854 5823 5885
3 5863 5824 5867
3 5895 5826 5845
3 5895 5826 5887
3 5870 5829 5894
3 5829 5894 5871
3 5831 5873 5897
3 5875 5831 5897
3 5832 5898 5855
3 5832 5899 5898
3 5833 5834 5855
3 5857 5838 5834
3 5898 5834 5855
3 5857 5834 5907
3 5898 5834 5907
3 5875 5908 5837
3 5908 5837 5876
3 5844 5841 5871
3 5882 5862 5841
3 5882 5841 5871
3 5842 5877 5911
3 5842 5910 5911
3 5863 5903 5846
3 5903 5846 5887
3 5865 5847 5885
3 5850 5867 5890
3 5850 5869 5890
3 5851 5891 5866
3 5851 5891 5918
3 5851 5893 5918
3 5854 5873 5896
3 5916 5854 5885
3 5916 5854 5896
3 5857 5858 5907
3 5858 5859 5909
3 5858 5909 5907
3 5880 5859 5909
3 5882 5862 5912
3 5910 5862 5913
3 5862 5913 5912
3 5863 5917 5867
3 5863 5928 5903
3 5863 5917 5928
3 5864 5902 5866
3 5864 5914 5886
3 5864 5902 5914
3 5916 5865 5885
3 5916 5865 5886
3 5902 5891 5866
3 5917 5867 5890
3 5869 5924 5879
3 5869 5924 5890
3 5870 5906 5893
3 5870 5906 5894
3 5882 5894 5871
3 5873 5896 5897
3 5875 5908 5897
3 5877 5876 5922
3 5908 5876 5922
3 5877 5911 5922
3 5878 5924 5879
3 5878 5929 5901
3 5878 5924 5929
3 5880 5901 5925
3 5934 5880 5909
3 5934 5880 5925
3 5882 5906 5894
3 5882 5912 5906
3 5916 5914 5886
3 5895 5887 5899
3 5937 5887 5899
3 5937 5903 5887
3 5917 5890 5929
3 5924 5890 5929
3 5902 5891 5930
3 5891 5938 5918
3 5891 5938 5930
3 5906 5893 5918
3 5932 5896 5897
3 5916 5939 5896
3 5932 5939 5896
3 5908 5932 5897
3 5899 5931 5898
3 5931 5898 5907
3 5942 5899 5931
3 5937 5942 5899
3 5929 5901 5925
3 5902 5914 5936
3 5902 5936 5930
3 5937 5928 5903
3 5912 5906 5938
3 5906 5938 5918
3 5933 5909 5907
3 5933 5931 5907
3 5908 5932 5922
3 5934 5933 5909
3 5910 5911 5935
3 5910 5935 5913
3 5911 5935 5922
3 5913 5912 5938
3 5935 5913 5930
3 5913 5938 5930
3 5916 5914 5936
3 5916 5939 5936
3 5917 5928 5925
3 5917 5929 5925
3 5932 5935 5922
3 5934 5928 5925
3 5934 5928 5942
3 5937 5928 5942
3 5935 5936 5930
3 5933 5942 5931
3 5932 5939 5935
3 5934 5933 5942
3 5939 5935 5936
CELL_TYPES 7280
5
5
5
5
5
5
5
5
5
5
5
5
5
5
5
5
5
5
5
5
5
5
5
5
5
5
5
5
5
5
5
5
5
5
5
5
5
5
5
5
5
5
5
5
5
5
5
5
5
5
5
5
5
5
5
5
5
5
5
5
5
5
5
5
5
5
5
5
5
5
5
5
5
5
5
5
5
5
5
5
5
5
5
5
5
5
5
5
5
5
5
5
5
5
5
5
5
5
5
5
5
5
5
5
5
5
5
5
5
5
5
5
5
5
5
5
5
5
5
5
5
5
5
5
5
5
5
5
5
5
5
5
5
5
5
5
5
5
5
5
5
5
5
5
5
5
5
5
5
5
5
5
5
5
5
5
5
5
5
5
5
5
5
5
5
5
5
5
5
5
5
5
5
5
5
5
5
5
5
5
5
5
5
5
5
5
5
5
5
5
5
5
5
5
5
5
5
5
5
5
5
5
5
5
5
5
5
5
5
5
5
5
5
5
5
5
5
5
5
5
5
5
5
5
5
5
5
5
5
5
5
5
5
5
5
5
5
5
5
5
5
5
5
5
5
5
5
5
5
5
5
5
5
5
5
5
5
5
5
5
5
5
5
5
5
5
5
5
5
5
5
5
5
5
5
5
5
5
5
5
5
5
5
5
5
5
5
5
5
5
5
5
5
5
5
5
5
5
5
5
5
5
5
5
5
5
5
5
5
5
5
5
5
5
5
5
5
5
5
5
5
5
5
5
5
5
5
5
5
5
5
5
5
5
5
5
5
5
5
5
5
5
5
5
5
5
5
5
5
5
5
5
5
5
5
5
5
5
5
5
5
5
5
5
5
5
5
5
5
5
5
5
5
5
5
5
5
5
5
5
5
5
5
5
5
5
5
5
5
5
5
5
5
5
5
5
5
5
5
5
5
5
5
5
5
5
5
5
5
5
5
5
5
5
5
5
5
5
5
5
5
5
5
5
5
5
5
5
5
5
5
5
5
5
5
5
5
5
5
5
5
5
5
5
5
5
5
5
5
5
5
5
5
5
5
5
5
5
5
5
5
5
5
5
5
5
5
5
5
5
5
5
5
5
5
5
5
5
5
5
5
5
5
5
5
5
5
5
5
5
5
5
5
5
5
5
5
5
5
5
5
5
5
5
5
5
5
5
5
5
5
5
5
5
5
5
5
5
5
5
5
5
5
5
5
5
5
5
5
5
5
5
5
5
5
5
5
5
5
5
5
5
5
5
5
5
5
5
5
5
5
5
5
5
5
5
5
5
5
5
5
5
5
5
5
5
5
5
5
5
5
5
5
5
5
5
5
5
5
5
5
5
5
5
5
5
5
5
5
5
5
5
5
5
5
5
5
5
5
5
5
5
5
5
5
5
5
5
5
5
5
5
5
5
5
5
5
5
5
5
5
5
5
5
5
5
5
5
5
5
5
5
5
5
5
5
5
5
5
5
5
5
5
5
5
5
5
5
5
5
5
5
5
5
5
5
5
5
5
5
5
5
5
5
5
5
5
5
5
5
5
5
5
5
5
5
5
5
5
5
5
5
5
5
5
5
5
5
5
5
5
5
5
5
5
5
5
5
5
5
5
5
5
5
5
5
5
5
5
5
5
5
5
5
5
5
5
5
5
5
5
5
5
5
5
5
5
5
5
5
5
5
5
5
5
5
5
5
5
5
5
5
5
5
5
5
5
5
5
5
5
5
5
5
5
5
5
5
5
5
5
5
5
5
5
5
5
5
5
5
5
5
5
5
5
5
5
5
5
5
5
5
5
5
5
5
5
5
5
5
5
5
5
5
5
5
5
5
5
5
5
5
5
5
5
5
5
5
5
5
5
5
5
5
5
5
5
5
5
5
5
5
5
5
5
5
5
5
5
5
5
5
5
5
5
5
5
5
5
5
5
5
5
5
5
5
5
5
5
5
5
5
5
5
5
5
5
5
5
5
5
5
5
5
5
5
5
5
5
5
5
5
5
5
5
5
5
5
5
5
5
5
5
5
5
5
5
5
5
5
5
5
5
5
5
5
5
5
5
5
5
5
5
5
5
5
5
5
5
5
5
5
5
5
5
5
5
5
5
5
5
5
5
5
5
5
5
5
5
5
5
5
5
5
5
5
5
5
5
5
5
5
5
5
5
5
5
5
5
5
5
5
5
5
5
5
5
5
5
5
5
5
5
5
5
5
5
5
5
5
5
5
5
5
5
5
5
5
5
5
5
5
5
5
5
5
5
5
5
5
5
5
5
5
5
5
5
5
5
5
5
5
5
5
5
5
5
5
5
5
5
5
5
5
5
5
5
5
5
5
5
5
5
5
5
5
5
5
5
5
5
5
5
5
5
5
5
5
5
5
5
5
5
5
5
5
5
5
5
5
5
5
5
5
5
5
5
5
5
5
5
5
5
5
5
5
5
5
5
5
5
5
5
5
5
5
5
5
5
5
5
5
5
5
5
5
5
5
5
5
5
5
5
5
5
5
5
5
5
5
5
5
5
5
5
5
5
5
5
5
5
5
5
5
5
5
5
5
5
5
5
5
5
5
5
5
5
5
5
5
5
5
5
5
5
5
5
5
5
5
5
5
5
5
5
5
5
5
5
5
5
5
5
5
5
5
5
5
5
5
5
5
5
5
5
5
5
5
5
5
5
5
5
5
5
5
5
5
5
5
5
5
5
5
5
5
5
5
5
5
5
5
5
5
5
5
5
5
5
5
5
5
5
5
5
5
5
5
5
5
5
5
5
5
5
5
5
5
5
5
5
5
5
5
5
5
5
5
5
5
5
5
5
5
5
5
5
5
5
5
5
5
5
5
5
5
5
5
5
5
5
5
5
5
5
5
5
5
5
5
5
5
5
5
5
5
5
5
5
5
5
5
5
5
5
5
5
5
5
5
5
5
5
5
5
5
5
5
5
5
5
5
5
5
5
5
5
5
5
5
5
5
5
5
5
5
5
5
5
5
5
5
5
5
5
5
5
5
5
5
5
5
5
5
5
5
5
5
5
5
5
5
5
5
5
5
5
5
5
5
5
5
5
5
5
5
5
5
5
5
5
5
5
5
5
5
5
5
5
5
5
5
5
5
5
5
5
5
5
5
5
5
5
5
5
5
5
5
5
5
5
5
5
5
5
5
5
5
5
5
5
5
5
5
5
5
5
5
5
5
5
5
5
5
5
5
5
5
5
5
5
5
5
5
5
5
5
5
5
5
5
5
5
5
5
5
5
5
5
5
5
5
5
5
5
5
5
5
5
5
5
5
5
5
5
5
5
5
5
5
5
5
5
5
5
5
5
5
5
5
5
5
5
5
5
5
5
5
5
5
5
5
5
5
5
5
5
5
5
5
5
5
5
5
5
5
5
5
5
5
5
5
5
5
5
5
5
5
5
5
5
5
5
5
5
5
5
5
5
5
5
5
5
5
5
5
5
5
5
5
5
5
5
5
5
5
5
5
5
5
5
5
5
5
5
5
5
5
5
5
5
5
5
5
5
5
5
5
5
5
5
5
5
5
5
5
5
5
5
5
5
5
5
5
5
5
5
5
5
5
5
5
5
5
5
5
5
5
5
5
5
5
5
5
5
5
5
5
5
5
5
5
5
5
5
5
5
5
5
5
5
5
5
5
5
5
5
5
5
5
5
5
5
5
5
5
5
5
5
5
5
5
5
5
5
5
5
5
5
5
5
5
5
5
5
5
5
5
5
5
5
5
5
5
5
5
5
5
5
5
5
5
5
5
5
5
5
5
5
5
5
5
5
5
5
5
5
5
5
5
5
5
5
5
5
5
5
5
5
5
5
5
5
5
5
5
5
5
5
5
5
5
5
5
5
5
5
5
5
5
5
5
5
5
5
5
5
5
5
5
5
5
5
5
5
5
5
5
5
5
5
5
5
5
5
5
5
5
5
5
5
5
5
5
5
5
5
5
5
5
5
5
5
5
5
5
5
5
5
5
5
5
5
5
5
5
5
5
5
5
5
5
5
5
5
5
5
5
5
5
5
5
5
5
5
5
5
5
5
5
5
5
5
5
5
5
5
5
5
5
5
5
5
5
5
5
5
5
5
5
5
5
5
5
5
5
5
5
5
5
5
5
5
5
5
5
5
5
5
5
5
5
5
5
5
5
5
5
5
5
5
5
5
5
5
5
5
5
5
5
5
5
5
5
5
5
5
5
5
5
5
5
5
5
5
5
5
5
5
5
5
5
5
5
5
5
5
5
5
5
5
5
5
5
5
5
5
5
5
5
5
5
5
5
5
5
5
5
5
5
5
5
5
5
5
5
5
5
5
5
5
5
5
5
5
5
5
5
5
5
5
5
5
5
5
5
5
5
5
5
5
5
5
5
5
5
5
5
5
5
5
5
5
5
5
5
5
5
5
5
5
5
5
5
5
5
5
5
5
5
5
5
5
5
5
5
5
5
5
5
5
5
5
5
5
5
5
5
5
5
5
5
5
5
5
5
5
5
5
5
5
5
5
5
5
5
5
5
5
5
5
5
5
5
5
5
5
5
5
5
5
5
5
5
5
5
5
5
5
5
5
5
5
5
5
5
5
5
5
5
5
5
5
5
5
5
5
5
5
5
5
5
5
5
5
5
5
5
5
5
5
5
5
5
5
5
5
5
5
5
5
5
5
5
5
5
5
5
5
5
5
5
5
5
5
5
5
5
5
5
5
5
5
5
5
5
5
5
5
5
5
5
5
5
5
5
5
5
5
5
5
5
5
5
5
5
5
5
5
5
5
5
5
5
5
5
5
5
5
5
5
5
5
5
5
5
5
5
5
5
5
5
5
5
5
5
5
5
5
5
5
5
5
5
5
5
5
5
5
5
5
5
5
5
5
5
5
5
5
5
5
5
5
5
5
5
5
5
5
5
5
5
5
5
5
5
5
5
5
5
5
5
5
5
5
5
5
5
5
5
5
5
5
5
5
5
5
5
5
5
5
5
5
5
5
5
5
5
5
5
5
5
5
5
5
5
5
5
5
5
5
5
5
5
5
5
5
5
5
5
5
5
5
5
5
5
5
5
5
5
5
5
5
5
5
5
5
5
5
5
5
5
5
5
5
5
5
5
5
5
5
5
5
5
5
5
5
5
5
5
5
5
5
5
5
5
5
5
5
5
5
5
5
5
5
5
5
5
5
5
5
5
5
5
5
5
5
5
5
5
5
5
5
5
5
5
5
5
5
5
5
5
5
5
5
5
5
5
5
5
5
5
5
5
5
5
5
5
5
5
5
5
5
5
5
5
5
5
5
5
5
5
5
5
5
5
5
5
5
5
5
5
5
5
5
5
5
5
5
5
5
5
5
5
5
5
5
5
5
5
5
5
5
5
5
5
5
5
5
5
5
5
5
5
5
5
5
5
5
5
5
5
5
5
5
5
5
5
5
5
5
5
5
5
5
5
5
5
5
5
5
5
5
5
5
5
5
5
5
5
5
5
5
5
5
5
5
5
5
5
5
5
5
5
5
5
5
5
5
5
5
5
5
5
5
5
5
5
5
5
5
5
5
5
5
5
5
5
5
5
5
5
5
5
5
5
5
5
5
5
5
5
5
5
5
5
5
5
5
5
5
5
5
5
5
5
5
5
5
5
5
5
5
5
5
5
5
5
5
5
5
5
5
5
5
5
5
5
5
5
5
5
5
5
5
5
5
5
5
5
5
5
5
5
5
5
5
5
5
5
5
5
5
5
5
5
5
5
5
5
5
5
5
5
5
5
5
5
5
5
5
5
5
5
5
5
5
5
5
5
5
5
5
5
5
5
5
5
5
5
5
5
5
5
5
5
5
5
5
5
5
5
5
5
5
5
5
5
5
5
5
5
5
5
5
5
5
5
5
5
5
5
5
5
5
5
5
5
5
5
5
5
5
5
5
5
5
5
5
5
5
5
5
5
5
5
5
5
5
5
5
5
5
5
5
5
5
5
5
5
5
5
5
5
5
5
5
5
5
5
5
5
5
5
5
5
5
5
5
5
5
5
5
5
5
5
5
5
5
5
5
5
5
5
5
5
5
5
5
5
5
5
5
5
5
5
5
5
5
5
5
5
5
5
5
5
5
5
5
5
5
5
5
5
5
5
5
5
5
5
5
5
5
5
5
5
5
5
5
5
5
5
5
5
5
5
5
5
5
5
5
5
5
5
5
5
5
5
5
5
5
5
5
5
5
5
5
5
5
5
5
5
5
5
5
5
5
5
5
5
5
5
5
5
5
5
5
5
5
5
5
5
5
5
5
5
5
5
5
5
5
5
5
5
5
5
5
5
5
5
5
5
5
5
5
5
5
5
5
5
5
5
5
5
5
5
5
5
5
5
5
5
5
5
5
5
5
5
5
5
5
5
5
5
5
5
5
5
5
5
5
5
5
5
5
5
5
5
5
5
5
5
5
5
5
5
5
5
5
5
5
5
5
5
5
5
5
5
5
5
5
5
5
5
5
5
5
5
5
5
5
5
5
5
5
5
5
5
5
5
5
5
5
5
5
5
5
5
5
5
5
5
5
5
5
5
5
5
5
5
5
5
5
5
5
5
5
5
5
5
5
5
5
5
5
5
5
5
5
5
5
5
5
5
5
5
5
5
5
5
5
5
5
5
5
5
5
5
5
5
5
5
5
5
5
5
5
5
5
5
5
5
5
5
5
5
5
5
5
5
5
5
5
5
5
5
5
5
5
5
5
5
5
5
5
5
5
5
5
5
5
5
5
5
5
5
5
5
5
5
5
5
5
5
5
5
5
5
5
5
5
5
5
5
5
5
5
5
5
5
5
5
5
5
5
5
5
5
5
5
5
5
5
5
5
5
5
5
5
5
5
5
5
5
5
5
5
5
5
5
5
5
5
5
5
5
5
5
5
5
5
5
5
5
5
5
5
5
5
5
5
5
5
5
5
5
5
5
5
5
5
5
5
5
5
5
5
5
5
5
5
5
5
5
5
5
5
5
5
5
5
5
5
5
5
5
5
5
5
5
5
5
5
5
5
5
5
5
5
5
5
5
5
5
5
5
5
5
5
5
5
5
5
5
5
5
5
5
5
5
5
5
5
5
5
5
5
5
5
5
5
5
5
5
5
5
5
5
5
5
5
5
5
5
5
5
5
5
5
5
5
5
5
5
5
5
5
5
5
5
5
5
5
5
5
5
5
5
5
5
5
5
5
5
5
5
5
5
5
5
5
5
5
5
5
5
5
5
5
5
5
5
5
5
5
5
5
5
5
5
5
5
5
5
5
5
5
5
5
5
5
5
5
5
5
5
5
5
5
5
5
5
5
5
5
5
5
5
5
5
5
5
5
5
5
5
5
5
5
5
5
5
5
5
5
5
5
5
5
5
5
5
5
5
5
5
5
5
5
5
5
5
5
5
5
5
5
5
5
5
5
5
5
5
5
5
5
5
5
5
5
5
5
5
5
5
5
5
5
5
5
5
5
5
5
5
5
5
5
5
5
5
5
5
5
5
5
5
5
5
5
5
5
5
5
5
5
5
5
5
5
5
5
5
5
5
5
5
5
5
5
5
5
5
5
5
5
5
5
5
5
5
5
5
5
5
5
5
5
5
5
5
5
5
5
5
5
5
5
5
5
5
5
5
5
5
5
5
5
5
5
5
5
5
5
5
5
5
5
5
5
5
5
5
5
5
5
5
5
5
5
5
5
5
5
5
5
5
5
5
5
5
5
5
5
5
5
5
5
5
5
5
5
5
5
5
5
5
5
5
5
5
5
5
5
5
5
5
5
5
5
5
5
5
5
5
5
5
5
5
5
5
5
5
5
5
5
5
5
5
5
5
5
5
5
5
5
5
5
5
5
5
5
5
5
5
5
5
5
5
5
5
5
5
5
5
5
5
5
5
5
5
5
5
5
5
5
5
5
5
5
5
5
5
5
5
5
5
5
5
5
5
5
5
5
5
5
5
5
5
5
5
5
5
5
5
5
5
5
5
5
5
5
5
5
5
5
5
5
5
5
5
5
5
5
5
5
5
5
5
5
5
5
5
5
5
5
5
5
5
5
5
5
5
5
5
5
5
5
5
5
5
5
5
5
5
5
5
5
5
5
5
5
5
5
5
5
5
5
5
5
5
5
5
5
5
5
5
5
5
5
5
5
5
5
5
5
5
5
5
5
5
5
5
5
5
5
5
5
5
5
5
5
5
5
5
5
5
5
5
5
5
5
5
5
5
5
5
5
5
5
5
5
5
5
5
5
5
5
5
5
5
5
5
5
5
5
5
5
5
5
5
5
5
5
5
5
5
5
5
5
5
5
5
5
5
5
5
5
5
5
5
5
5
5
5
5
5
5
5
5
5
5
5
5
5
5
5
5
5
5
5
5
5
5
5
5
5
5
5
5
5
5
5
5
5
5
5
5
5
5
5
5
5
5
5
5
5
5
5
5
5
5
5
5
5
5
5
5
5
5
5
5
5
5
5
5
5
5
5
5
5
5
5
5
5
5
5
5
5
5
5
5
5
5
5
5
5
5
5
5
5
5
5
5
5
5
5
5
5
5
5
5
5
5
5
5
5
5
5
5
5
5
5
5
5
5
5
5
5
5
5
5
5
5
5
5
5
5
5
5
5
5
5
5
5
5
5
5
5
5
5
5
5
5
5
5
5
5
5
5
5
5
5
5
5
5
5
5
5
5
5
5
5
5
5
5
5
5
5
5
5
5
5
5
5
5
5
5
5
5
5
5
5
5
5
5
5
5
5
5
5
5
5
5
5
5
5
5
5
5
5
5
5
5
5
5
5
5
5
5
5
5
5
5
5
5
5
5
5
5
5
5
5
5
5
5
5
5
5
5
5
5
5
5
5
5
5
5
5
5
5
5
5
5
5
5
5
5
5
5
5
5
5
5
5
5
5
5
5
5
5
5
5
5
5
5
5
5
5
5
5
5
5
5
5
5
5
5
5
5
5
5
5
5
5
5
5
5
5
5
5
5
5
5
5
5
5
5
5
5
5
5
5
5
5
5
5
5
5
5
5
5
5
5
5
5
5
5
5
5
5
5
5
5
5
5
5
5
5
5
5
5
5
5
5
5
5
5
5
5
5
5
5
5
5
5
5
5
5
5
5
5
5
5
5
5
5
5
5
5
5
5
5
5
5
5
5
5
5
5
5
5
5
5
5
5
5
5
5
5
5
5
5
5
5
5
5
5
5
5
5
5
5
5
5
5
5
5
5
5
5
5
5
5
5
5
5
5
5
5
5
5
5
5
5
5
5
5
5
5
5
5
5
5
5
5
5
5
5
5
5
5
5
5
5
5
5
5
5
5
5
5
5
5
5
5
5
5
5
5
5
5
5
5
5
5
5
5
5
5
5
5
5
5
5
5
5
5
5
5
5
5
5
5
5
5
5
5
5
5
5
5
5
5
5
5
5
5
5
5
5
5
5
5
5
5
5
5
5
5
5
5
5
5
5
5
5
5
5
5
5
5
5
5
5
5
5
5
5
5
5
5
5
5
5
5
5
5
5
5
5
5
5
5
5
5
5
5
5
5
5
5
5
5
5
5
5
5
5
5
5
5
5
5
5
5
5
5
5
5
5
5
5
5
5
5
5
5
5
5
5
5
5
5
5
5
5
5
5
5
5
5
5
5
5
5
5
5
5
5
5
5
5
5
5
5
5
5
5
5
5
5
5
5
5
5
5
5
5
5
5
5
5
5
5
5
5
5
5
5
5
5
5
5
5
5
5
5
5
5
5
5
5
5
5
5
5
5
5
5
5
5
5
5
5
5
5
5
5
5
5
5
5
5
5
5
5
5
5
5
5
5
5
5
5
5
5
5
5
5
5
5
5
5
5
5
5
5
5
5
5
5
5
5
5
5
5
5
5
5
5
5
5
5
5
5
5
5
5
5
5
5
5
5
5
5
5
5
5
5
5
5
5
5
5
5
5
5
5
5
5
5
5
5
5
5
5
5
5
5
5
5
5
5
5
5
5
5
5
5
5
5
5
5
5
5
5
5
5
5
5
5
5
5
5
5
5
5
5
5
5
5
5
5
5
5
5
5
5
5
5
5
5
5
5
5
5
5
5
5
5
5
5
5
5
5
5
5
5
5
5
5
5
5
5
5
5
5
5
5
5
5
5
5
5
5
5
5
5
5
5
5
5
5
5
5
5
5
5
5
5
5
5
5
5
5
5
5
5
5
5
5
5
5
5
5
5
5
5
5
5
5
5
5
5
5
5
5
5
5
5
5
5
5
5
5
5
5
5
5
5
5
5
5
5
5
5
5
5
5
5
5
5
5
5
5
5
5
5
5
5
5
5
5
5
5
5
5
5
5
5
5
5
5
5
5
5
5
5
5
5
5
5
5
5
5
5
5
5
5
5
5
5
5
5
5
5
5
5
5
5
5
5
5
5
5
5
5
5
5
5
5
5
5
5
5
5
5
5
5
5
5
5
5
5
5
5
5
5
5
5
5
5
5
5
5
5
5
5
5
5
5
5
5
5
5
5
5
5
5
5
5
5
5
5
5
5
5
5
5
5
5
5
5
5
5
5
5
5
5
5
5
5
5
5
5
5
5
5
5
5
5
5
5
5
5
5
5
5
5
5
5
5
5
5
5
5
5
5
5
5
5
5
5
5
5
5
5
5
5
5
5
5
5
5
5
5
5
5
5
5
5
5
5
5
5
5
5
5
5
5
5
5
5
5
5
5
5
5
5
5
5
5
5
5
5
5
5
5
5
5
5
5
5
5
5
5
5
5
5
5
5
5
5
5
5
5
5
5
5
5
5
5
5
5
5
5
5
5
5
5
5
5
5
5
5
5
5
5
5
5
5
5
5
5
5
5
5
5
5
5
5
5
5
5
5
5
5
5
5
5
5
5
5
5
5
5
5
5
5
5
5
5
5
5
5
5
5
5
5
5
5
5
5
5
5
5
5
5
5
5
5
5
5
5
5
5
5
5
5
5
5
5
5
5
5
5
5
5
5
5
5
5
5
5
5
5
5
5
5
5
5
5
5
5
5
5
5
5
5
5
5
5
5
5
5
5
5
5
5
5
5
5
5
5
5
5
5
5
5
5
5
5
5
5
5
5
5
5
5
5
5
5
5
5
5
5
5
5
5
5
5
5
5
5
5
5
5
5
5
5
5
5
5
5
5
5
5
5
5
5
5
5
5
5
5
5
5
5
5
5
5
5
5
5
5
5
5
5
5
5
5
5
5
5
5
5
5
5
5
5
5
5
5
5
5
5
5
5
5
5
5
5
5
5
5
5
5
5
5
5
5
5
5
5
5
5
5
5
5
5
5
5
5
5
5
5
5
5
5
5
5
5
5
5
5
5
5
5
5
5
5
5
5
5
5
5
5
5
5
5
5
5
5
5
5
5
5
5
5
5
5
5
5
5
5
5
5
5
5
5
5
5
5
5
5
5
5
5
5
5
5
5
5
5
5
5
5
5
5
5
5
5
5
5
5
5
5
5
5
5
5
5
5
5
5
5
5
5
5
5
5
5
5
5
5
5
5
5
5
5
5
5
5
5
5
5
5
5
5
5
5
5
5
5
5
5
5
5
5
5
5
5
5
5
5
5
5
5
5
5
5
5
5
5
5
5
5
5
5
5
5
5
5
5
5
5
5
5
5
5
5
5
5
5
5
5
5
5
5
5
5
5
5
5
5
5
5
5
5
5
5
5
5
5
5
5
5
5
5
5
5
5
5
5
5
5
5
5
5
5
5
5
5
5
5
5
5
5
5
5
5
5
5
5
5
5
5
5
5
5
5
5
5
5
5
5
5
5
5
5
5
5
5
5
5
5
5
5
5
5
5
5
5
5
5
5
5
5
5
5
5
5
5
5
5
5
5
5
5
5
5
5
5
5
5
5
5
5
5
5
5
5
5
5
5
5
5
5
5
5
5
5
5
5
5
5
5
5
5
5
5
5
5
5
5
5
5
5
5
5
5
5
5
5
5
5
5
5
5
5
5
5
5
5
5
5
5
5
5
5
5
5
5
5
5
5
5
5
5
5
5
5
5
5
5
5
5
5
5
5
5
5
5
5
5
5
5
5
5
5
5
5
5
5
5
5
5
5
5
5
5
5
5
5
5
5
5
5
5
5
5
5
5
5
5
5
5
5
5
5
5
5
5
5
5
5
5
5
5
5
5
5
5
5
5
5
5
5
5
5
5
5
5
5
5
5
5
5
5
5
5
5
5
5
5
5
5
5
5
5
5
5
5
5
5
5
5
5
5
5
5
5
5
5
5
5
5
5
5
5
5
5
5
5
5
5
5
5
5
5
5
5
5
5
5
5
5
5
5
5
5
5
5
5
5
5
5
5
5
5
5
5
5
5
5
5
5
5
5
5
5
5
5
5
5
5
5
5
5
5
5
5
5
5
5
5
5
5
5
5
5
5
5
5
5
5
5
5
5
5
5
5
5
5
5
5
5
5
5
5
5
5
5
5
5
5
5
5
5
5
5
5
5
5
5
5
5
5
5
5
5
5
5
5
5
5
5
5
5
5
5
5
5
5
5
5
5
5
5
5
5
5
5
5
5
5
5
5
5
5
5
5
5
5
5
5
5
5
5
5
5
5
5
5
5
5
5
5
5
5
5
5
5
5
5
5
5
5
5
5
5
5
5
5
5
5
5
5
5
5
5
5
5
5
5
5
5
5
5
5
5
5
5
5
5
5
5
5
5
5
5
5
5
5
5
5
5
5
5
5
5
5
5
5
5
5
5
5
5
5
5
5
5
5
5
5
5
5
5
5
5
5
5
5
5
5
5
5
5
5
5
5
5
5
5
5
5
5
5
5
5
5
5
5
5
5
5
5
5
5
5
5
5
5
5
5
5
5
5
5
5
5
5
5
5
5
5
5
5
5
5
5
5
5
5
5
5
5
5
5
5
5
5
5
5
5
5
5
5
5
5
5
5
5
5
5
5
5
5
5
5
5
5
5
5
5
5
5
5
5
5
5
5
5
5
5
5
5
5
5
5
5
5
5
5
5
5
5
5
5
5
5
5
5
5
5
5
5
5
5
5
5
5
5
5
5
5
5
5
5
5
5
5
5
5
5
5
5
5
5
5
5
5
5
5
5
5
5
5
5
5
5
5
5
5
5
5
5
5
5
5
5
5
5
5
5
5
5
5
5
5
5
5
5
5
5
5
5
5
5
5
5
5
5
5
5
5
5
5
5
5
5
5
5
5
5
5
5
5
5
5
5
5
5
5
5
5
5
5
5
5
5
5
5
5
5
5
5
5
5
5
5
5
5
5
5
5
5
5
5
5
5
5
5
5
5
5
5
5
5
5
5
5
5
5
5
5
5
5
5
5
5
5
5
5
5
5
5
5
5
5
5
5
5
5
5
5
5
5
5
5
5
5
5
5
5
5
5
5
5
5
5
5
5
5
5
5
5
5
5
5
5
5
5
5
5
5
5
5
5
5
5
5
5
5
5
5
5
5
5
5
5
5
5
5
5
5
5
5
5
5
5
5
5
5
5
5
5
5
5
5
5
5
5
5
5
5
5
5
5
5
5
5
5
5
5
5
5
5
5
5
5
5
5
5
5
5
5
5
5
5
5
5
5
5
5
5
5
5
5
5
5
5
5
5
5
5
5
5
5
5
5
5
5
5
5
5
5
5
5
5
5
5
5
5
5
5
5
5
5
5
5
5
5
5
5
5
5
5
5
5
5
5
5
5
5
5
5
5
5
5
5
5
5
5
5
5
5
5
5
5
5
5
5
5
5
5
5
5
5
5
5
5
5
5
5
5
5
5
5
5
5
5
5
5
5
5
5
5
5
5
5
5
5
5
5
5
5
5
5
5
5
5
5
5
5
5
5
5
5
5
5
5
5
5
5
5
5
5
5
5
5
5
5
5
5
5
5
5
5
5
5
5
5
5
5
5
5
5
5
5
5
5
5
5
5
5
5
5
5
5
5
5
5
5
5
5
5
5
5
5
5
5
5
5
5
5
5
5
5
5
5
5
5
5
5
5
5
5
5
5
5
5
5
5
5
5
5
5
5
5
5
5
5
5
5
5
5
5
5
5
5
5
5
5
5
5
5
5
5
5
5
5
5
5
5
5
5
5
5
5
5
5
5
5
5
5
5
5
5
5
5
5
5
5
5
5
5
5
5
5
5
5
5
5
5
5
5
5
5
5
5
5
5
5
5
5
5
5
5
5
5
5
5
5
5
5
5
5
5
5
5
5
5
5
5
5
5
5
5
5
5
5
5
5
5
5
5
5
5
5
5
5
5
5
5
5
5
5
5
5
5
5
5
5
5
5
5
5
5
5
5
5
5
5
5
5
5
5
5
5
5
5
5
5
5
5
5
5
5
5
5
5
5
5
5
5
5
5
5
5
5
5
5
5
5
5
5
5
5
5
5
5
5
5
5
5
5
5
5
5
5
5
5
5
5
5
5
5
5
5
5
5
5
5
5
5
5
5
5
5
5
5
5
5
5
5
5
5
5
5
5
5
5
5
5
5
5
5
5
5
5
5
5
5
5
5
5
5
5
5
5
5
5
5
5
5
5
5
5
5
5
5
5
5
5
5
5
5
5
5
5
5
5
5
5
5
5
5
5
5
5
5
5
5
5
5
5
5
5
5
5
5
5
5
5
5
5
5
5
5
5
5
5
5
5
5
5
5
5
5
5
5
5
5
5
5
5
5
5
5
5
5
5
5
5
5
5
5
5
5
5
5
5
5
5
5
5
5
5
5
5
5
5
5
5
5
5
5
5
5
5
5
5
5
5
5
5
5
5
5
5
5
5
5
5
5
5
5
5
5
5
5
5
5
5
5
5
5
5
5
5
5
5
5
5
5
5
5
5
5
5
5
5
5
5
5
5
5
5
5
5
5
5
5
5
5
5
5
5
5
5
5
5
5
5
5
5
5
5
5
5
5
5
5
5
5
5
5
5
5
5
5
5
5
5
5
5
5
5
5
5
5
5
5
5
5
5
5
5
5
5
5
5
5
5
5
5
5
5
5
5
5
5
5
5
5
5
5
5
5
5
5
5
5
5
5
5
5
5
5
5
5
5
5
5
5
5
5
5
5
5
5
5
5
5
5
5
5
5
5
5
5
5
5
5
5
5
5
5
5
5
5
5
5
5
5
5
5
5
5
5
5
5
5
5
5
5
5
5
5
5
5
5
5
5
5
5
5
5
5
5
5
5
5
5
5
5
5
5
5
5
5
5
5
5
5
5
5
5
5
5
5
5
5
5
5
5
5
5
5
5
5
5
5
5
5
5
5
5
5
5
5
5
5
5
5
5
5
5
5
5
5
5
5
5
5
5
5
5
5
5
5
5
5
5
5
5
5
5
5
5
5
5
5
5
5
5
5
5
5
5
5
5
5
5
5
5
5
5
5
5
5
5
5
5
5
5
5
5
5
5
5
5
5
5
5
5
5
5
5
5
5
5
5
5
5
5
5
5
5
5
5
5
5
5
5
5
5
5
5
5
5
5
5
5
5
5
5
5
5
5
5
5
5
5
5
5
5
5
5
5
5
5
5
5
5
5
5
5
5
5
5
5
5
5
5
5
5
5
5
5
5
5
5
5
5
5
5
5
5
5
5
5
5
5
5
5
5
5
5
5
5
5
5
5
5
5
5
5
5
5
5
5
5
5
5
5
5
5
5
5
5
5
5
5
5
5
5
5
5
5
5
5
5
5
5
5
5
5
5
5
5
5
5
5
5
5
5
5
5
5
5
5
5
5
5
5
5
5
5
5
5
5
5
5
5
5
5
5
5
5
5
5
5
5
5
5
5
5
5
5
5
5
5
5
5
5
5
5
5
5
5
5
5
5
5
5
5
5
5
5
5
5
5
5
5
5
5
5
5
5
5
5
5
5
5
5
5
5
5
5
5
5
5
5
5
5
5
5
5
5
5
5
5
5
5
5
5
5
5
5
5
5
5
5
5
5
5
5
5
5
5
5
5
5
5
5
5
5
5
5
5
5
5
5
5
5
5
5
5
5
5
5
5
5
5
5
5
5
5
5
5
5
5
5
5
5
5
5
5
5
5
5
5
5
5
5
5
5
5
5
5
5
5
5
5
5
5
5
5
5
5
5
5
5
5
5
5
5
5
5
5
5
5
5
5
5
5
5
5
5
5
5
5
5
5
5
5
5
5
5
5
5
5
5
5
5
5
5
5
5
5
5
5
5
5
5
5
5
5
5
5
5
5
5
5
5
5
5
5
5
5
5
5
5
5
5
5
5
5
5
5
5
5
5
5
5
5
5
5
5
5
5
5
5
5
5
5
5
5
5
5
5
5
5
5
5
5
5
5
5
5
5
5
5
5
5
5
5
5
5
5
5
5
5
5
5
5
5
5
5
5
5
5
5
5
5
5
5
5
5
5
5
5
5
5
5
5
5
5
5
5
5
5
5
5
5
5
5
5
5
5
5
5
5
5
5
5
5
5
5
5
5
5
5
5
5
CELL_DATA 7280
SCALARS tag int 1
LOOKUP_TABLE default
10
10
10
10
10
10
10
10
10
10
10
10
10
10
10
10
10
10
10
10
10
10
10
10
10
10
10
10
10
10
10
10
10
10
30
30
30
30
30
30
30
30
30
30
10
10
10
10
10
10
10
10
10
10
10
10
10
10
10
10
10
10
10
10
30
30
30
30
30
30
10
10
10
10
10
10
30
30
30
30
30
30
10
10
10
10
10
10
30
30
30
30
30
10
10
10
30
30
30
30
30
30
10
10
30
30
30
10
10
10
10
10
10
10
10
10
10
30
30
30
10
10
10
10
10
30
30
30
30
10
10
10
10
30
30
30
30
30
30
10
10
10
10
10
10
30
30
10
10
10
10
40
40
40
30
30
30
10
10
10
10
10
30
30
30
10
10
10
10
10
10
10
10
30
30
30
10
40
40
30
30
30
10
10
30
30
30
40
30
30
10
10
10
10
10
10
10
10
30
30
30
30
10
10
30
30
30
30
10
10
10
10
30
30
40
40
30
30
30
10
10
10
10
10
10
10
30
30
30
30
30
10
10
30
10
30
30
30
30
10
10
40
30
30
30
30
40
40
40
10
10
10
10
10
10
10
10
30
10
10
30
40
10
40
40
40
40
40
40
40
40
30
30
30
30
30
10
10
30
30
30
30
40
10
10
10
30
30
30
30
30
30
30
10
10
10
10
30
30
10
10
10
30
30
30
30
30
30
30
30
30
30
10
10
10
10
10
30
30
10
40
40
30
30
30
30
30
30
30
10
10
10
10
10
10
10
10
10
10
10
30
30
10
30
30
30
10
40
40
40
40
30
10
10
10
10
10
10
10
10
10
10
30
30
30
30
30
30
30
30
40
40
40
40
40
40
40
40
40
40
40
40
40
40
30
30
30
30
30
30
30
30
10
10
10
10
10
10
30
30
30
40
40
30
30
30
30
30
30
30
30
10
10
10
10
10
10
10
10
10
10
30
30
30
30
30
30
10
10
40
40
40
30
30
30
10
10
10
10
30
30
10
10
10
10
10
10
10
30
30
10
10
10
10
30
30
10
10
30
30
30
30
10
10
10
30
30
10
10
10
30
30
30
30
30
40
40
40
10
10
10
30
10
10
10
30
30
30
30
10
40
40
40
40
40
40
40
40
40
30
30
30
30
30
30
30
10
10
10
40
40
40
40
10
10
30
30
30
30
30
30
30
30
10
30
30
30
10
30
30
10
10
10
10
10
10
30
30
30
30
30
30
30
40
40
40
40
40
40
40
40
40
40
40
40
30
30
30
30
30
30
30
10
10
40
40
40
40
30
30
10
10
10
10
10
10
10
10
10
10
30
30
10
10
10
10
10
10
10
10
10
10
10
30
30
30
30
30
30
30
30
30
30
30
30
30
30
30
30
30
10
40
10
10
40
40
10
40
40
40
40
40
40
40
40
40
30
30
30
30
30
10
40
40
30
30
30
10
30
40
30
40
40
30
30
30
30
10
10
40
40
30
30
10
10
10
10
10
10
10
10
40
10
30
30
30
30
30
30
30
30
30
30
10
10
10
10
10
10
10
10
10
10
10
30
30
30
30
30
30
30
30
30
30
30
40
40
40
40
40
40
40
40
40
40
40
40
30
30
30
30
10
10
30
30
30
30
30
40
40
40
10
10
30
30
30
30
30
40
40
40
40
40
30
30
30
30
30
10
10
10
10
10
10
10
30
10
10
10
10
10
10
10
10
10
10
10
30
30
30
30
30
30
30
30
30
10
10
30
30
30
10
40
40
10
10
40
40
40
40
40
40
30
30
30
30
30
30
30
30
30
40
40
30
30
30
30
30
10
10
10
10
30
10
30
30
10
10
10
30
30
40
40
40
40
40
40
40
40
30
10
10
10
10
10
10
10
10
10
30
30
30
30
30
30
40
40
30
30
30
30
30
30
10
10
10
30
30
30
30
30
30
10
10
10
30
30
30
30
30
30
40
40
40
40
40
40
40
40
40
40
40
30
30
30
30
30
30
30
30
30
40
40
40
40
40
10
40
40
10
10
10
10
40
40
40
30
30
30
30
30
30
30
10
10
10
10
10
10
10
10
10
10
30
30
30
10
10
10
10
10
10
10
30
30
30
30
10
10
10
30
30
30
30
30
30
30
30
30
30
40
40
40
40
40
40
40
40
40
40
40
40
40
30
30
30
30
30
10
10
10
30
30
30
40
10
10
30
30
30
30
10
30
10
10
10
10
30
10
30
30
30
10
30
30
30
30
30
30
40
10
10
40
40
40
40
40
40
40
40
30
30
30
30
30
30
30
30
40
10
30
30
10
10
10
10
10
40
40
40
40
30
30
30
30
30
30
30
30
30
30
30
10
10
10
10
10
10
30
30
30
30
30
30
10
30
30
10
10
10
10
30
30
30
30
10
10
10
30
30
30
30
40
40
30
30
40
40
40
40
30
40
40
40
40
10
10
40
40
40
40
40
10
10
10
10
30
30
40
40
40
40
30
30
30
30
30
30
10
10
10
10
30
30
30
10
10
10
10
30
30
30
10
10
10
30
30
30
10
30
30
30
10
10
10
10
10
10
10
30
30
30
30
10
40
40
40
40
40
40
40
40
40
40
30
30
30
30
30
30
30
30
30
30
30
30
10
10
10
30
30
10
10
10
40
40
40
30
30
30
30
30
30
30
40
40
10
10
30
30
30
10
10
10
10
10
10
30
30
30
30
30
30
30
30
30
30
30
10
10
40
40
40
30
40
40
40
40
40
40
40
40
30
30
30
30
10
40
40
40
40
40
10
10
10
10
30
30
30
30
30
30
30
40
40
40
30
30
30
30
30
10
10
10
10
10
10
10
10
10
10
30
30
30
30
30
30
30
30
30
30
30
30
30
30
30
30
40
40
40
40
40
40
30
30
40
40
40
40
40
40
40
30
30
30
30
10
10
10
40
40
40
40
40
40
40
30
30
30
30
30
30
30
30
40
10
10
10
10
10
10
30
30
30
10
10
30
10
10
10
10
10
10
10
10
10
10
10
10
10
30
30
30
30
30
30
30
30
30
30
40
40
40
40
40
40
40
40
30
30
30
30
30
30
30
30
30
30
10
10
30
30
10
10
10
30
10
10
40
40
40
40
40
10
10
30
30
40
10
10
30
30
30
40
40
30
30
30
30
40
40
30
30
30
30
10
10
10
10
10
30
30
30
30
30
30
30
30
10
10
10
30
10
40
40
10
40
40
40
40
30
30
30
40
40
40
40
40
40
40
40
30
30
30
40
40
40
30
30
30
30
10
10
40
40
40
40
40
30
30
30
30
30
30
30
40
40
40
40
30
30
30
30
30
10
10
10
30
30
30
10
10
10
10
10
10
30
30
30
30
30
10
10
10
10
10
30
30
30
30
30
30
30
30
30
40
40
40
40
40
40
40
40
40
40
30
30
30
30
30
30
10
10
40
10
10
10
10
40
40
40
40
30
40
40
30
30
30
30
30
30
40
40
30
30
10
10
10
10
10
30
10
10
10
30
30
30
30
30
30
10
10
10
10
10
30
30
30
30
30
30
30
30
10
10
30
30
30
30
40
40
40
40
40
40
40
40
40
40
40
40
30
30
30
30
30
40
40
40
40
40
40
30
30
10
10
30
10
10
40
40
40
30
30
40
30
30
40
40
40
40
40
30
30
30
10
30
30
10
10
10
30
30
30
30
30
10
10
10
30
30
30
30
30
30
30
30
40
40
10
40
40
40
40
30
40
40
40
40
40
40
30
30
40
40
40
40
40
40
40
30
40
40
40
30
30
30
30
40
30
30
30
10
10
10
40
10
10
40
40
40
40
40
40
30
30
40
40
30
30
30
30
30
10
10
10
30
30
30
30
30
30
30
10
10
30
30
30
30
30
30
10
10
10
10
10
10
10
10
10
10
10
10
30
10
10
10
10
10
10
10
10
10
10
30
30
10
10
10
10
30
30
30
30
40
40
40
40
30
30
30
40
40
40
40
40
40
30
30
30
40
40
30
30
10
10
10
10
10
10
30
30
30
30
30
30
40
40
40
10
40
30
30
30
40
40
30
30
10
10
10
10
10
10
10
10
30
30
10
10
30
30
30
30
30
30
30
30
30
30
30
30
30
30
40
40
40
40
40
40
40
30
40
40
40
40
40
40
40
40
30
30
30
10
30
10
10
10
10
10
40
10
10
40
40
40
40
40
40
40
40
40
30
30
30
30
30
30
30
30
10
10
10
30
30
30
10
30
30
30
30
10
10
30
30
30
30
30
10
10
10
10
10
10
30
30
30
40
40
40
40
40
40
40
40
40
30
30
30
30
30
30
40
40
30
30
30
40
40
10
10
30
30
30
40
40
30
30
40
40
30
30
40
40
30
30
30
30
30
10
10
10
10
30
30
30
30
30
10
10
10
30
30
30
10
10
10
10
10
10
10
10
30
30
30
10
10
10
10
10
10
10
10
10
10
30
30
30
30
30
40
40
40
40
40
40
40
10
30
30
30
30
30
30
30
30
40
40
40
40
40
40
40
30
30
30
40
40
40
30
30
30
30
30
40
40
40
40
40
30
30
10
10
10
30
40
40
40
40
30
30
30
30
10
10
10
10
30
30
30
30
10
30
30
30
10
10
10
10
10
10
10
10
10
10
30
30
30
30
30
30
30
30
30
30
30
40
40
40
40
40
40
40
40
30
40
40
40
40
40
40
40
40
40
40
40
40
40
30
30
30
30
30
10
10
10
10
40
40
10
30
30
30
40
40
40
40
40
40
30
30
10
10
30
30
10
10
10
10
10
10
10
10
10
30
30
10
10
20
20
20
20
20
20
10
10
10
10
10
30
30
30
10
10
30
30
40
40
30
30
30
40
40
30
30
30
40
40
40
40
40
40
40
30
30
30
30
30
40
40
30
30
40
30
30
30
40
10
10
10
30
30
30
30
10
10
40
40
10
10
10
10
30
30
30
30
40
40
40
30
40
40
30
30
40
40
30
30
30
30
30
10
10
10
10
10
30
30
10
30
30
10
10
10
10
10
10
10
10
30
30
30
30
30
30
20
20
20
20
10
10
10
20
20
20
20
20
20
20
20
20
10
30
30
40
40
30
30
40
40
40
40
30
40
40
40
30
30
40
30
40
30
30
30
30
40
40
40
40
40
40
40
40
40
40
40
40
40
40
30
30
30
10
10
10
30
30
10
10
10
30
30
30
40
40
40
40
40
40
40
40
30
30
40
30
30
30
30
30
30
10
10
10
10
10
10
10
30
30
30
30
10
30
30
30
30
10
10
10
10
10
10
10
10
10
40
40
30
30
20
20
20
20
20
30
30
20
20
20
20
20
10
40
10
10
40
40
40
10
10
10
10
10
10
10
10
30
30
40
40
40
40
40
40
40
40
30
30
30
40
40
40
40
40
30
30
30
10
10
20
20
20
20
20
20
20
20
20
20
20
20
20
20
30
30
20
20
20
20
20
20
20
20
20
20
20
20
20
20
20
20
20
40
40
40
40
40
40
40
40
40
40
30
30
30
30
30
40
40
40
10
30
30
30
30
30
10
10
10
20
20
40
40
30
30
30
30
20
20
20
20
20
20
20
20
20
20
20
20
10
10
20
20
20
20
20
20
10
30
30
30
30
30
40
40
40
40
30
30
30
30
30
40
40
40
40
40
30
30
40
40
40
30
30
30
30
30
30
30
30
40
40
30
30
30
30
20
20
10
10
10
10
10
20
20
20
20
20
20
20
30
30
30
20
20
20
40
40
40
40
40
40
40
30
30
30
30
30
40
10
10
10
10
10
30
10
10
10
10
10
10
10
10
10
30
30
30
20
20
20
20
20
30
30
30
20
20
10
10
40
20
20
20
20
10
10
10
10
40
40
30
30
30
40
40
40
40
40
40
30
30
40
40
40
40
30
30
40
40
30
30
30
30
40
40
40
40
40
40
40
40
40
40
30
30
10
10
10
10
10
10
10
20
20
20
20
20
20
30
20
20
20
20
20
20
20
10
10
10
10
30
30
20
20
20
20
20
30
40
40
40
40
40
40
40
40
40
40
40
40
40
40
40
40
40
40
30
30
30
10
10
30
30
30
30
10
10
10
10
10
30
30
30
30
30
20
20
20
20
20
20
20
20
20
20
20
20
20
30
30
30
30
30
30
10
10
10
10
20
20
40
40
40
30
30
30
20
20
20
20
20
20
20
30
20
20
10
10
10
40
40
20
20
40
40
40
20
20
10
10
10
10
30
30
30
30
30
30
10
10
30
30
30
30
30
30
30
40
40
40
40
30
30
30
30
10
10
20
20
20
20
20
20
20
20
20
20
20
20
20
20
10
40
40
30
30
40
20
20
20
30
30
30
30
10
10
30
30
30
30
20
20
20
30
30
30
10
10
10
10
10
10
20
20
20
20
20
20
20
20
30
30
20
20
30
30
30
20
20
10
10
10
10
10
10
10
30
30
10
10
10
10
10
40
40
40
40
40
30
40
40
40
40
40
40
40
40
40
40
40
40
40
40
30
30
30
30
40
40
40
40
40
40
40
30
30
40
40
30
30
10
20
20
10
10
20
30
20
20
20
20
10
10
20
20
20
20
20
40
30
20
20
20
20
20
20
40
40
40
40
40
40
30
30
30
30
30
30
30
30
10
10
30
30
20
20
40
40
40
40
40
40
30
30
20
20
20
20
40
40
40
30
30
20
20
30
30
20
20
20
20
20
20
20
20
20
20
10
10
20
20
10
10
10
30
30
40
40
40
40
40
30
30
30
30
30
30
30
30
30
30
40
40
40
40
20
20
10
10
10
10
10
20
20
20
20
20
20
20
20
20
20
20
10
10
10
10
20
20
20
20
20
20
20
20
30
40
40
40
40
40
40
40
40
40
30
30
30
10
10
10
10
10
10
10
10
20
20
20
30
30
30
30
20
20
20
20
20
20
10
30
30
30
30
10
10
40
10
40
40
10
40
40
20
40
40
30
30
20
20
30
20
20
30
20
20
20
20
10
10
40
40
40
40
40
40
20
20
20
20
20
20
30
30
30
10
10
10
10
30
30
20
20
20
20
40
40
30
30
30
40
40
40
40
40
40
40
30
40
40
40
40
40
40
40
40
30
30
30
30
10
30
30
30
40
10
10
20
20
20
20
40
40
20
20
30
30
20
20
20
30
30
30
20
20
40
40
40
40
40
30
30
30
30
30
10
10
20
20
20
20
20
20
20
20
20
30
20
20
20
20
10
10
20
40
40
30
30
30
30
20
20
20
40
40
40
40
30
30
30
30
20
20
20
20
20
20
20
10
10
10
20
20
20
10
10
10
30
10
40
40
40
40
40
40
40
30
40
40
40
40
40
30
40
40
40
40
40
30
30
30
30
40
40
40
30
30
40
40
40
30
30
30
40
40
30
40
40
10
10
20
10
10
10
10
10
10
30
20
20
20
20
10
10
20
20
10
10
20
40
40
40
40
40
40
40
40
40
30
30
30
30
30
30
30
10
10
10
10
10
10
10
30
30
30
20
20
20
20
20
20
10
10
10
40
20
20
20
40
40
20
20
20
20
40
40
40
40
30
30
30
10
10
20
20
20
20
20
20
20
20
30
30
30
30
30
20
30
30
30
10
10
20
20
20
20
20
20
20
20
20
20
10
10
10
10
40
30
20
20
20
20
20
30
30
30
40
30
30
30
30
40
40
30
30
30
30
30
30
30
40
40
30
30
20
20
20
20
20
20
20
20
20
20
10
10
20
20
10
40
40
20
20
20
30
30
20
20
20
20
20
20
20
20
40
40
40
40
30
40
40
40
40
40
30
30
30
10
10
10
20
20
20
20
30
30
30
30
30
30
30
30
30
10
10
20
20
20
20
20
30
30
20
20
20
20
20
20
20
20
20
20
20
10
10
10
40
40
40
40
40
40
30
30
30
30
30
40
40
40
40
40
40
40
30
30
40
40
40
40
40
40
40
40
40
40
40
40
30
10
10
10
20
20
20
10
20
20
20
20
20
10
10
10
40
40
20
20
20
20
20
20
20
30
30
30
20
20
20
20
20
40
40
40
20
20
40
40
40
40
40
30
30
30
20
30
30
30
30
30
30
30
30
10
10
10
20
20
20
20
20
20
20
20
20
20
30
30
30
30
20
20
20
20
10
10
10
30
40
10
10
40
40
30
30
20
20
30
20
20
20
20
10
40
20
20
20
20
40
40
30
30
30
20
20
20
20
10
10
10
20
20
20
40
20
20
20
20
20
20
10
40
40
20
20
20
40
20
20
20
40
40
30
30
40
40
40
40
40
40
40
40
30
30
40
40
40
40
40
40
40
40
40
40
20
10
10
10
20
20
30
20
20
10
10
10
20
20
20
20
30
30
30
30
40
40
40
40
40
30
30
30
30
30
40
40
10
10
10
10
30
30
30
10
10
10
10
20
20
20
10
10
10
10
20
20
30
30
30
40
40
30
30
20
20
30
30
30
30
20
20
20
20
40
40
40
20
20
20
20
10
30
40
40
40
40
40
40
40
30
30
20
20
20
40
40
40
40
30
30
40
40
30
30
30
30
30
30
30
40
40
40
30
30
30
30
30
30
30
30
10
10
10
10
20
20
20
20
20
20
20
20
10
10
10
10
20
20
40
10
20
20
20
20
30
30
20
20
20
20
20
20
20
20
40
40
40
40
40
20
20
20
20
40
40
30
20
20
20
20
20
20
20
20
10
10
10
20
20
30
20
20
20
20
20
20
30
30
20
20
20
40
40
40
40
20
20
20
20
20
20
20
20
30
20
20
20
30
20
20
20
20
20
20
10
10
10
10
40
20
20
20
40
40
40
40
20
10
10
10
10
10
10
30
30
40
30
30
20
20
20
20
20
30
30
20
20
20
20
40
30
30
40
40
40
40
40
40
40
40
40
40
40
30
30
10
10
10
10
20
20
20
20
20
20
20
10
10
10
10
10
10
40
40
40
40
40
20
20
20
20
20
20
20
40
40
40
40
40
40
40
20
20
30
40
40
30
30
30
30
30
20
20
20
20
20
20
40
30
30
10
10
10
10
10
20
20
20
30
30
10
10
10
40
40
40
20
20
20
20
20
20
20
20
20
10
40
20
20
40
40
30
30
30
20
20
20
20
20
20
20
40
40
20
20
20
40
40
40
20
40
40
40
40
20
20
20
20
20
40
40
40
40
40
40
40
40
40
30
30
30
30
40
40
40
40
40
40
40
30
30
30
30
40
40
40
40
40
40
40
40
20
20
20
10
10
20
20
30
30
20
20
20
10
10
10
40
40
20
20
20
20
30
20
20
20
20
40
40
40
40
30
30
30
20
20
20
20
30
30
10
10
10
10
20
20
20
20
20
10
10
10
10
20
20
20
20
20
20
20
20
20
20
10
10
10
40
20
20
20
20
20
20
20
20
20
10
10
10
20
20
20
20
20
10
10
10
20
20
40
40
30
30
20
20
40
10
40
10
10
10
40
40
40
40
40
40
20
20
20
20
40
40
20
30
20
20
40
40
40
20
20
30
30
40
40
40
40
40
40
40
30
30
40
40
40
40
40
40
30
30
30
30
40
30
40
40
40
10
10
10
20
20
20
20
10
40
40
40
40
20
20
20
20
30
30
30
30
30
30
30
20
20
20
20
20
20
20
20
40
40
40
40
40
40
40
30
30
30
30
30
20
20
40
40
30
30
10
10
20
20
20
10
10
20
20
20
20
20
20
20
30
30
30
30
40
40
40
40
20
20
20
20
30
30
20
20
20
30
10
20
20
20
20
20
20
20
10
10
30
20
20
20
40
30
30
20
20
30
40
40
30
30
30
40
40
30
30
30
40
30
30
30
30
30
40
40
40
30
30
30
30
30
10
10
20
20
20
20
20
20
20
20
20
20
20
20
40
10
10
40
40
40
20
20
20
20
20
20
20
20
20
40
40
40
40
20
20
20
20
20
40
40
40
40
40
30
30
20
20
20
20
10
10
20
20
10
10
20
20
10
10
10
10
30
20
20
20
20
10
10
20
20
20
20
20
20
20
20
40
40
20
20
20
40
40
40
40
10
30
30
30
30
20
20
40
40
20
20
40
40
20
20
40
40
40
40
20
40
40
40
20
20
40
40
40
40
40
40
20
20
20
40
40
30
30
40
40
40
40
30
30
30
30
40
40
40
40
30
40
40
40
40
40
40
10
10
20
10
10
20
20
30
10
10
20
20
10
40
40
20
20
20
20
40
40
40
40
40
40
20
20
20
40
40
30
30
20
20
30
30
30
30
10
10
10
20
20
20
20
20
10
10
20
20
10
20
20
20
10
10
10
20
20
30
30
20
20
20
20
20
10
20
20
20
20
20
20
20
20
20
20
20
20
40
10
40
40
40
40
40
10
20
20
20
40
40
40
40
40
40
40
20
20
20
20
20
20
20
40
40
40
30
30
30
40
40
40
40
40
30
30
30
40
40
40
40
40
40
40
40
40
40
40
20
20
20
10
10
20
20
20
20
10
30
30
30
20
20
20
20
20
20
20
20
20
40
40
40
40
20
20
40
40
40
40
40
30
30
40
40
40
40
10
10
20
20
20
20
20
10
10
10
10
10
10
20
20
20
30
30
30
20
20
40
40
20
20
20
20
20
10
10
10
20
10
10
20
20
20
40
10
10
40
40
40
30
30
20
20
20
20
20
20
20
40
20
20
20
20
30
30
30
30
40
40
40
20
20
40
40
40
40
40
40
40
40
30
40
40
40
40
40
40
30
40
30
30
40
30
30
40
10
10
10
10
10
20
20
20
20
20
10
10
20
20
20
20
20
40
40
40
40
40
40
20
20
20
20
20
20
30
30
30
30
20
20
20
40
40
40
20
20
20
20
30
30
30
20
20
20
20
30
30
30
20
20
20
20
30
20
20
30
10
10
10
10
10
10
20
10
10
40
40
10
20
20
20
20
20
20
40
40
30
30
30
30
30
30
20
20
20
20
20
40
20
20
40
40
20
20
40
40
40
40
20
20
20
40
40
20
20
20
20
20
40
30
30
30
30
30
30
30
30
30
40
40
40
40
40
40
40
40
30
30
30
30
30
40
40
40
10
10
10
20
20
10
10
20
20
20
20
20
20
10
10
10
10
40
40
40
10
20
20
20
30
20
40
40
20
20
40
40
20
40
40
40
40
40
30
30
20
40
10
20
20
20
20
20
20
10
10
20
20
20
20
10
10
20
20
40
40
20
20
20
20
10
10
20
20
40
40
20
20
20
30
20
40
40
40
40
40
40
40
40
20
20
40
20
20
40
40
40
40
40
40
40
20
20
20
20
20
40
40
40
30
30
30
40
40
40
40
30
30
40
40
40
40
10
10
20
10
10
10
20
20
20
20
20
30
30
30
30
40
40
20
20
20
20
30
30
40
40
40
40
20
20
40
40
20
20
30
40
20
20
20
20
20
20
20
10
10
10
20
10
10
20
40
40
10
40
20
20
30
30
40
40
20
20
20
20
40
40
10
10
10
40
40
40
40
30
30
20
20
20
20
40
40
40
40
20
20
20
30
40
40
30
40
30
30
30
30
30
40
40
40
40
40
40
40
40
10
10
10
20
20
20
20
20
10
10
10
10
20
10
10
10
10
40
40
40
40
40
40
20
20
20
20
20
20
20
30
30
30
20
20
20
40
40
40
20
40
40
20
20
20
30
20
20
20
20
30
30
30
30
30
20
20
20
10
10
10
10
10
10
10
10
10
40
40
20
20
20
20
20
20
20
40
10
20
20
40
40
40
20
20
20
20
30
30
30
30
20
20
20
20
30
30
20
20
20
20
20
20
40
40
40
40
40
40
40
40
40
40
40
30
30
30
20
40
40
40
30
30
40
40
30
40
40
40
20
20
20
30
30
30
30
40
40
40
40
30
30
40
40
40
40
30
10
10
10
20
20
20
20
10
10
20
20
20
20
20
10
10
20
40
40
40
10
40
40
40
20
30
30
30
40
40
20
20
40
40
20
20
40
40
20
20
40
40
30
30
30
20
20
20
20
10
10
10
10
20
20
20
20
20
20
20
40
40
40
40
40
20
20
10
10
10
20
20
20
20
20
40
20
20
40
40
40
40
40
40
20
20
40
40
20
20
20
40
40
20
20
20
20
20
20
40
40
40
40
30
30
30
40
40
40
40
40
40
30
30
30
40
40
10
10
20
40
40
20
20
20
20
20
20
20
20
40
40
40
40
20
20
20
20
20
30
30
40
40
40
40
40
20
20
20
20
20
40
40
40
20
20
30
20
40
40
40
30
10
10
10
20
20
10
10
10
20
20
10
10
10
20
40
40
40
10
20
20
20
20
20
40
20
20
20
20
20
40
40
40
40
20
30
30
30
30
20
20
40
40
20
20
40
40
40
40
40
20
40
40
40
40
40
30
40
40
40
40
40
40
10
10
10
20
20
20
20
20
20
20
10
10
10
10
10
10
10
10
10
10
10
40
10
20
20
20
20
20
20
20
20
40
20
20
20
20
30
30
30
20
20
20
20
10
10
10
10
10
10
20
20
10
10
10
10
20
20
20
10
10
20
20
20
20
20
10
10
10
40
40
20
20
10
10
10
40
40
20
20
20
20
20
20
40
40
40
40
40
40
40
20
30
30
30
30
20
20
20
20
20
20
20
20
20
30
40
20
20
40
40
40
40
30
30
40
40
40
40
40
30
30
30
20
20
10
10
10
10
10
20
20
40
40
40
40
40
40
20
20
20
20
20
20
20
40
40
40
20
20
40
40
20
20
40
40
20
20
20
40
40
20
20
20
20
20
20
20
20
20
30
30
30
30
20
10
10
20
20
20
20
20
20
20
20
40
40
40
40
40
40
40
20
20
20
20
40
40
40
40
20
20
20
40
40
40
40
40
40
40
40
40
20
20
40
40
40
40
40
20
20
40
40
40
40
40
40
40
20
20
20
20
20
30
30
30
40
40
40
40
30
30
30
40
40
40
40
40
30
40
10
10
10
20
20
20
20
10
10
10
40
40
40
20
20
20
20
20
30
30
30
30
40
40
40
20
20
20
40
40
40
40
40
20
20
20
30
30
30
30
30
40
40
40
40
40
40
10
10
10
10
20
20
10
10
10
10
10
10
10
10
10
10
10
20
20
20
20
20
20
20
20
10
10
20
20
40
20
20
20
20
20
20
20
20
40
40
40
40
40
40
40
40
40
40
40
40
10
10
10
10
20
20
20
10
10
10
10
10
10
10
10
10
10
10
10
10
40
40
40
20
20
20
20
40
40
40
40
20
20
20
20
20
20
30
20
20
20
20
20
20
20
10
10
10
10
10
10
20
20
20
20
20
20
20
20
40
40
40
40
40
10
10
20
20
20
20
10
10
40
20
20
20
20
40
40
30
40
40
40
40
40
20
40
40
40
30
30
30
20
20
20
20
20
40
40
20
40
40
30
30
40
40
40
40
40
40
30
40
40
20
20
20
20
20
10
20
20
40
40
40
40
20
20
20
20
20
20
20
20
20
20
20
40
40
20
20
40
40
40
20
40
40
40
40
40
20
20
30
30
30
30
30
40
40
20
20
20
20
10
10
10
10
10
10
10
20
20
20
20
10
10
10
40
40
20
20
20
40
20
40
40
40
20
20
40
40
40
40
40
40
40
40
30
30
20
20
20
40
40
40
20
20
40
40
20
20
20
20
40
40
40
40
40
40
30
30
30
30
40
40
20
20
20
20
10
40
40
20
20
40
40
40
40
40
40
40
40
40
40
40
20
20
20
30
20
20
20
40
40
20
20
10
20
20
20
10
10
10
10
20
20
20
20
20
20
20
20
10
10
10
10
10
20
20
40
40
40
40
20
20
20
20
40
40
20
20
20
20
40
40
40
40
40
20
20
20
40
30
40
40
40
10
10
10
10
10
20
20
20
20
20
10
10
10
40
40
10
10
40
40
40
20
20
40
40
40
20
20
20
20
20
20
20
20
40
40
20
20
20
20
20
20
20
20
20
40
20
20
20
10
10
10
10
20
20
20
20
20
40
40
40
40
40
40
20
20
20
40
40
40
40
40
40
30
30
40
40
40
40
40
40
40
40
40
40
40
40
40
40
40
40
10
10
20
10
10
20
20
20
40
40
40
40
20
20
20
20
20
20
20
20
40
40
40
40
40
20
40
40
40
30
20
20
20
40
10
10
10
10
20
20
20
10
10
10
10
10
10
20
20
20
20
20
40
40
20
20
20
40
10
40
40
40
40
40
20
40
40
40
40
40
40
20
20
20
20
20
20
20
40
20
40
40
20
20
20
20
40
40
40
40
40
40
20
20
20
20
20
20
10
10
10
10
10
10
20
20
20
20
40
40
40
20
20
40
40
40
40
40
40
40
20
40
40
40
40
40
40
20
20
20
20
40
40
20
20
10
20
20
20
10
10
10
10
10
10
20
20
20
20
20
20
20
20
10
10
20
20
40
40
40
20
20
20
20
20
40
40
40
20
20
20
20
20
20
40
40
10
40
10
10
40
40
40
40
40
40
40
20
20
20
20
20
20
20
20
20
20
20
20
40
40
40
40
20
20
40
40
10
40
10
10
20
40
40
40
40
20
20
40
40
40
40
40
40
40
40
40
40
40
20
10
10
20
20
20
40
40
20
20
20
20
20
20
40
40
40
20
20
20
40
40
20
20
20
20
40
40
20
20
20
40
40
40
20
20
40
40
40
10
10
10
10
20
20
10
10
10
10
10
20
20
20
20
20
20
20
20
40
40
40
20
20
20
40
40
40
40
40
40
40
20
20
20
20
40
40
40
40
20
20
40
40
40
10
10
10
10
20
20
20
20
20
10
10
10
10
20
20
40
40
40
40
40
40
40
40
40
40
40
40
20
20
20
20
20
40
40
20
20
20
20
20
20
10
10
10
20
40
40
40
40
40
20
20
20
10
40
40
40
20
20
20
40
40
20
20
20
20
40
40
40
40
20
20
40
40
40
20
20
20
20
20
20
40
40
20
20
20
20
10
40
40
40
40
40
40
40
20
40
40
40
40
40
40
40
20
40
40
20
20
20
40
40
10
10
10
10
20
20
20
20
20
20
40
20
20
20
10
10
40
20
20
40
40
40
40
20
20
40
40
40
40
40
10
10
40
10
20
20
40
40
40
40
20
20
40
20
20
20
40
40
40
20
20
20
20
20
40
40
20
20
40
40
40
40
40
20
20
10
20
10
10
10
10
10
20
20
20
20
20
20
20
20
40
40
40
40
40
40
40
40
20
20
20
20
40
40
40
40
40
40
40
40
20
40
40
40
10
10
20
40
40
40
40
20
20
20
20
20
20
40
40
20
20
40
20
20
40
40
20
20
20
20
20
20
10
20
20
20
40
40
40
40
20
20
20
20
40
40
40
40
40
40
40
20
40
40
20
20
20
20
20
20
20
20
20
20
20
20
20
40
40
20
20
20
20
40
40
40
40
40
40
40
40
40
40
20
20
20
40
40
40
40
40
40
40
40
40
40
20
20
20
20
20
20
20
20
20
40
40
40
40
40
40
40
40
20
20
40
40
40
40
40
20
20
20
20
40
40
40
40
20
20
20
40
40
20
20
20
40
40
40
40
40
40
20
20
40
40
40
40
40
40
40
40
20
20
20
40
40
40
40
20
20
20
20
20
20
40
40
40
20
40
20
40
20
20
20
20
20
20
40
40
40
20
40
40
20
20
20
20
40
40
40
40
20
20
20
20
20
20
20
20
20
40
40
20
20
20
20
40
40
20
40
40
40
40
20
20
40
40
40
40
40
40
20
20
20
20
40
40
40
40
40
40
40
40
20
20
40
20
40
40
40
40
20
20
40
40
40
40
40
40
40
40
20
20
20
20
20
20
40
40
40
40
20
20
20
40
40
40
40
20
20
20
20
20
40
40
40
40
40
40
40
40
20
20
40
20
20
20
40
20
20
20
40
40
40
40
40
40
40
20
20
20
20
20
40
40
20
20
20
20
40
40
40
20
40
20
20
20
40
20
40
40
40
40
20
20
20
40
40
40
40
20
20
20
20
20
20
20
40
40
40
40
40
20
20
20
40
40
40
20
20
20
40
40
40
40
40
40
40
40
40
40
20
20
20
20
20
40
20
40
40
40
40
40
20
20
40
40
40
20
20
40
40
40
40
20
20
40
40
40
20
20
20
20
40
40
20
40
20
20
20
40
40
40
40
40
20
20
40
40
20
20
20
20
20
20
40
40
40
40
20
20
20
40
40
40
40
20
20
20
20
20
20
20
40
40
40
40
40
40
40
20
20
40
20
20
40
40
40
40
40
40
20
20
20
20
40
40
40
20
20
20
40
40
40
40
40
40
20
20
20
40
40
40
40
40
40
40
40
20
20
20
20
20
20
40
40
40
20
20
20
20
20
40
40
40
40
40
40
40
40
20
20
20
20
20
40
40
20
40
40
20
20
40
20
40
40
40
40
40
40
40
40
20
20
40
20
20
20
40
20
40
20
40
